id,ticket_id,passenger_id,bag_count,bag_weight,is_priority,oversize_flag
1,710,2296,1,15.59,1,0
2,5447,2420,2,13.23,1,0
3,3673,2536,2,13.89,0,0
4,4817,2880,1,9.32,0,0
5,4376,489,1,8.52,1,0
6,1898,3245,1,18.71,1,0
7,3628,3031,2,16.44,0,0
8,3357,3831,1,13.46,0,0
9,4417,1009,2,19.04,0,0
10,2168,128,1,12.67,1,0
11,260,1014,1,14.61,0,0
12,4718,1917,1,15.1,0,0
13,3374,3197,1,16.15,1,0
14,2077,2630,1,24.05,0,0
15,3934,487,2,14.83,0,0
16,2178,1067,3,21.42,0,0
17,768,2029,1,18.1,0,0
18,531,127,3,20.51,0,0
19,1147,3841,1,17.14,0,0
20,2274,530,1,16.23,0,0
21,1794,2216,1,10.88,0,0
22,2947,1319,1,12.94,1,0
23,4609,1335,3,23.95,1,0
24,5241,2376,2,17.63,0,0
25,4720,187,2,10.7,0,0
26,5266,3042,2,17.56,0,0
27,1554,953,1,13.21,0,0
28,2973,1892,1,19.26,0,0
29,1408,3003,1,14.4,0,0
30,2109,1120,1,12.91,1,0
31,1534,2681,1,10.95,0,0
32,2063,796,1,10.5,0,0
33,1570,1838,1,14.79,0,0
34,531,127,3,12.21,1,0
35,5067,4192,2,16.9,1,0
36,1699,3816,1,14.07,1,0
37,2841,3698,2,11.51,0,0
38,5068,1799,1,13.97,1,0
39,2573,3274,1,9.08,0,0
40,2321,65,1,14.85,1,0
41,354,3332,1,7.24,0,0
42,2864,1745,1,10.72,1,0
43,4121,3951,2,10.78,0,0
44,653,3684,2,15.35,0,0
45,2273,1692,2,12.3,0,0
46,4686,2242,2,18.34,0,0
47,2495,3527,1,16.38,0,0
48,4473,3452,2,16.69,1,0
49,3108,630,1,18.07,0,0
50,5014,2882,2,20.91,0,0
51,3384,448,1,11.77,1,0
52,1589,4015,2,19.7,0,0
53,1164,791,1,14.96,0,0
54,278,708,1,19.78,1,0
55,3693,2079,1,15.25,0,0
56,1292,1556,1,13.7,0,0
57,1833,2511,1,18.24,1,0
58,2040,1055,1,13.82,0,0
59,3580,2363,3,15.03,0,0
60,366,1961,1,19.99,0,0
61,1350,2755,1,12.43,0,0
62,4342,1278,2,15.6,0,0
63,1173,3365,1,10.86,0,0
64,1167,739,1,11.17,0,0
65,1616,2557,2,15.02,0,0
66,3006,2185,2,15.81,1,0
67,1,2151,1,11.12,0,0
68,2783,2094,1,10.7,1,0
69,3071,2130,1,15.06,0,0
70,2657,3042,2,16.87,0,0
71,1559,3563,2,18.66,0,0
72,3246,1225,1,15.27,0,0
73,1531,3867,1,17.23,0,0
74,2204,3635,1,16.51,0,0
75,4604,823,2,11.11,1,0
76,3657,2876,2,10.47,1,0
77,907,2174,1,13.87,1,0
78,4168,253,1,17.41,0,0
79,586,991,3,14.93,0,0
80,2432,442,2,15.94,0,0
81,4774,1411,2,19.77,0,0
82,4177,3350,2,21.04,0,0
83,4991,2501,1,15.95,0,0
84,1979,1165,1,9.97,0,0
85,1453,3618,1,7.4,0,0
86,1324,2220,2,13.55,0,0
87,1425,1378,1,8.74,0,0
88,4093,2074,1,18.14,0,0
89,860,1663,3,14.31,0,0
90,761,3487,1,11.05,0,0
91,236,1743,1,14.74,0,0
92,1817,2470,1,13.54,0,0
93,2288,1877,1,4.15,0,0
94,3722,3198,1,12.71,0,0
95,4395,351,1,19.23,1,0
96,3908,3760,1,17.04,0,0
97,2300,3608,1,13.22,0,0
98,4884,3896,1,19.67,1,0
99,5011,987,1,9.3,0,0
100,5480,3424,2,16.29,0,0
101,1024,986,2,23.32,0,0
102,3840,375,1,13.77,1,0
103,967,2771,2,18.02,0,0
104,5081,1407,2,13.55,0,0
105,624,386,2,12.62,0,0
106,4160,1148,1,15.0,1,0
107,323,1630,2,16.28,1,0
108,4461,3251,1,7.66,1,0
109,5189,465,1,15.46,0,0
110,3641,1476,1,14.17,0,0
111,4164,1208,1,13.64,0,0
112,912,3526,1,16.36,0,0
113,3806,3662,1,18.74,0,0
114,4032,573,1,21.36,0,0
115,3585,3517,1,13.75,1,0
116,2246,1239,1,12.79,1,0
117,5493,790,2,14.77,1,0
118,3693,2079,1,13.48,0,0
119,457,538,2,14.09,1,0
120,175,1857,2,18.35,0,0
121,1170,3720,1,15.19,0,0
122,631,2735,2,10.94,1,0
123,1881,3055,2,10.55,0,0
124,1874,3462,1,10.01,0,0
125,3607,3586,1,14.03,0,0
126,305,1075,2,16.31,1,0
127,5027,2723,1,20.64,0,0
128,3902,373,2,5.39,1,0
129,27,1012,1,9.32,0,0
130,4393,3618,1,7.51,0,0
131,5138,730,1,17.24,0,0
132,3585,3517,1,11.22,0,0
133,5088,217,3,15.83,1,0
134,1147,3841,2,17.88,0,0
135,2718,3058,1,14.63,0,0
136,3134,3032,2,13.64,0,0
137,298,2897,1,16.56,1,0
138,2140,3731,1,14.82,1,0
139,2409,3086,1,12.49,1,0
140,1576,107,2,12.06,0,0
141,3655,2361,2,12.36,0,0
142,1498,3280,2,10.94,1,0
143,728,1520,1,18.18,0,0
144,4162,2690,1,10.43,0,0
145,4992,584,1,10.32,1,0
146,5361,3218,1,7.01,0,0
147,4764,808,2,17.53,0,0
148,1135,1492,3,22.48,0,0
149,5596,1694,2,13.52,0,0
150,3365,3116,1,11.7,0,0
151,466,3819,1,11.53,1,0
152,689,2110,1,14.43,0,0
153,21,962,2,14.47,0,0
154,4259,3887,1,15.48,1,0
155,1391,139,2,15.11,1,0
156,805,1675,1,18.89,0,0
157,5493,790,1,14.79,0,0
158,2141,922,1,13.9,0,0
159,3378,1735,3,13.02,0,0
160,1817,2470,1,14.98,0,0
161,1991,790,1,13.25,0,0
162,3636,3358,1,12.52,1,0
163,861,3362,1,9.72,0,0
164,4128,2141,1,10.31,0,0
165,4702,446,2,10.53,0,0
166,1073,1135,1,7.86,0,0
167,2706,1418,2,13.89,0,0
168,528,149,2,11.78,0,0
169,3318,1154,2,13.69,0,0
170,1460,2118,1,9.94,0,0
171,5459,1132,1,15.6,1,0
172,258,2917,2,13.73,1,0
173,1069,2964,1,14.16,0,0
174,3357,3831,2,14.2,1,0
175,2276,864,1,10.97,0,0
176,4783,3044,1,19.55,1,0
177,4582,258,2,12.74,0,0
178,2998,1428,1,12.28,0,0
179,5573,537,3,14.48,0,0
180,819,2772,1,14.65,0,0
181,3159,1278,2,17.66,1,0
182,3555,3415,1,9.16,0,0
183,2099,520,1,20.98,0,0
184,2228,2607,1,13.5,0,0
185,4660,304,2,15.95,0,0
186,5239,1014,1,17.68,0,0
187,3730,2167,3,23.63,0,0
188,2467,1066,1,11.3,0,0
189,164,2001,1,12.86,0,0
190,5075,635,1,14.95,1,0
191,898,2410,2,12.72,0,0
192,63,3895,1,19.61,0,0
193,5358,7,1,18.1,1,0
194,2409,3086,1,10.13,0,0
195,4044,2167,2,11.32,0,0
196,856,3788,3,21.31,1,0
197,2485,856,1,16.47,0,0
198,3913,977,1,11.48,1,0
199,2096,1588,1,15.14,1,0
200,3942,3363,1,14.91,0,0
201,4796,1045,2,7.24,1,0
202,3751,2625,2,17.52,1,0
203,266,469,1,10.31,0,0
204,2870,3723,1,13.49,0,0
205,1269,2923,1,17.24,0,0
206,5394,3217,3,10.66,0,0
207,3052,96,2,22.15,0,0
208,2318,3800,2,4.67,1,0
209,2313,3047,1,4.73,1,0
210,3657,2876,3,16.06,0,0
211,1311,1187,1,12.15,0,0
212,5360,3486,1,13.69,0,0
213,4910,1380,2,14.49,1,0
214,5387,243,1,10.59,0,0
215,1593,333,1,12.0,0,0
216,1910,1374,1,12.93,0,0
217,2317,1995,1,18.82,1,0
218,4270,4180,1,10.38,0,0
219,917,1651,2,19.52,0,0
220,3310,1122,2,10.65,0,0
221,3912,3273,1,10.59,1,0
222,4729,1247,2,23.22,1,0
223,161,332,2,15.22,0,0
224,3852,4200,2,13.05,1,0
225,5406,1685,1,9.74,0,0
226,4616,451,3,12.19,0,0
227,4581,324,1,18.92,0,0
228,1209,1138,1,11.31,0,0
229,806,2819,2,17.92,0,0
230,4773,3421,2,17.01,0,0
231,3271,3013,1,12.32,0,0
232,5367,2485,1,20.1,1,0
233,2816,1337,3,17.08,0,0
234,1864,419,1,13.74,0,0
235,2121,549,1,15.59,0,0
236,1679,715,3,9.3,0,0
237,1252,3725,2,17.21,1,0
238,812,3146,2,7.94,0,0
239,4994,2034,2,14.82,0,0
240,1679,715,2,15.83,0,0
241,458,1422,1,12.89,1,0
242,4701,1886,1,14.55,1,0
243,2264,1412,3,15.42,0,0
244,948,141,1,8.21,0,0
245,1930,850,2,14.1,0,0
246,3101,2151,1,19.89,0,0
247,990,1555,2,14.8,0,0
248,4458,1529,2,15.66,1,0
249,293,425,2,14.86,0,0
250,936,2313,1,13.25,0,0
251,3246,1225,3,14.81,0,0
252,4139,818,1,13.68,1,0
253,857,990,1,17.69,0,0
254,1671,1951,2,17.39,1,0
255,478,863,1,11.63,1,0
256,845,2587,1,10.58,0,0
257,2927,4122,1,12.89,0,0
258,3074,1937,1,15.76,0,0
259,697,322,1,11.22,0,0
260,1847,1725,1,15.72,0,0
261,1436,1004,1,10.97,0,0
262,939,160,2,18.74,0,0
263,2056,3450,1,10.8,1,0
264,3923,1820,1,11.0,0,0
265,5215,1893,3,15.07,0,0
266,5266,3042,1,7.94,0,0
267,2032,396,1,14.85,0,0
268,2809,1250,2,6.81,1,0
269,452,4045,3,13.77,1,0
270,5415,1060,2,17.47,0,0
271,4396,1413,1,15.57,0,0
272,1534,2681,1,21.63,1,0
273,795,2272,1,13.58,1,0
274,4662,62,1,18.62,0,0
275,1600,1440,1,10.82,1,0
276,4162,2690,1,14.07,1,0
277,2210,352,1,13.78,0,0
278,3712,1120,2,15.63,0,0
279,3890,3162,3,14.27,0,0
280,25,952,2,14.08,0,0
281,4184,3859,1,7.82,1,0
282,3052,96,3,23.82,1,0
283,1110,1904,1,8.39,0,0
284,569,2096,1,13.98,1,0
285,5228,3156,1,13.93,0,0
286,2531,2813,1,9.42,0,0
287,2680,846,1,12.87,0,0
288,2952,2366,4,20.7,0,0
289,752,2365,3,15.77,0,0
290,448,1417,1,12.28,0,0
291,2817,1150,2,16.77,1,0
292,3836,1712,1,19.11,1,0
293,776,1985,3,18.58,0,0
294,2848,813,2,11.24,0,0
295,3787,1381,2,22.36,1,0
296,4401,1200,2,14.59,0,0
297,3098,3707,1,12.47,0,0
298,1602,306,2,14.73,0,0
299,5415,1060,2,14.79,1,0
300,4941,5,1,13.5,0,0
301,723,1402,1,11.8,1,0
302,3572,2440,1,12.01,0,0
303,1231,3185,1,12.07,0,0
304,2872,2980,1,12.85,0,0
305,5317,247,1,14.0,0,0
306,1634,834,1,14.72,0,0
307,3117,2809,1,11.7,0,0
308,5066,3403,1,10.66,0,0
309,1831,1359,1,20.87,1,0
310,2981,1180,1,10.13,1,0
311,5324,3894,2,16.01,0,0
312,5553,3670,3,15.27,0,0
313,5212,2533,3,17.37,0,0
314,2200,3621,1,13.33,0,0
315,2144,3260,1,9.9,1,0
316,4501,422,1,12.76,0,0
317,4106,204,1,18.03,0,0
318,2214,3635,2,15.65,0,0
319,3746,1613,1,11.26,0,0
320,2522,827,1,17.6,0,0
321,1553,2303,1,15.26,1,0
322,5160,3778,2,16.68,0,0
323,4703,3708,2,15.09,0,0
324,4703,3708,2,21.07,0,0
325,4887,3462,1,12.93,0,0
326,2632,4121,1,13.43,1,0
327,5111,1192,1,16.05,0,0
328,2031,130,2,14.07,1,0
329,925,3935,1,11.56,0,0
330,1426,2444,1,10.28,0,0
331,3380,1137,1,20.47,0,0
332,1924,3326,2,17.05,0,0
333,3560,3546,1,13.01,0,0
334,5581,3513,2,17.38,0,0
335,1962,3332,1,16.98,0,0
336,4644,2,1,12.05,1,0
337,1474,2221,2,14.31,0,0
338,2770,4090,2,10.26,0,0
339,5582,3301,1,12.32,0,0
340,1659,144,1,13.51,0,0
341,3715,26,2,13.62,0,0
342,2217,654,1,16.1,1,0
343,1888,3213,1,7.33,0,0
344,2930,2224,1,12.45,0,0
345,1962,3332,3,21.15,0,0
346,339,2600,2,16.69,0,0
347,3301,859,1,13.06,0,0
348,5070,963,1,18.52,0,0
349,1617,707,1,16.28,0,0
350,4940,862,1,15.58,1,0
351,224,3649,2,14.03,1,0
352,3588,3739,3,12.35,0,0
353,5295,2976,2,14.83,1,0
354,4622,250,2,15.34,0,0
355,114,4197,1,15.53,0,0
356,137,2702,1,14.05,0,0
357,5399,2213,2,14.72,0,0
358,4517,3894,2,11.32,1,0
359,5079,2202,1,11.69,0,0
360,4698,269,1,14.74,0,0
361,195,164,1,16.55,0,0
362,5091,3084,1,19.26,0,0
363,3453,194,1,10.63,0,0
364,5194,3464,2,15.01,1,0
365,2389,811,2,16.12,0,0
366,661,2654,1,11.18,0,0
367,2241,3264,1,16.6,0,0
368,4546,1141,1,15.23,0,0
369,2526,1579,1,8.81,0,0
370,94,107,1,15.41,0,0
371,1187,490,1,6.61,0,0
372,1022,2136,2,16.72,0,0
373,210,1541,1,18.15,1,0
374,334,2044,1,15.65,0,0
375,4157,3145,3,19.82,0,0
376,4928,1415,1,12.75,0,0
377,2269,2395,1,15.33,0,0
378,2309,3113,1,15.37,0,0
379,4890,2544,2,14.17,0,0
380,1199,671,1,13.66,0,0
381,1922,634,1,7.06,0,0
382,3734,4110,3,12.13,0,0
383,1530,3687,2,18.45,0,0
384,4846,3333,1,18.63,1,0
385,5419,1158,1,18.21,0,0
386,995,3009,1,16.23,1,0
387,542,1654,1,9.58,0,0
388,4850,1761,1,16.52,0,0
389,5248,1173,2,23.44,1,0
390,4172,214,1,18.28,0,0
391,940,324,2,11.67,1,0
392,5388,1541,1,15.55,0,0
393,4594,3040,1,8.73,0,0
394,1531,3867,1,7.53,0,0
395,394,160,1,12.69,0,0
396,4646,482,2,17.38,0,0
397,3082,77,1,14.28,1,0
398,2300,3608,1,10.13,0,0
399,995,3009,1,15.31,0,0
400,4942,674,1,13.87,1,0
401,986,1911,1,12.17,0,0
402,4492,2486,2,20.59,0,0
403,4827,432,2,19.36,0,0
404,4919,1073,1,6.45,0,0
405,3799,2037,2,19.5,0,0
406,577,3316,1,10.81,0,0
407,3084,1066,1,12.09,1,0
408,3339,608,1,9.42,0,0
409,3002,46,1,10.17,1,0
410,3023,1823,1,9.42,1,0
411,5478,2833,1,12.73,1,0
412,3852,4200,1,19.51,0,0
413,673,2142,1,11.39,0,0
414,2343,1814,3,15.63,1,0
415,2357,2895,2,10.4,0,0
416,1498,3280,1,9.98,0,0
417,4134,1188,1,15.24,1,0
418,2841,3698,2,21.85,1,0
419,5399,2213,2,14.83,0,0
420,5118,377,1,10.2,0,0
421,2249,3956,1,12.22,0,0
422,5531,796,1,11.39,0,0
423,4204,1282,2,17.24,1,0
424,5319,2032,2,12.25,0,0
425,1804,2737,2,12.86,1,0
426,5326,173,2,21.9,0,0
427,4626,454,1,13.33,0,0
428,4518,4137,1,12.91,0,0
429,3084,1066,2,11.95,0,0
430,1087,235,1,8.8,0,0
431,3135,1587,1,13.95,0,0
432,3787,1381,2,16.84,0,0
433,800,1822,1,18.14,0,0
434,2122,2371,3,10.56,0,0
435,2837,721,2,11.26,0,0
436,3454,2783,1,13.71,0,0
437,1709,3031,2,16.29,0,0
438,4120,1208,2,18.68,1,0
439,2427,3750,3,22.24,1,0
440,4906,2217,2,17.37,0,0
441,1354,1778,1,6.89,0,0
442,1360,2487,1,12.79,0,0
443,882,1777,1,19.4,0,0
444,1389,4196,1,12.46,0,0
445,284,2096,3,20.18,1,0
446,3924,880,1,17.65,0,0
447,71,3411,1,13.97,0,0
448,4055,4195,4,15.42,0,0
449,1825,328,1,14.99,0,0
450,2056,3450,1,18.77,0,0
451,5397,3043,2,14.74,0,0
452,5313,221,3,19.43,1,0
453,4081,229,1,19.25,0,0
454,3139,208,2,12.65,1,0
455,1485,1838,1,14.9,0,0
456,355,2315,2,14.87,1,0
457,1322,2255,1,10.03,0,0
458,2891,2694,1,17.97,0,0
459,656,1766,3,20.32,0,0
460,475,2316,1,14.96,0,0
461,1328,3323,1,12.3,1,0
462,4621,3140,2,8.45,0,0
463,5133,2464,1,20.71,0,0
464,4837,1486,3,16.12,0,0
465,1954,3877,1,17.05,0,0
466,3834,2726,3,18.71,0,0
467,2520,2011,3,16.62,1,0
468,4432,3663,1,22.11,1,0
469,2314,2075,2,15.66,0,0
470,5270,705,2,10.39,0,0
471,4809,2868,3,16.69,0,0
472,2814,3198,1,14.84,1,0
473,4344,2578,1,18.07,1,0
474,3156,2275,1,13.65,1,0
475,3255,3277,1,10.98,0,0
476,2897,3839,2,22.11,0,0
477,3847,403,1,15.12,1,0
478,4335,4098,2,15.01,0,0
479,3628,3031,1,14.35,0,0
480,3396,3209,2,17.3,0,0
481,3519,2438,1,15.55,1,0
482,955,1387,1,7.87,0,0
483,411,439,1,13.94,0,0
484,3354,2382,2,16.13,0,0
485,5531,796,2,13.77,0,0
486,1945,29,4,19.01,0,0
487,1177,1460,2,13.4,0,0
488,5231,1537,3,18.23,1,0
489,4639,1014,2,14.06,1,0
490,2938,3636,1,12.45,0,0
491,4236,1704,2,15.22,0,0
492,5271,2917,1,7.87,0,0
493,4379,2326,1,18.12,0,0
494,3707,857,1,14.79,0,0
495,5408,2061,2,19.6,0,0
496,1995,1304,1,16.57,0,0
497,4086,3192,1,14.8,0,0
498,5348,2893,1,12.17,1,0
499,4567,2828,1,11.7,1,0
500,380,2124,1,20.78,1,0
501,4008,1978,3,12.3,1,0
502,2495,3527,1,6.2,0,0
503,1956,2449,2,10.08,0,0
504,4933,769,2,16.96,0,0
505,4839,1962,1,9.83,0,0
506,1392,3701,2,18.53,0,0
507,3921,1435,3,18.83,0,0
508,3203,3683,2,11.27,0,0
509,4007,472,1,9.07,1,0
510,3158,478,2,17.44,0,0
511,1586,4056,2,16.04,1,0
512,364,2177,2,16.99,1,0
513,5151,197,2,13.93,0,0
514,3951,2477,1,15.06,0,0
515,5355,1646,2,13.12,0,0
516,549,221,2,14.1,0,0
517,2001,1676,1,16.99,0,0
518,1582,2306,1,10.48,0,0
519,269,1025,1,14.26,0,0
520,4370,164,3,16.76,1,0
521,1649,716,3,16.23,1,0
522,3758,3284,1,12.86,1,0
523,3357,3831,1,15.61,0,0
524,1506,2416,2,14.75,0,0
525,2270,2677,1,12.32,0,0
526,3963,2298,1,10.28,0,0
527,836,348,1,16.61,0,0
528,3325,353,2,17.26,1,0
529,3861,241,2,15.29,0,0
530,1340,1543,1,15.43,0,0
531,3340,4109,1,15.35,1,0
532,5594,3186,1,13.8,0,0
533,3003,2,1,16.29,0,0
534,1288,453,1,13.6,0,0
535,3622,2170,1,18.14,0,0
536,3424,1854,1,11.43,1,0
537,5002,1970,1,14.76,1,0
538,268,2803,3,18.72,1,0
539,1967,2722,1,10.56,0,0
540,565,1839,1,10.79,0,0
541,2544,3514,1,17.99,0,0
542,1006,2158,3,16.7,0,0
543,3130,82,2,13.26,1,0
544,5350,845,2,11.62,0,0
545,1565,1056,1,10.4,0,0
546,5459,1132,1,9.71,1,0
547,2321,65,1,13.98,1,0
548,5247,2094,2,15.62,0,0
549,4595,27,2,17.75,0,0
550,427,2470,1,13.88,1,0
551,4825,2084,1,17.26,1,0
552,5141,312,1,10.93,0,0
553,5282,1924,1,16.92,0,0
554,3149,181,1,11.95,1,0
555,504,1933,1,5.5,0,0
556,219,3135,1,17.94,0,0
557,3907,2654,1,16.69,0,0
558,870,2339,2,14.07,0,0
559,5009,3893,2,18.29,0,0
560,4574,4150,2,18.39,0,0
561,146,3637,1,17.29,0,0
562,1577,1790,1,10.45,0,0
563,97,2887,1,12.38,1,0
564,4368,1993,2,17.95,0,0
565,2611,2284,1,17.79,0,0
566,595,296,2,11.96,0,0
567,4707,1229,1,11.29,0,0
568,2204,3635,1,16.24,0,0
569,4241,3581,3,19.37,1,0
570,2412,1705,2,16.67,0,0
571,2288,1877,1,12.66,0,0
572,3677,3703,1,20.35,0,0
573,3554,1131,3,20.45,0,0
574,4596,2961,2,16.65,0,0
575,1188,1913,1,10.92,0,0
576,5167,4063,2,12.82,1,0
577,3237,2178,1,16.57,0,0
578,3746,1613,2,15.58,0,0
579,2967,723,1,11.02,0,0
580,5503,202,2,15.21,0,0
581,3191,1867,1,15.98,0,0
582,1791,3665,1,17.98,1,0
583,2090,1526,1,18.38,0,0
584,1261,2269,3,17.09,0,0
585,2669,1094,2,17.6,1,0
586,926,122,1,19.33,1,0
587,4106,204,1,11.32,1,0
588,1689,2763,3,19.38,1,0
589,4468,1163,2,16.66,0,0
590,3172,2977,1,11.73,0,0
591,3237,2178,1,17.62,0,0
592,3469,1976,3,15.6,1,0
593,4446,2820,1,16.18,0,0
594,118,2599,1,13.0,0,0
595,1400,3882,1,7.68,0,0
596,915,1329,1,11.45,0,0
597,5174,1682,1,15.36,0,0
598,5227,1918,2,17.29,0,0
599,636,2615,1,7.13,0,0
600,2339,3774,1,14.47,0,0
601,2535,824,1,7.16,0,0
602,5258,832,2,17.49,0,0
603,3050,2569,2,16.21,1,0
604,1878,3928,2,16.24,0,0
605,1006,2158,2,14.14,0,0
606,1367,2697,2,16.5,0,0
607,866,154,3,10.95,1,0
608,1855,2975,3,13.55,1,0
609,43,3919,3,23.25,0,0
610,5557,3481,1,15.28,0,0
611,2501,2241,2,14.0,1,0
612,1955,945,1,16.73,0,0
613,4804,3778,1,17.82,0,0
614,2371,655,1,21.18,0,0
615,5006,47,1,14.8,0,0
616,4665,1251,2,20.56,0,0
617,1024,986,1,6.32,0,0
618,3507,2349,1,7.06,0,0
619,1279,2296,1,18.13,1,0
620,3912,3273,3,18.36,1,0
621,3613,1955,2,16.28,1,0
622,3637,1716,1,8.42,0,0
623,1885,4171,1,15.07,0,0
624,3599,1158,1,10.89,0,0
625,5264,3639,1,13.36,0,0
626,2331,2552,1,14.39,0,0
627,1418,2707,1,5.52,0,0
628,4997,1706,2,13.41,0,0
629,408,490,1,11.05,1,0
630,2815,2584,1,13.66,1,0
631,269,1025,1,12.74,0,0
632,874,3502,1,17.08,1,0
633,2683,4183,2,15.82,0,0
634,3542,385,3,24.47,1,0
635,3682,3836,2,18.85,0,0
636,1515,3072,1,15.96,1,0
637,1063,275,1,15.98,0,0
638,3467,3849,2,11.9,0,0
639,3923,1820,1,14.56,0,0
640,4595,27,2,14.55,0,0
641,1058,2455,1,16.63,0,0
642,2679,2722,1,13.86,1,0
643,1297,2746,3,7.83,0,0
644,2303,1117,1,10.93,0,0
645,355,2315,1,16.07,1,0
646,4087,2628,3,18.23,0,0
647,1735,1533,1,13.29,1,0
648,3222,2830,1,18.95,0,0
649,3453,194,1,17.51,1,0
650,2294,618,2,21.2,1,0
651,5438,165,2,18.12,0,0
652,4021,2422,3,20.65,0,0
653,3989,3204,2,13.51,0,0
654,2053,2541,1,12.19,0,0
655,2029,887,3,20.43,1,0
656,3080,1510,2,15.15,0,0
657,1475,3611,1,20.17,0,0
658,888,2481,3,15.53,0,0
659,5324,3894,2,13.89,0,0
660,3765,4048,1,13.56,0,0
661,1704,3694,1,9.99,0,0
662,2760,1132,1,13.61,0,0
663,3047,1125,2,12.24,0,0
664,2625,1545,2,18.87,1,0
665,579,886,1,14.98,0,0
666,4925,2016,1,9.1,0,0
667,2139,1365,2,16.67,1,0
668,3072,2014,2,15.5,0,0
669,3590,2852,1,15.92,0,0
670,2117,238,1,11.5,1,0
671,1310,593,1,9.42,1,0
672,3366,1802,1,14.82,0,0
673,710,2296,1,14.44,0,0
674,6,154,1,10.65,0,0
675,1133,2004,1,12.53,0,0
676,4672,1151,3,20.69,1,0
677,184,2196,2,23.34,0,0
678,1175,2009,1,9.61,0,0
679,2407,4008,1,9.65,1,0
680,4236,1704,1,16.9,0,0
681,1364,2814,2,7.82,1,0
682,3899,2336,1,12.11,0,0
683,4979,784,1,18.51,0,0
684,2978,3363,1,9.27,0,0
685,1044,2582,1,18.35,0,0
686,4567,2828,1,11.59,0,0
687,2253,171,2,12.51,0,0
688,863,1619,1,7.05,0,0
689,3865,870,1,10.34,0,0
690,3292,2173,1,15.19,0,0
691,1822,3842,1,10.26,0,0
692,3729,2949,1,13.92,0,0
693,325,251,2,13.89,0,0
694,1039,1883,2,13.54,0,0
695,1046,964,2,11.4,0,0
696,2016,3230,3,18.05,0,0
697,5294,2670,3,15.32,0,0
698,3547,3292,3,17.14,1,0
699,4586,3639,1,11.04,0,0
700,2192,1982,3,20.28,0,0
701,3960,2129,3,15.48,1,0
702,4431,282,1,11.74,0,0
703,3540,2612,1,15.87,0,0
704,3309,2307,1,10.9,0,0
705,1500,1885,1,15.62,0,0
706,1213,3884,2,11.96,1,0
707,3963,2298,2,14.89,0,0
708,1908,3704,4,16.21,0,0
709,1220,604,2,21.36,0,0
710,3191,1867,3,19.12,0,0
711,2402,1465,1,13.28,0,0
712,420,1440,1,12.17,0,0
713,3967,2877,2,19.38,0,0
714,3331,323,2,15.52,1,0
715,4711,2289,2,17.84,0,0
716,938,2339,1,16.88,0,0
717,475,2316,1,15.18,0,0
718,2874,2423,1,12.26,0,0
719,3450,2783,1,21.53,0,0
720,183,3814,2,12.81,0,0
721,3745,3557,1,9.11,0,0
722,466,3819,1,13.67,0,0
723,426,2979,2,14.82,0,0
724,4021,2422,1,12.41,0,0
725,3363,3695,2,18.66,0,0
726,3010,825,1,10.27,0,0
727,2653,2323,1,18.23,0,0
728,2677,2836,1,13.53,0,0
729,3884,2078,1,16.34,1,0
730,3310,1122,1,17.8,1,0
731,271,3889,2,16.74,1,0
732,4482,1288,1,11.24,1,0
733,2952,2366,2,14.66,0,0
734,3181,912,2,15.69,0,0
735,2038,880,2,15.98,0,0
736,4215,2654,2,9.64,1,0
737,2319,3144,1,15.76,0,0
738,2913,2351,1,12.68,0,0
739,5002,1970,1,10.48,0,0
740,2007,2625,1,3.5,1,0
741,4917,562,3,17.41,1,0
742,3833,243,2,9.11,0,0
743,2207,3424,3,16.61,0,0
744,4482,1288,1,6.28,0,0
745,713,78,1,14.37,0,0
746,3060,2995,1,17.52,0,0
747,5368,1027,1,15.89,0,0
748,4939,2814,1,20.15,0,0
749,3926,1605,3,18.22,0,0
750,1844,1179,2,19.27,0,0
751,4765,3793,4,17.92,0,0
752,5219,3586,1,15.93,1,0
753,5083,237,2,18.18,0,0
754,4229,857,1,14.06,1,0
755,647,3156,1,11.47,0,0
756,5583,2804,1,17.3,1,0
757,2312,2807,1,10.38,0,0
758,828,4087,2,16.79,0,0
759,3879,4141,1,12.75,0,0
760,5054,207,2,21.9,1,0
761,3876,1542,2,15.69,0,0
762,3295,2417,1,13.55,0,0
763,1880,504,2,11.08,0,0
764,4113,2094,3,11.41,0,0
765,1414,1513,1,16.42,1,0
766,1751,3876,2,11.82,1,0
767,3706,340,1,11.97,0,0
768,1263,1905,3,16.81,0,0
769,780,3352,2,15.15,0,0
770,4041,2550,3,22.19,0,0
771,4047,489,2,16.24,1,0
772,440,1636,1,14.99,0,0
773,5204,497,1,17.24,0,0
774,194,3710,1,17.18,1,0
775,4608,1600,3,18.11,1,0
776,2709,1197,2,18.13,1,0
777,3080,1510,2,11.84,0,0
778,2897,3839,2,11.85,1,0
779,3961,2606,1,17.5,0,0
780,197,4010,3,16.55,1,0
781,1233,349,1,14.05,0,0
782,1909,1644,2,9.46,0,0
783,2418,3175,2,6.74,0,0
784,3903,91,3,21.39,0,0
785,4165,4005,2,11.17,1,0
786,3852,4200,1,16.08,1,0
787,1464,910,3,18.49,0,0
788,3435,3242,2,11.94,0,0
789,3818,2660,1,10.68,0,0
790,4463,2815,2,9.54,1,0
791,2122,2371,3,11.48,0,0
792,2321,65,1,9.45,0,0
793,1988,3876,1,9.41,0,0
794,4207,848,2,15.45,0,0
795,2429,1396,2,8.45,1,0
796,4144,2568,1,8.38,1,0
797,1901,3980,2,20.69,0,0
798,2829,1117,2,16.32,0,0
799,5284,670,2,14.21,0,0
800,5515,1351,1,9.78,0,0
801,1055,1433,1,13.31,0,0
802,2987,2372,2,14.79,1,0
803,712,1908,1,15.23,0,0
804,1294,3467,3,18.86,0,0
805,3041,1612,3,14.35,1,0
806,2672,1325,2,14.11,1,0
807,2372,3783,2,9.32,1,0
808,4045,3155,3,18.67,1,0
809,5183,1797,1,12.98,1,0
810,3399,2495,1,15.13,0,0
811,3478,3836,3,17.88,1,0
812,3131,3218,1,14.76,1,0
813,4036,3823,1,13.06,0,0
814,1077,1601,1,6.05,0,0
815,4351,542,2,10.33,0,0
816,2151,2964,1,7.95,0,0
817,652,109,2,11.92,0,0
818,284,2096,1,19.36,1,0
819,2629,3741,1,10.91,0,0
820,508,2878,1,12.5,0,0
821,1490,2113,1,10.77,1,0
822,665,211,1,13.28,0,0
823,2434,2684,1,9.82,0,0
824,5161,1807,3,18.58,0,0
825,4253,2366,2,19.18,0,0
826,2680,846,1,12.19,0,0
827,554,3613,1,12.45,0,0
828,317,1695,2,13.71,1,0
829,5141,312,1,13.39,1,0
830,3564,951,2,10.2,0,0
831,131,5,2,12.11,0,0
832,3586,19,1,13.27,0,0
833,1536,3980,2,18.96,1,0
834,1514,4021,1,15.98,0,0
835,1609,332,3,15.94,1,0
836,2446,1640,3,13.9,0,0
837,3378,1735,1,3.5,1,0
838,4524,885,1,15.82,0,0
839,4002,132,2,14.18,0,0
840,1199,671,2,10.04,1,0
841,541,3895,1,16.11,0,0
842,4311,877,1,12.22,0,0
843,3910,1058,1,14.15,0,0
844,1423,85,1,18.12,1,0
845,2277,45,1,12.72,0,0
846,4112,3493,1,10.93,0,0
847,501,537,1,14.66,0,0
848,4782,2460,1,18.38,1,0
849,4279,4001,2,14.47,0,0
850,3552,3016,2,17.67,0,0
851,5118,377,1,14.15,1,0
852,1309,911,1,18.57,0,0
853,282,301,2,16.25,0,0
854,4584,2548,1,14.85,0,0
855,4925,2016,2,16.44,0,0
856,4134,1188,1,16.85,0,0
857,5188,3103,2,13.16,0,0
858,1613,3495,3,14.26,1,0
859,5406,1685,1,16.4,0,0
860,3027,2340,1,9.31,1,0
861,547,2086,3,19.48,0,0
862,293,425,2,12.87,0,0
863,3907,2654,2,11.58,0,0
864,17,1952,1,15.96,0,0
865,1209,1138,1,15.98,0,0
866,109,2225,2,19.64,0,0
867,897,1735,1,9.74,1,0
868,3991,2589,2,13.55,0,0
869,2206,2147,1,10.17,0,0
870,2582,3388,1,13.68,1,0
871,2933,2256,1,10.89,0,0
872,5113,74,1,16.44,0,0
873,562,188,1,7.33,0,0
874,5530,3058,2,15.43,1,0
875,1558,1940,2,16.93,0,0
876,729,281,1,16.77,0,0
877,150,864,1,16.29,0,0
878,5032,3305,1,13.28,0,0
879,2710,3101,2,11.68,0,0
880,2374,452,1,10.71,0,0
881,2502,2979,1,7.57,0,0
882,3165,391,1,16.54,0,0
883,5464,3087,2,16.3,0,0
884,4448,2251,1,13.09,1,0
885,3763,2261,1,17.08,0,0
886,3019,1519,2,13.23,1,0
887,2172,2393,1,17.27,0,0
888,3403,888,1,9.0,0,0
889,3466,190,1,16.76,0,0
890,2016,3230,3,14.53,0,0
891,3452,2845,1,7.42,0,0
892,8,1903,1,15.48,1,0
893,2383,1936,1,15.74,0,0
894,3785,1331,1,15.68,1,0
895,4397,4151,1,17.47,0,0
896,3102,213,1,14.19,0,0
897,5549,3415,2,19.09,0,0
898,918,3006,1,16.18,0,0
899,5319,2032,3,8.67,0,0
900,3169,2867,2,19.02,0,0
901,2773,589,2,13.56,0,0
902,695,141,1,13.86,0,0
903,4265,502,1,15.66,0,0
904,4045,3155,1,17.7,1,0
905,4211,1147,1,12.47,0,0
906,511,829,1,19.55,0,0
907,2543,1213,2,18.5,0,0
908,4749,2740,3,22.84,0,0
909,4173,3764,2,17.59,0,0
910,1600,1440,1,14.01,1,0
911,1122,3736,2,9.83,1,0
912,4685,2737,2,13.21,1,0
913,5294,2670,2,16.42,1,0
914,1497,3887,1,12.9,0,0
915,728,1520,1,19.26,0,0
916,739,2284,1,9.82,0,0
917,1129,3994,2,19.12,0,0
918,4515,3975,2,18.82,0,0
919,3995,4075,1,10.14,0,0
920,342,1571,1,6.4,0,0
921,188,3705,1,19.88,0,0
922,3602,1268,1,8.06,0,0
923,1166,3028,2,6.14,0,0
924,4821,2453,1,18.15,1,0
925,930,1215,1,12.91,0,0
926,4430,3013,1,12.87,0,0
927,2033,3592,1,9.15,0,0
928,4543,3989,1,13.37,0,0
929,621,348,3,17.99,0,0
930,2246,1239,1,13.23,1,0
931,2708,3711,2,9.44,0,0
932,2375,3105,1,17.19,0,0
933,3059,2918,1,13.52,0,0
934,4558,683,1,9.61,1,0
935,646,2388,2,17.69,0,0
936,2267,1938,1,6.47,0,0
937,4664,3342,1,15.26,0,0
938,973,1451,2,17.22,0,0
939,2787,2546,2,14.27,0,0
940,1981,3706,2,10.72,0,0
941,3602,1268,1,16.81,0,0
942,2922,270,2,16.48,0,0
943,992,1578,2,16.39,0,0
944,2299,1854,2,16.08,0,0
945,5121,2682,1,14.79,0,0
946,2050,3691,2,16.79,0,0
947,13,605,2,12.79,1,0
948,2261,3189,1,7.63,0,0
949,2633,3977,2,18.44,0,0
950,4290,1608,2,10.77,0,0
951,3873,3227,1,13.35,0,0
952,3793,3339,2,14.04,0,0
953,2064,3582,2,13.74,0,0
954,1886,100,1,16.2,0,0
955,4850,1761,1,13.43,0,0
956,5516,1633,1,12.0,1,0
957,589,2249,1,14.52,0,0
958,3714,1796,3,15.09,1,0
959,5497,2622,2,11.5,1,0
960,2527,717,1,12.95,0,0
961,2935,1399,1,13.56,1,0
962,4283,1091,1,9.05,0,0
963,1159,1372,2,19.79,0,0
964,1706,270,2,17.93,1,0
965,3984,2072,1,14.39,0,0
966,1526,1822,1,15.39,1,0
967,1331,1916,1,15.22,0,0
968,2021,1220,2,8.37,0,0
969,83,930,2,12.96,0,0
970,4816,3162,1,10.89,0,0
971,4656,1069,2,15.99,1,0
972,1470,403,2,12.36,0,0
973,1218,2202,1,17.67,0,0
974,3720,28,4,19.71,1,0
975,3910,1058,2,15.29,1,0
976,5148,436,1,18.61,0,0
977,1789,3777,2,13.1,0,0
978,4256,76,3,18.45,0,0
979,505,2401,1,9.07,0,0
980,3287,1332,1,10.15,1,0
981,3734,4110,1,11.34,0,0
982,5138,730,2,14.26,0,0
983,4273,155,1,7.77,0,0
984,2022,978,2,20.97,0,0
985,200,2687,1,12.7,0,0
986,2154,457,1,15.27,0,0
987,4132,311,3,21.89,1,0
988,329,1071,1,11.59,0,0
989,3406,3430,1,9.0,0,0
990,1071,396,1,16.81,0,0
991,4488,3052,1,14.82,1,0
992,3778,2482,1,19.16,1,0
993,2013,1517,1,14.37,0,0
994,3787,1381,2,19.17,0,0
995,1624,2616,1,8.75,0,0
996,3293,1767,1,19.71,1,0
997,5181,2283,1,9.68,0,0
998,4010,1689,1,9.29,0,0
999,2762,1375,1,9.57,0,0
1000,4609,1335,3,16.39,0,0
1001,2961,1070,3,19.05,0,0
1002,3634,1210,2,14.37,1,0
1003,927,3900,1,11.18,0,0
1004,5395,3323,1,16.63,0,0
1005,2171,2133,1,15.08,0,0
1006,222,16,3,21.29,0,0
1007,1331,1916,2,15.58,0,0
1008,4993,2255,3,22.78,0,0
1009,988,2711,1,15.6,0,0
1010,1145,1188,1,11.12,0,0
1011,436,3750,2,17.72,0,0
1012,763,3696,2,15.31,0,0
1013,1508,314,1,7.17,0,0
1014,1309,911,1,13.24,0,0
1015,2466,3635,1,8.77,0,0
1016,313,1471,2,14.19,0,0
1017,1432,278,1,13.11,0,0
1018,2049,2157,3,15.39,1,0
1019,3469,1976,2,11.2,0,0
1020,4339,1108,1,13.0,0,0
1021,1668,3303,1,14.16,0,0
1022,4625,385,1,10.62,1,0
1023,1977,1539,3,18.77,0,0
1024,4846,3333,2,21.08,0,0
1025,2823,60,1,14.43,0,0
1026,4409,1550,1,17.45,0,0
1027,2566,1326,1,11.29,1,0
1028,5027,2723,1,13.15,0,0
1029,1029,2586,1,12.79,0,0
1030,1509,225,1,11.87,1,0
1031,1712,3509,2,15.79,0,0
1032,1823,3412,1,14.39,0,0
1033,2071,834,1,14.17,0,0
1034,1930,850,1,21.49,1,0
1035,384,1216,1,10.25,0,0
1036,4979,784,1,7.92,0,0
1037,4438,193,2,20.85,0,0
1038,1003,680,2,14.71,0,0
1039,3571,3332,2,15.51,1,0
1040,3369,2393,1,12.45,0,0
1041,1064,1912,2,15.93,1,0
1042,2984,2472,1,11.64,0,0
1043,3164,2048,1,9.02,0,0
1044,5217,2934,1,14.95,1,0
1045,3977,1739,1,14.58,0,0
1046,882,1777,1,18.17,1,0
1047,74,3162,1,8.75,0,0
1048,567,3333,1,14.03,0,0
1049,1132,267,2,18.84,0,0
1050,1904,2610,2,14.79,0,0
1051,819,2772,1,18.94,0,0
1052,4358,196,1,23.01,1,0
1053,1498,3280,2,13.5,0,0
1054,3686,1499,3,18.08,1,0
1055,4151,3725,2,14.61,0,0
1056,3766,301,1,11.69,0,0
1057,5507,1536,1,18.4,0,0
1058,5259,2098,1,16.26,0,0
1059,800,1822,1,11.81,0,0
1060,366,1961,1,14.53,0,0
1061,142,754,1,14.72,0,0
1062,3534,949,1,17.02,0,0
1063,3947,3887,1,14.35,1,0
1064,3689,1704,1,9.01,0,0
1065,4738,351,1,8.58,0,0
1066,1480,165,2,12.35,0,0
1067,1823,3412,1,20.59,0,0
1068,2525,421,1,12.37,0,0
1069,1216,4143,1,7.51,0,0
1070,4480,1953,1,12.65,0,0
1071,3515,592,1,14.14,1,0
1072,2443,1518,2,18.64,1,0
1073,2688,1757,3,21.2,0,0
1074,1462,1409,2,23.51,0,0
1075,3054,2181,2,10.1,1,0
1076,94,107,1,10.61,0,0
1077,1065,1532,1,16.23,0,0
1078,3527,3720,2,11.97,0,0
1079,4592,3939,3,20.37,1,0
1080,4554,2669,3,11.58,0,0
1081,4255,3408,1,15.21,1,0
1082,193,4107,1,10.59,0,0
1083,1981,3706,1,8.95,0,0
1084,2192,1982,2,11.76,0,0
1085,2977,2913,1,13.22,0,0
1086,2520,2011,3,22.27,0,0
1087,442,1875,1,16.38,1,0
1088,3356,1675,1,13.85,1,0
1089,5197,157,2,15.69,0,0
1090,5529,3801,1,14.35,0,0
1091,243,2447,1,15.36,0,0
1092,3633,2273,1,15.44,0,0
1093,2563,4106,2,18.88,1,0
1094,2642,3578,1,13.77,1,0
1095,4482,1288,1,11.49,0,0
1096,805,1675,3,15.97,1,0
1097,3136,3810,1,12.48,0,0
1098,5390,1927,2,13.85,1,0
1099,3076,1329,1,13.31,1,0
1100,3438,3127,2,20.45,0,0
1101,1463,2232,1,13.31,0,0
1102,1555,1285,1,6.14,0,0
1103,1917,423,1,14.43,0,0
1104,2629,3741,1,17.16,0,0
1105,1535,3256,1,17.3,0,0
1106,2915,3878,3,17.6,0,0
1107,44,1428,1,14.83,1,0
1108,310,274,1,9.23,0,0
1109,4867,198,3,20.02,0,0
1110,2377,1827,1,13.67,0,0
1111,1910,1374,1,13.02,0,0
1112,505,2401,1,18.84,0,0
1113,2722,3275,2,17.41,0,0
1114,2703,1556,1,10.06,0,0
1115,829,1049,2,16.0,0,0
1116,1446,4072,1,11.3,1,0
1117,5113,74,1,11.5,0,0
1118,403,2405,1,20.75,0,0
1119,3283,3372,2,17.73,0,0
1120,2700,2136,2,12.26,0,0
1121,933,3815,1,12.75,1,0
1122,763,3696,1,14.65,0,0
1123,1863,283,1,16.15,0,0
1124,2164,2395,1,13.78,1,0
1125,3038,2092,2,18.0,1,0
1126,1126,2612,2,16.28,0,0
1127,1219,1993,1,17.15,0,0
1128,2358,1659,2,18.89,0,0
1129,2674,1882,1,13.22,0,0
1130,2221,2113,1,18.0,0,0
1131,4459,2802,1,9.15,0,0
1132,1328,3323,2,18.15,0,0
1133,3276,1593,2,14.21,0,0
1134,555,528,1,16.54,0,0
1135,1898,3245,1,10.37,0,0
1136,277,2181,1,13.84,0,0
1137,4599,3025,1,10.78,0,0
1138,4609,1335,2,17.36,1,0
1139,656,1766,1,13.14,0,0
1140,684,2175,3,22.42,0,0
1141,763,3696,2,13.23,0,0
1142,5236,3568,2,14.82,0,0
1143,3155,3375,1,14.74,0,0
1144,662,3607,1,6.51,0,0
1145,1760,398,3,17.36,0,0
1146,2242,44,3,23.46,0,0
1147,998,2195,1,12.55,1,0
1148,3179,1502,1,9.98,0,0
1149,3199,604,1,14.08,0,0
1150,5083,237,1,4.29,1,0
1151,4396,1413,1,13.38,1,0
1152,4744,535,1,15.33,0,0
1153,1742,2290,2,11.77,0,0
1154,5428,3950,1,11.12,1,0
1155,2434,2684,1,11.9,0,0
1156,5279,1119,2,14.81,1,0
1157,4710,2890,1,15.49,0,0
1158,5233,3210,1,14.02,0,0
1159,2619,2591,1,6.63,0,0
1160,1502,2336,1,7.08,1,0
1161,2759,161,1,8.9,0,0
1162,2734,3598,2,17.91,0,0
1163,505,2401,1,9.99,0,0
1164,598,214,1,10.9,0,0
1165,5127,1162,2,14.23,0,0
1166,736,1837,3,12.17,0,0
1167,824,3734,1,16.4,0,0
1168,5184,4105,1,9.37,1,0
1169,681,2244,1,14.33,0,0
1170,2663,350,1,10.68,0,0
1171,2568,4140,1,16.05,0,0
1172,5385,3813,1,12.78,1,0
1173,3884,2078,1,15.11,0,0
1174,2373,2417,1,14.17,1,0
1175,261,4073,1,11.07,0,0
1176,1882,653,1,14.22,1,0
1177,2398,3196,1,13.47,0,0
1178,1429,1122,3,12.94,0,0
1179,3498,17,1,9.58,0,0
1180,3534,949,1,10.62,0,0
1181,5057,4121,1,17.55,0,0
1182,4820,1144,1,14.16,0,0
1183,1512,1874,1,16.5,0,0
1184,1714,2008,1,10.75,1,0
1185,3540,2612,2,11.78,0,0
1186,2323,1974,1,11.26,1,0
1187,360,473,1,19.79,0,0
1188,5355,1646,3,17.48,0,0
1189,405,1069,1,17.76,0,0
1190,1506,2416,2,9.95,1,0
1191,2919,3139,1,10.28,0,0
1192,2306,3315,1,19.49,0,0
1193,5312,2401,2,19.18,1,0
1194,5260,2425,1,9.66,0,0
1195,4934,4152,1,9.57,0,0
1196,4688,3474,3,13.3,0,0
1197,3549,1075,2,18.59,0,0
1198,1133,2004,3,25.42,0,0
1199,2222,4029,1,18.73,0,0
1200,3696,1325,1,9.65,0,0
1201,2192,1982,1,14.39,0,0
1202,2707,148,1,19.18,0,0
1203,2384,3702,1,20.66,0,0
1204,3582,1230,2,17.15,0,0
1205,2413,2989,1,14.71,0,0
1206,3054,2181,1,9.81,0,0
1207,259,308,2,15.07,0,0
1208,1901,3980,2,13.89,0,0
1209,1420,3636,1,10.13,0,0
1210,4931,2019,1,17.27,0,0
1211,3953,178,1,19.25,0,0
1212,2526,1579,1,13.82,0,0
1213,3314,2839,1,16.56,0,0
1214,455,4044,1,11.76,1,0
1215,5118,377,1,18.24,1,0
1216,2969,3930,2,18.12,0,0
1217,3159,1278,1,16.19,0,0
1218,3776,3570,2,18.86,1,0
1219,2133,1865,2,17.22,0,0
1220,5279,1119,1,16.13,0,0
1221,5177,3060,1,5.22,0,0
1222,78,1335,2,20.43,0,0
1223,3524,3909,1,19.55,0,0
1224,2361,1777,1,18.3,0,0
1225,3236,1265,1,13.9,0,0
1226,2778,2757,1,16.0,0,0
1227,2626,1115,1,15.11,0,0
1228,1254,1584,2,10.84,0,0
1229,545,1169,1,8.57,0,0
1230,841,2438,1,10.05,0,0
1231,1619,3436,3,21.2,0,0
1232,2607,2430,2,15.53,0,0
1233,4970,4135,1,18.92,1,0
1234,522,803,1,12.98,1,0
1235,3199,604,1,7.29,1,0
1236,610,1612,1,15.45,0,0
1237,315,1680,1,10.61,0,0
1238,4000,70,2,13.79,1,0
1239,1869,986,2,17.45,1,0
1240,3056,3940,2,17.35,0,0
1241,3131,3218,2,15.34,0,0
1242,4290,1608,2,20.79,0,0
1243,968,1889,1,19.38,0,0
1244,2937,812,1,14.94,1,0
1245,914,829,1,8.92,0,0
1246,987,3289,4,20.62,0,0
1247,2017,3174,1,14.37,0,0
1248,1349,3058,1,10.32,0,0
1249,4236,1704,1,10.68,0,0
1250,2525,421,1,13.09,1,0
1251,1658,1585,2,11.33,0,0
1252,4252,3848,1,15.88,0,0
1253,1204,3213,1,14.05,0,0
1254,3487,1063,2,14.05,1,0
1255,4327,496,2,12.51,1,0
1256,3142,598,1,15.87,0,0
1257,3600,476,3,19.23,0,0
1258,356,277,2,13.17,0,0
1259,4500,3867,1,13.23,0,0
1260,273,828,1,14.75,1,0
1261,2861,2161,1,12.55,0,0
1262,5196,172,1,14.88,0,0
1263,4625,385,2,10.21,0,0
1264,2106,1897,1,8.67,0,0
1265,3699,1582,1,20.12,0,0
1266,66,2467,1,19.7,0,0
1267,2862,3673,2,16.66,0,0
1268,5430,1100,2,10.97,0,0
1269,658,1980,1,13.71,0,0
1270,1910,1374,1,13.0,0,0
1271,4123,1751,1,18.92,0,0
1272,2095,3544,1,10.61,0,0
1273,4222,2692,1,16.03,0,0
1274,740,642,1,10.99,0,0
1275,5266,3042,2,13.85,0,0
1276,3558,2749,2,13.72,0,0
1277,2855,1814,2,16.12,0,0
1278,3803,717,1,10.42,1,0
1279,4674,222,2,17.25,0,0
1280,1088,905,2,16.96,0,0
1281,3086,768,3,19.12,0,0
1282,4513,79,1,13.55,0,0
1283,1708,3712,1,19.66,0,0
1284,1650,1267,1,16.1,0,0
1285,4689,368,2,15.79,0,0
1286,33,2733,1,17.08,0,0
1287,1323,1204,1,12.08,0,0
1288,1306,331,1,10.22,1,0
1289,853,1140,1,12.01,0,0
1290,404,3613,1,11.15,0,0
1291,2807,1975,1,9.29,0,0
1292,4756,1856,1,19.24,0,0
1293,3400,2861,1,19.03,0,0
1294,1060,303,1,12.33,1,0
1295,2189,1231,2,13.11,0,0
1296,4888,204,2,15.28,0,0
1297,519,2047,1,14.41,0,0
1298,1257,39,1,12.24,0,0
1299,101,1680,1,14.87,1,0
1300,1447,1752,1,9.19,0,0
1301,1543,466,1,10.39,0,0
1302,2799,2405,1,12.96,1,0
1303,5402,925,1,10.84,0,0
1304,3594,3345,1,16.78,0,0
1305,193,4107,1,16.85,0,0
1306,4426,347,1,13.66,0,0
1307,4109,3593,2,13.35,0,0
1308,2184,2814,1,11.84,0,0
1309,4164,1208,1,14.54,0,0
1310,3843,3242,2,15.6,0,0
1311,2559,3522,2,13.24,0,0
1312,611,3743,1,15.57,1,0
1313,871,4106,1,23.29,0,0
1314,2955,512,1,13.49,0,0
1315,4003,2781,2,13.34,1,0
1316,5540,3768,3,15.37,0,0
1317,1719,1969,2,12.09,1,0
1318,1064,1912,1,11.45,1,0
1319,1893,1775,3,15.01,0,0
1320,4305,2074,1,10.09,0,0
1321,5063,1629,2,17.22,1,0
1322,3463,2110,2,16.02,0,0
1323,5550,1033,1,12.29,1,0
1324,651,3977,3,18.39,0,0
1325,3821,4120,2,17.16,0,0
1326,1706,270,2,14.3,0,0
1327,165,3053,1,12.53,0,0
1328,1986,3640,1,15.25,0,0
1329,5325,593,2,22.12,0,0
1330,1185,3151,2,11.94,0,0
1331,5529,3801,1,11.04,1,0
1332,1389,4196,2,14.13,1,0
1333,3708,1083,1,13.7,1,0
1334,1712,3509,1,16.48,0,0
1335,5423,14,1,13.67,0,0
1336,1116,736,2,18.5,0,0
1337,4936,794,1,15.76,0,0
1338,3429,1821,1,9.41,1,0
1339,5288,3876,1,5.87,0,0
1340,1175,2009,3,17.98,0,0
1341,3521,3322,1,12.08,0,0
1342,1236,3474,3,17.9,1,0
1343,852,3977,2,18.12,1,0
1344,754,1648,1,13.3,0,0
1345,2533,1846,1,12.8,0,0
1346,5104,1002,2,14.05,0,0
1347,5446,1615,1,17.86,1,0
1348,3567,2603,1,16.63,0,0
1349,3051,2393,1,15.54,0,0
1350,4309,1550,1,12.0,1,0
1351,4081,229,2,10.31,0,0
1352,5495,2459,1,17.58,1,0
1353,5344,272,1,12.72,0,0
1354,302,2939,2,12.96,1,0
1355,5457,2684,2,14.27,1,0
1356,2183,2147,1,13.48,0,0
1357,186,2025,1,20.84,1,0
1358,4040,2520,1,13.43,0,0
1359,3141,1319,2,21.43,0,0
1360,4906,2217,1,14.26,0,0
1361,5170,2454,1,14.33,1,0
1362,5001,1906,1,8.83,0,0
1363,1593,333,1,16.03,0,0
1364,5228,3156,3,10.26,1,0
1365,206,1450,1,16.91,0,0
1366,2577,3003,2,14.47,0,0
1367,664,2034,1,18.78,0,0
1368,5351,923,2,18.42,1,0
1369,64,1154,2,14.91,0,0
1370,115,2382,1,12.6,1,0
1371,449,1591,3,19.66,1,0
1372,3503,3428,2,18.6,1,0
1373,3865,870,1,6.1,0,0
1374,3414,3919,2,9.34,0,0
1375,2542,420,1,15.67,1,0
1376,4805,2184,3,24.9,0,0
1377,251,3046,1,9.52,0,0
1378,5021,2749,1,13.87,0,0
1379,1529,1309,1,14.74,1,0
1380,1816,135,1,12.76,0,0
1381,2701,3922,2,19.29,1,0
1382,3507,2349,2,16.36,0,0
1383,4714,1173,1,14.17,1,0
1384,4059,3668,3,16.8,0,0
1385,3133,2908,3,18.97,1,0
1386,2933,2256,1,15.35,0,0
1387,4646,482,1,19.86,1,0
1388,3230,873,2,15.07,0,0
1389,2726,2044,1,10.74,1,0
1390,554,3613,1,10.31,0,0
1391,5596,1694,2,9.94,0,0
1392,4471,2931,1,14.62,0,0
1393,2236,1478,1,17.0,0,0
1394,3899,2336,1,10.5,0,0
1395,1747,1967,1,10.63,0,0
1396,5359,1236,2,14.27,1,0
1397,1838,524,1,16.79,0,0
1398,95,868,1,7.34,1,0
1399,2072,3155,3,15.77,0,0
1400,4719,153,1,9.41,0,0
1401,3082,77,2,10.64,0,0
1402,5155,1386,2,21.92,0,0
1403,3469,1976,4,22.34,0,0
1404,3989,3204,1,15.59,0,0
1405,3855,857,1,10.81,0,0
1406,309,3759,2,18.94,0,0
1407,4478,3073,1,12.94,0,0
1408,5306,1193,2,19.36,0,0
1409,1866,1437,1,16.18,0,0
1410,4553,2810,1,12.34,0,0
1411,1081,917,1,17.83,0,0
1412,4654,1260,2,10.65,0,0
1413,2294,618,2,14.22,0,0
1414,723,1402,1,12.77,0,0
1415,4124,2625,3,16.34,0,0
1416,1769,2543,2,14.26,0,0
1417,1115,1415,3,13.71,1,0
1418,1857,1453,1,17.11,1,0
1419,3823,3803,1,7.54,1,0
1420,3343,1791,1,13.25,1,0
1421,1424,1389,1,9.97,0,0
1422,3599,1158,1,15.45,1,0
1423,5185,3298,1,15.65,0,0
1424,1068,2092,2,10.69,0,0
1425,4474,3730,3,21.68,0,0
1426,2827,2540,1,16.19,0,0
1427,1871,1084,1,13.46,1,0
1428,2839,242,1,14.81,0,0
1429,5526,161,1,14.86,0,0
1430,5577,1438,1,10.19,0,0
1431,5300,1069,1,11.54,0,0
1432,4678,755,1,12.04,0,0
1433,264,902,1,15.1,0,0
1434,2126,182,1,12.74,0,0
1435,5009,3893,1,13.04,0,0
1436,2772,3359,1,11.24,0,0
1437,1654,2623,2,15.3,0,0
1438,595,296,2,12.92,1,0
1439,1274,1907,1,14.32,0,0
1440,1723,740,1,10.81,1,0
1441,2417,2210,1,14.9,1,0
1442,4567,2828,1,15.91,0,0
1443,1158,1651,2,19.09,0,0
1444,3731,3812,1,13.8,0,0
1445,2896,463,2,16.44,1,0
1446,2477,180,2,12.07,0,0
1447,1475,3611,1,13.13,0,0
1448,4012,4030,3,16.57,0,0
1449,1186,3798,1,11.41,0,0
1450,5021,2749,1,7.77,1,0
1451,5079,2202,2,19.66,0,0
1452,4385,797,1,9.85,0,0
1453,2677,2836,1,15.14,0,0
1454,2687,150,2,11.46,0,0
1455,3372,1500,4,20.01,0,0
1456,5490,639,1,16.0,0,0
1457,3808,2907,1,8.55,0,0
1458,1394,375,2,18.24,0,0
1459,1569,302,2,15.29,1,0
1460,665,211,2,13.79,1,0
1461,4689,368,3,17.3,1,0
1462,4499,1291,1,8.99,1,0
1463,411,439,1,16.23,0,0
1464,4018,3987,1,18.63,0,0
1465,4292,3898,1,16.53,0,0
1466,4878,3088,1,8.42,0,0
1467,2000,3383,2,14.87,0,0
1468,5092,3705,3,15.39,0,0
1469,4620,2550,1,13.28,0,0
1470,2446,1640,1,14.46,0,0
1471,4116,1989,1,12.2,0,0
1472,4843,16,2,6.16,1,0
1473,2226,3267,1,14.36,0,0
1474,4899,935,2,16.45,1,0
1475,47,4113,2,13.34,0,0
1476,2268,1188,3,14.47,0,0
1477,755,955,2,11.93,0,0
1478,1885,4171,1,8.33,0,0
1479,3677,3703,1,20.71,0,0
1480,2332,241,1,14.86,0,0
1481,2812,794,1,15.24,0,0
1482,4612,1621,1,12.8,0,0
1483,839,2511,1,5.31,0,0
1484,5354,691,1,15.89,0,0
1485,98,2268,1,16.22,0,0
1486,3233,2450,2,13.65,0,0
1487,1428,376,1,17.67,0,0
1488,2573,3274,2,12.82,1,0
1489,4714,1173,1,14.79,1,0
1490,3014,3046,1,11.5,0,0
1491,4451,1384,2,12.17,0,0
1492,3758,3284,2,10.98,1,0
1493,4168,253,1,13.8,0,0
1494,3808,2907,2,12.5,0,0
1495,2807,1975,1,18.34,0,0
1496,2921,951,2,17.86,0,0
1497,4692,4149,1,10.76,0,0
1498,5483,1651,1,13.12,0,0
1499,4478,3073,1,12.7,0,0
1500,3390,2109,1,11.17,0,0
1501,3317,294,1,16.88,0,0
1502,2326,2379,2,15.26,0,0
1503,178,475,1,12.96,0,0
1504,663,3073,1,11.3,0,0
1505,5201,4047,2,11.36,0,0
1506,3116,1780,1,13.55,1,0
1507,2196,3092,3,19.09,0,0
1508,3058,96,3,13.44,0,0
1509,4317,3963,2,9.93,0,0
1510,4287,3141,1,8.21,0,0
1511,2060,1707,1,14.29,0,0
1512,1042,2478,1,13.73,0,0
1513,3442,2698,1,9.47,0,0
1514,1980,1676,1,10.81,0,0
1515,3278,4113,1,8.0,0,0
1516,1475,3611,1,16.88,1,0
1517,2677,2836,1,14.18,0,0
1518,1947,373,1,11.74,0,0
1519,5153,1358,2,14.15,0,0
1520,3580,2363,3,17.58,0,0
1521,4907,903,1,8.88,0,0
1522,4228,3355,1,13.28,1,0
1523,5578,2694,1,4.99,1,0
1524,978,4078,1,15.52,0,0
1525,3991,2589,3,15.21,1,0
1526,1465,3718,1,19.75,1,0
1527,4102,3422,3,20.97,0,0
1528,5498,697,3,18.9,0,0
1529,4160,1148,2,16.49,0,0
1530,1945,29,2,17.76,1,0
1531,4625,385,1,18.11,1,0
1532,4894,3291,3,20.97,0,0
1533,555,528,1,13.74,1,0
1534,2412,1705,1,8.09,1,0
1535,4702,446,4,20.56,0,0
1536,2635,2197,1,3.84,1,0
1537,4923,718,1,15.46,1,0
1538,2105,121,1,12.54,0,0
1539,5598,3083,1,13.69,0,0
1540,4765,3793,2,13.85,1,0
1541,3809,2889,2,17.71,0,0
1542,4310,1540,1,9.52,1,0
1543,4554,2669,3,16.89,0,0
1544,4219,293,1,15.44,0,0
1545,4010,1689,3,10.11,0,0
1546,5505,3289,2,13.2,1,0
1547,3400,2861,1,15.92,1,0
1548,4095,3569,1,13.99,1,0
1549,5179,2591,1,9.98,0,0
1550,5518,2009,1,7.67,0,0
1551,2137,1696,1,14.56,0,0
1552,2450,3773,2,15.61,0,0
1553,5095,1041,2,15.64,0,0
1554,2110,3582,2,11.2,1,0
1555,2141,922,1,12.99,0,0
1556,5550,1033,2,23.36,0,0
1557,5330,1200,3,15.62,0,0
1558,5153,1358,2,8.52,0,0
1559,4204,1282,2,16.48,1,0
1560,3931,1487,2,19.44,1,0
1561,920,1020,2,24.02,1,0
1562,168,2537,3,12.67,0,0
1563,5426,3724,2,14.81,0,0
1564,4104,3042,2,18.46,0,0
1565,4848,3127,2,17.4,1,0
1566,5363,1847,1,11.8,0,0
1567,5529,3801,1,14.33,0,0
1568,4111,704,1,18.83,0,0
1569,4657,3115,2,15.58,1,0
1570,3424,1854,1,14.31,1,0
1571,815,2642,1,17.71,1,0
1572,2075,3655,2,19.26,1,0
1573,620,176,1,18.37,0,0
1574,1201,1043,3,19.13,0,0
1575,5440,3913,1,16.61,0,0
1576,5164,416,2,12.23,0,0
1577,3789,3799,2,14.45,1,0
1578,2176,3582,1,18.74,0,0
1579,3475,3012,1,13.93,0,0
1580,1208,199,1,12.9,0,0
1581,1712,3509,2,18.19,1,0
1582,4565,2702,1,12.85,0,0
1583,928,1304,2,20.02,0,0
1584,3382,3824,1,10.37,0,0
1585,1080,1706,2,12.32,0,0
1586,241,161,1,13.86,0,0
1587,3008,140,2,14.7,1,0
1588,2725,2941,1,12.18,1,0
1589,4009,1336,1,15.08,0,0
1590,4163,1738,1,7.07,0,0
1591,1016,2207,1,15.47,1,0
1592,3672,1906,2,19.69,0,0
1593,677,694,2,18.15,0,0
1594,1918,3574,1,10.77,0,0
1595,4102,3422,1,16.36,1,0
1596,3039,1982,3,18.11,0,0
1597,1278,2604,1,13.55,0,0
1598,5189,465,2,15.71,0,0
1599,5297,3305,1,6.59,0,0
1600,4986,3076,2,19.09,1,0
1601,4107,3016,2,13.1,1,0
1602,4138,3039,2,14.95,0,0
1603,3629,3033,1,13.92,1,0
1604,3043,844,1,17.5,1,0
1605,367,891,1,12.27,0,0
1606,3695,3599,2,14.1,0,0
1607,1703,2269,1,19.9,0,0
1608,737,2174,1,10.83,0,0
1609,1924,3326,1,16.25,0,0
1610,2536,1456,2,12.32,0,0
1611,3678,3929,1,11.29,0,0
1612,2826,3786,1,13.73,0,0
1613,4773,3421,2,13.52,1,0
1614,4578,2163,2,17.93,0,0
1615,825,4182,2,13.77,0,0
1616,3323,1215,1,13.16,0,0
1617,4230,2666,1,15.51,0,0
1618,3585,3517,2,20.63,0,0
1619,2116,1656,1,15.89,0,0
1620,270,3327,2,15.42,1,0
1621,405,1069,1,16.68,0,0
1622,4018,3987,2,18.56,0,0
1623,3274,532,1,9.68,0,0
1624,449,1591,2,15.5,0,0
1625,187,3672,2,23.24,0,0
1626,4375,1423,2,14.4,0,0
1627,4848,3127,2,19.49,0,0
1628,3733,2240,1,17.51,0,0
1629,5247,2094,1,13.36,0,0
1630,2073,3402,1,10.6,0,0
1631,53,3245,1,13.49,0,0
1632,1472,1496,2,19.56,1,0
1633,4437,2354,1,10.52,0,0
1634,5128,709,2,14.83,0,0
1635,764,817,1,4.13,0,0
1636,2971,1300,3,12.94,0,0
1637,3422,1341,1,10.94,0,0
1638,328,1209,1,12.48,1,0
1639,4345,2451,3,21.02,0,0
1640,2164,2395,3,14.82,0,0
1641,2675,2833,1,14.03,0,0
1642,2967,723,1,12.55,1,0
1643,2316,3408,1,15.83,0,0
1644,4967,2219,2,13.21,0,0
1645,4227,1935,1,17.15,0,0
1646,5561,4045,1,14.98,0,0
1647,5041,31,1,14.88,0,0
1648,5456,3582,2,5.75,0,0
1649,2342,2232,1,15.92,0,0
1650,605,3173,1,15.02,1,0
1651,705,1283,1,12.45,0,0
1652,5541,2628,1,11.67,0,0
1653,1199,671,1,5.48,1,0
1654,2337,2219,2,16.24,1,0
1655,5275,2895,1,20.5,0,0
1656,443,2460,1,16.12,1,0
1657,1333,1568,1,17.37,0,0
1658,3191,1867,1,11.07,0,0
1659,5205,3177,1,8.98,0,0
1660,2547,4029,3,19.02,0,0
1661,408,490,1,11.73,0,0
1662,798,2466,3,23.8,0,0
1663,5221,3097,1,12.66,0,0
1664,4190,972,1,12.14,0,0
1665,4160,1148,1,21.06,1,0
1666,221,645,1,17.13,0,0
1667,5200,3631,1,8.4,1,0
1668,4612,1621,1,13.32,0,0
1669,4555,2300,2,17.75,0,0
1670,3136,3810,2,18.22,1,0
1671,5525,937,2,11.86,0,0
1672,4566,604,1,18.67,0,0
1673,613,2260,2,7.77,0,0
1674,2816,1337,1,7.36,0,0
1675,1059,214,2,17.84,1,0
1676,1722,1003,1,9.66,0,0
1677,2393,3949,1,8.0,0,0
1678,2591,637,1,10.26,1,0
1679,2340,974,1,15.58,0,0
1680,76,3021,2,12.16,0,0
1681,2818,4169,1,15.44,0,0
1682,666,810,1,12.46,0,0
1683,477,2017,3,13.87,0,0
1684,4116,1989,1,13.55,0,0
1685,2577,3003,2,14.72,0,0
1686,3710,2208,2,13.38,1,0
1687,4399,568,2,16.69,1,0
1688,2355,2962,1,12.64,0,0
1689,2925,3972,1,17.86,0,0
1690,2271,277,2,13.7,1,0
1691,4052,3496,1,13.12,0,0
1692,5215,1893,2,14.73,0,0
1693,4325,1665,2,13.95,0,0
1694,2639,1615,1,17.81,1,0
1695,5001,1906,3,14.73,0,0
1696,2044,1116,1,13.3,1,0
1697,3362,549,1,18.75,1,0
1698,833,704,1,17.98,1,0
1699,4582,258,1,18.43,0,0
1700,1357,2349,2,20.16,1,0
1701,4152,3520,1,16.41,0,0
1702,451,2309,1,8.78,1,0
1703,454,788,3,14.45,1,0
1704,4160,1148,1,16.75,0,0
1705,4299,2211,2,16.02,0,0
1706,1558,1940,1,17.28,0,0
1707,5237,238,3,23.09,1,0
1708,706,2808,1,16.44,0,0
1709,5185,3298,1,18.41,0,0
1710,1204,3213,2,14.85,0,0
1711,2071,834,2,13.2,1,0
1712,277,2181,1,10.5,1,0
1713,5308,2034,1,11.34,0,0
1714,3348,352,1,16.5,0,0
1715,1483,2513,1,13.35,0,0
1716,1777,539,1,13.45,1,0
1717,849,562,2,20.19,0,0
1718,184,2196,2,19.39,1,0
1719,5199,3590,1,12.05,0,0
1720,5002,1970,1,13.82,0,0
1721,753,1954,1,12.16,1,0
1722,3227,1647,1,11.63,0,0
1723,966,2390,1,10.82,0,0
1724,2035,353,2,16.28,0,0
1725,2564,1535,1,10.47,1,0
1726,2493,2991,2,17.28,1,0
1727,1296,1972,2,13.91,0,0
1728,606,2036,2,12.56,0,0
1729,3492,1746,2,15.35,0,0
1730,4551,754,1,15.09,0,0
1731,3058,96,1,12.07,0,0
1732,2975,867,1,13.93,1,0
1733,801,509,3,10.33,1,0
1734,5257,4095,1,18.97,0,0
1735,5059,72,1,18.58,0,0
1736,4044,2167,1,14.57,0,0
1737,4090,2654,1,13.61,0,0
1738,2798,584,2,9.1,0,0
1739,1499,1836,1,16.11,0,0
1740,1389,4196,1,11.08,1,0
1741,530,1079,1,16.59,0,0
1742,1712,3509,1,15.64,0,0
1743,2258,766,2,13.5,0,0
1744,462,178,1,19.3,1,0
1745,1838,524,2,15.34,0,0
1746,3575,136,3,21.11,0,0
1747,3164,2048,1,18.41,0,0
1748,696,3077,2,14.12,0,0
1749,3820,3142,2,17.03,0,0
1750,1474,2221,2,8.68,1,0
1751,4047,489,1,14.02,1,0
1752,550,1021,1,17.0,0,0
1753,2340,974,2,15.68,0,0
1754,2426,1020,2,12.72,0,0
1755,3429,1821,1,17.96,0,0
1756,4138,3039,3,19.11,0,0
1757,1451,1089,1,12.18,0,0
1758,1118,2087,1,11.01,0,0
1759,5134,673,2,18.35,1,0
1760,5531,796,2,18.01,0,0
1761,1949,644,1,14.26,0,0
1762,3768,2118,2,19.31,0,0
1763,410,766,2,15.12,1,0
1764,1643,1630,2,15.93,1,0
1765,824,3734,1,11.54,0,0
1766,1010,219,1,8.82,1,0
1767,25,952,1,17.25,0,0
1768,5000,1119,2,13.52,0,0
1769,2147,2484,1,11.56,0,0
1770,3492,1746,2,14.91,0,0
1771,1692,3963,3,14.25,1,0
1772,2607,2430,1,8.39,0,0
1773,4891,1855,1,18.89,0,0
1774,3254,1431,2,19.09,0,0
1775,981,1028,1,14.44,0,0
1776,4252,3848,1,6.16,0,0
1777,1816,135,1,12.7,0,0
1778,5225,3641,2,14.75,0,0
1779,4694,1337,1,16.9,0,0
1780,5247,2094,2,21.63,0,0
1781,252,381,1,11.2,1,0
1782,5092,3705,1,4.72,0,0
1783,2608,1033,1,11.74,0,0
1784,2711,340,2,13.43,0,0
1785,4115,3014,2,15.52,0,0
1786,1894,4195,3,16.19,1,0
1787,4842,3669,2,14.18,0,0
1788,2624,242,1,12.69,0,0
1789,3023,1823,1,18.21,1,0
1790,4490,3991,1,14.71,0,0
1791,2419,1116,1,5.02,0,0
1792,3780,620,1,10.8,1,0
1793,3955,1860,1,13.71,0,0
1794,1074,792,2,21.63,1,0
1795,2447,1369,3,21.42,1,0
1796,5089,3563,1,11.79,0,0
1797,4430,3013,2,12.74,1,0
1798,4325,1665,2,14.28,0,0
1799,3880,3663,1,18.68,0,0
1800,3800,2108,2,9.72,0,0
1801,4554,2669,4,25.84,1,0
1802,2000,3383,1,14.01,0,0
1803,263,2558,1,12.51,0,0
1804,5258,832,1,12.59,0,0
1805,430,2616,1,13.98,0,0
1806,3973,686,1,14.93,0,0
1807,4620,2550,1,14.31,0,0
1808,2080,2157,2,20.94,0,0
1809,966,2390,2,18.94,0,0
1810,5161,1807,1,13.53,0,0
1811,2266,1248,2,15.64,1,0
1812,4739,625,1,13.36,1,0
1813,4706,1175,1,17.11,0,0
1814,2524,3826,1,15.44,1,0
1815,1952,1554,1,13.56,0,0
1816,3423,2366,2,12.27,0,0
1817,484,1796,2,16.39,0,0
1818,5355,1646,2,8.76,0,0
1819,3250,2497,2,19.72,0,0
1820,5575,4154,1,17.18,0,0
1821,99,2663,1,9.93,1,0
1822,4144,2568,1,11.44,0,0
1823,291,3173,1,10.27,0,0
1824,1023,2580,1,10.13,0,0
1825,293,425,3,17.2,0,0
1826,1399,235,1,12.13,0,0
1827,4081,229,1,13.13,0,0
1828,4014,3662,1,14.75,1,0
1829,104,1032,1,15.99,1,0
1830,4111,704,1,12.8,0,0
1831,388,48,2,11.88,0,0
1832,117,403,1,15.7,1,0
1833,94,107,1,14.01,0,0
1834,5304,3630,1,14.28,1,0
1835,2876,2058,1,17.89,0,0
1836,2710,3101,3,15.16,0,0
1837,1058,2455,1,16.14,0,0
1838,2036,2236,1,16.65,0,0
1839,2728,3887,1,10.7,1,0
1840,1681,1664,1,12.45,0,0
1841,3980,1650,1,17.05,0,0
1842,415,80,2,14.35,0,0
1843,3405,3466,1,14.74,0,0
1844,1432,278,1,15.46,1,0
1845,2393,3949,1,9.14,1,0
1846,5463,2503,2,13.19,0,0
1847,3694,350,1,12.53,1,0
1848,2450,3773,2,12.35,0,0
1849,4750,1951,1,16.13,1,0
1850,2607,2430,2,15.03,0,0
1851,3571,3332,1,17.04,0,0
1852,3996,3533,1,13.23,0,0
1853,96,2082,1,13.3,0,0
1854,4182,1556,1,11.64,0,0
1855,1454,4160,2,13.3,0,0
1856,2852,703,2,15.34,0,0
1857,3557,3224,3,17.78,0,0
1858,5204,497,1,18.11,0,0
1859,407,2853,1,10.3,0,0
1860,1370,2993,1,15.16,0,0
1861,755,955,2,14.42,0,0
1862,3809,2889,2,11.52,0,0
1863,1732,2954,3,18.48,0,0
1864,3449,644,2,11.57,0,0
1865,3328,2067,2,18.76,0,0
1866,3880,3663,2,15.09,0,0
1867,2942,569,1,8.45,0,0
1868,2895,3541,2,18.95,0,0
1869,5231,1537,4,16.45,0,0
1870,916,3639,1,11.11,0,0
1871,3924,880,2,11.35,0,0
1872,1851,3537,1,13.24,1,0
1873,1487,497,1,15.08,1,0
1874,4351,542,2,17.68,0,0
1875,3726,2010,2,18.17,0,0
1876,3660,2797,1,10.35,0,0
1877,3321,1464,1,18.29,1,0
1878,369,4178,2,14.77,0,0
1879,2463,1221,2,18.06,0,0
1880,1442,2571,2,20.89,0,0
1881,2060,1707,3,18.76,0,0
1882,1007,2591,1,11.57,1,0
1883,3171,2443,1,14.28,0,0
1884,1763,363,2,8.76,0,0
1885,1372,3258,1,13.46,0,0
1886,4208,2279,2,15.7,1,0
1887,4926,214,2,15.65,0,0
1888,236,1743,1,8.05,0,0
1889,45,2113,2,19.82,0,0
1890,812,3146,1,9.25,0,0
1891,2020,1543,1,7.61,0,0
1892,4159,1174,2,18.23,0,0
1893,2944,3720,1,15.5,0,0
1894,1427,1599,2,15.31,0,0
1895,4872,3030,1,16.75,0,0
1896,3147,111,2,15.97,0,0
1897,1457,2795,1,11.22,0,0
1898,2740,767,1,16.69,0,0
1899,5032,3305,1,14.53,1,0
1900,3338,3381,3,15.36,0,0
1901,3879,4141,1,18.0,0,0
1902,4821,2453,1,16.24,0,0
1903,4022,904,1,8.68,0,0
1904,2179,1551,2,15.49,0,0
1905,2686,2067,1,11.84,0,0
1906,4595,27,1,14.47,1,0
1907,3569,223,2,19.41,1,0
1908,2966,1753,2,19.17,1,0
1909,2873,815,3,15.05,0,0
1910,4698,269,1,10.88,0,0
1911,5152,832,2,13.12,0,0
1912,3244,3806,3,18.76,0,0
1913,398,3351,1,11.6,0,0
1914,358,2912,3,15.81,0,0
1915,4330,507,3,19.38,1,0
1916,595,296,1,11.92,0,0
1917,436,3750,1,18.16,0,0
1918,2028,3082,1,13.71,0,0
1919,5462,4054,1,13.08,0,0
1920,5322,128,1,12.2,0,0
1921,1982,229,1,17.15,1,0
1922,2196,3092,1,16.39,0,0
1923,4164,1208,2,24.54,0,0
1924,3490,3438,1,18.31,0,0
1925,4923,718,1,14.55,0,0
1926,407,2853,2,14.92,0,0
1927,382,757,1,16.12,0,0
1928,4608,1600,2,16.5,1,0
1929,2564,1535,1,14.06,0,0
1930,1082,603,1,8.17,1,0
1931,2979,2823,1,16.37,0,0
1932,103,2783,1,18.19,0,0
1933,2129,3310,2,11.57,0,0
1934,4868,3447,2,19.07,0,0
1935,5239,1014,2,17.56,0,0
1936,2985,3251,1,12.39,0,0
1937,1807,427,3,18.18,0,0
1938,5146,4188,3,17.6,1,0
1939,1848,1653,1,15.02,0,0
1940,210,1541,1,11.19,0,0
1941,2984,2472,1,9.53,0,0
1942,4117,3501,1,9.24,1,0
1943,4698,269,1,11.91,0,0
1944,4907,903,3,15.8,0,0
1945,2194,3866,2,18.62,0,0
1946,1175,2009,1,16.78,0,0
1947,144,3209,2,17.11,0,0
1948,304,994,3,13.65,0,0
1949,3020,896,1,11.36,1,0
1950,1657,2071,2,17.57,1,0
1951,5467,4068,1,8.54,0,0
1952,4441,3957,2,11.01,0,0
1953,2293,1981,1,15.39,0,0
1954,4916,2524,1,17.48,1,0
1955,5535,665,1,9.6,0,0
1956,3767,2719,1,5.91,0,0
1957,10,2170,2,18.73,0,0
1958,5208,596,1,13.98,0,0
1959,5557,3481,1,5.46,1,0
1960,1150,2903,3,18.41,0,0
1961,4444,2987,1,9.49,0,0
1962,2401,3420,1,12.33,0,0
1963,4275,389,1,18.66,0,0
1964,233,3279,1,15.42,0,0
1965,3256,1765,2,17.13,1,0
1966,2106,1897,1,14.53,0,0
1967,2347,2016,1,18.86,1,0
1968,3848,1194,1,12.01,0,0
1969,2092,884,2,18.37,0,0
1970,752,2365,1,16.7,1,0
1971,2668,3181,1,14.64,0,0
1972,2122,2371,2,19.25,0,0
1973,3775,3645,1,13.39,0,0
1974,5398,844,2,10.48,0,0
1975,2644,3036,2,16.1,0,0
1976,3332,579,2,16.12,1,0
1977,1659,144,3,13.6,0,0
1978,1920,1713,1,16.13,0,0
1979,5047,1798,1,14.92,0,0
1980,4621,3140,2,15.59,0,0
1981,1385,3779,1,12.21,1,0
1982,2269,2395,1,14.78,0,0
1983,3197,1945,1,9.93,0,0
1984,4540,3706,1,10.19,1,0
1985,2976,1659,2,16.23,1,0
1986,1641,889,1,17.42,0,0
1987,3660,2797,2,17.4,1,0
1988,4212,4110,2,16.92,0,0
1989,2303,1117,1,19.86,0,0
1990,3064,2116,1,19.07,0,0
1991,5418,2351,1,17.72,0,0
1992,3079,2975,3,17.88,0,0
1993,1658,1585,2,19.41,0,0
1994,3666,1136,3,16.68,0,0
1995,1139,2197,2,16.21,1,0
1996,4859,1095,1,19.91,0,0
1997,3967,2877,1,12.94,0,0
1998,496,641,1,14.43,0,0
1999,1817,2470,2,18.95,0,0
2000,854,1631,1,7.05,0,0
2001,4554,2669,2,15.93,0,0
2002,1314,3811,1,21.23,1,0
2003,4893,3033,1,12.85,1,0
2004,3484,1915,3,16.22,0,0
2005,5445,2330,2,11.99,0,0
2006,1738,3669,4,24.16,1,0
2007,108,1,1,15.13,0,0
2008,2144,3260,1,15.97,0,0
2009,4764,808,1,16.05,1,0
2010,1353,973,1,15.38,1,0
2011,1918,3574,1,16.71,0,0
2012,3232,2736,1,10.39,0,0
2013,265,2853,2,18.94,0,0
2014,907,2174,1,7.45,0,0
2015,5405,1688,1,10.88,1,0
2016,1955,945,2,16.78,0,0
2017,2432,442,3,21.08,0,0
2018,2966,1753,1,20.37,0,0
2019,4906,2217,1,9.24,0,0
2020,4978,1522,1,13.41,0,0
2021,4832,2347,2,13.94,1,0
2022,2997,683,1,14.8,1,0
2023,1202,244,2,18.06,1,0
2024,4436,2971,1,10.4,0,0
2025,3401,2878,1,14.24,0,0
2026,1440,2934,1,7.17,1,0
2027,4544,3671,1,9.1,0,0
2028,257,2443,1,5.0,1,0
2029,1383,2825,1,18.46,0,0
2030,1427,1599,1,13.39,0,0
2031,852,3977,2,13.11,0,0
2032,429,2134,1,12.56,0,0
2033,1182,2947,2,25.98,0,0
2034,3417,3945,2,17.2,0,0
2035,1909,1644,2,14.25,1,0
2036,1074,792,2,15.46,1,0
2037,2032,396,2,14.47,0,0
2038,2508,582,2,18.58,0,0
2039,4246,2058,1,11.87,0,0
2040,2452,2140,2,16.46,0,0
2041,4498,2994,1,12.34,0,0
2042,2812,794,3,19.75,0,0
2043,844,2685,1,11.13,0,0
2044,293,425,2,7.57,0,0
2045,2516,1958,1,7.65,0,0
2046,4848,3127,3,12.7,1,0
2047,2858,3473,3,15.27,1,0
2048,4283,1091,1,19.78,1,0
2049,4766,2322,2,17.77,0,0
2050,5062,1799,1,14.97,0,0
2051,3636,3358,2,17.28,0,0
2052,525,3370,1,11.51,1,0
2053,3123,3697,2,14.93,0,0
2054,1227,88,2,15.19,0,0
2055,825,4182,2,12.54,0,0
2056,3843,3242,1,7.81,1,0
2057,4058,993,1,17.51,0,0
2058,1864,419,1,11.37,0,0
2059,5004,3629,2,18.94,0,0
2060,2188,801,2,9.59,0,0
2061,3978,2918,1,14.87,0,0
2062,641,2067,1,18.65,1,0
2063,1912,497,2,17.31,0,0
2064,4538,3333,2,8.9,0,0
2065,18,929,2,14.78,0,0
2066,3934,487,1,11.2,0,0
2067,1963,2615,1,9.18,1,0
2068,4300,1351,1,12.97,0,0
2069,4972,2000,1,9.15,0,0
2070,2186,4013,2,6.3,0,0
2071,4844,3754,3,22.64,1,0
2072,1976,1249,2,12.55,0,0
2073,3426,2966,1,11.24,0,0
2074,4388,4109,1,17.13,0,0
2075,3983,2002,1,10.66,0,0
2076,4376,489,1,12.39,0,0
2077,1589,4015,2,19.77,1,0
2078,1764,1126,2,15.92,0,0
2079,1113,414,1,12.28,0,0
2080,477,2017,2,16.45,0,0
2081,1266,3289,4,12.07,0,0
2082,3759,3614,3,17.86,0,0
2083,4562,1569,1,8.18,0,0
2084,4391,3980,3,16.1,1,0
2085,1187,490,1,15.11,1,0
2086,1135,1492,3,14.14,0,0
2087,4583,3047,2,8.27,0,0
2088,1749,1286,3,13.07,0,0
2089,618,1714,1,10.39,0,0
2090,4692,4149,2,16.8,0,0
2091,3354,2382,1,14.97,0,0
2092,1750,3615,1,20.7,0,0
2093,453,120,1,6.7,1,0
2094,4541,2970,1,20.42,1,0
2095,2655,1066,2,16.69,1,0
2096,2426,1020,1,13.38,1,0
2097,2481,2348,1,15.62,1,0
2098,1878,3928,1,11.56,0,0
2099,2687,150,1,12.74,0,0
2100,5505,3289,2,20.23,0,0
2101,1653,2550,3,22.12,1,0
2102,1976,1249,1,12.69,1,0
2103,4132,311,2,10.65,0,0
2104,4092,3540,1,11.71,1,0
2105,3189,914,1,17.95,0,0
2106,5042,211,1,18.2,0,0
2107,5285,3087,4,15.81,0,0
2108,4721,2521,1,10.6,0,0
2109,4654,1260,3,13.57,1,0
2110,4398,2724,2,11.47,1,0
2111,2825,1222,3,15.17,0,0
2112,4644,2,1,12.85,0,0
2113,3146,3742,1,15.09,0,0
2114,961,664,1,13.99,0,0
2115,765,389,2,14.53,0,0
2116,5362,2727,1,17.41,0,0
2117,2898,1073,2,9.04,1,0
2118,1509,225,1,14.04,0,0
2119,636,2615,1,13.22,0,0
2120,4507,1815,2,19.21,1,0
2121,2624,242,1,11.75,1,0
2122,3257,1007,1,13.8,0,0
2123,1125,697,2,9.69,1,0
2124,2425,3811,1,10.47,0,0
2125,1598,3606,1,21.63,0,0
2126,1597,3165,1,11.44,0,0
2127,1755,2531,2,17.75,0,0
2128,1535,3256,1,17.53,0,0
2129,5518,2009,2,15.46,0,0
2130,3415,3998,2,19.18,0,0
2131,1242,1537,2,20.79,0,0
2132,1524,2294,1,11.08,0,0
2133,1192,2564,1,10.16,1,0
2134,773,3800,2,16.84,1,0
2135,4223,2148,3,14.36,0,0
2136,3848,1194,1,11.75,0,0
2137,2855,1814,2,14.11,1,0
2138,4473,3452,1,14.5,1,0
2139,920,1020,1,17.89,0,0
2140,5051,3197,1,19.6,0,0
2141,1977,1539,2,14.97,1,0
2142,3250,2497,2,17.22,0,0
2143,4408,1698,2,10.5,0,0
2144,3577,3298,2,14.32,0,0
2145,3426,2966,1,14.53,0,0
2146,4515,3975,1,19.6,0,0
2147,4903,2655,1,8.45,0,0
2148,3923,1820,1,13.36,0,0
2149,5441,2902,1,17.72,0,0
2150,1968,676,1,16.35,1,0
2151,390,1205,1,7.33,1,0
2152,2770,4090,1,12.23,0,0
2153,2892,1424,1,18.12,1,0
2154,4804,3778,1,8.25,1,0
2155,1416,2155,1,10.56,0,0
2156,65,3658,2,16.82,1,0
2157,4655,2149,1,13.01,0,0
2158,807,4103,2,18.13,0,0
2159,2584,3286,2,17.27,0,0
2160,1091,2316,1,16.3,0,0
2161,2721,1580,2,16.02,0,0
2162,1006,2158,1,14.64,1,0
2163,3514,1270,2,17.06,1,0
2164,3326,2613,1,12.73,0,0
2165,927,3900,2,17.35,0,0
2166,3336,2833,1,16.29,1,0
2167,3678,3929,2,13.17,0,0
2168,1217,4061,3,19.02,0,0
2169,2849,2845,2,17.71,0,0
2170,2838,1331,3,15.63,0,0
2171,4036,3823,1,11.48,0,0
2172,3446,1753,2,13.82,1,0
2173,4321,4177,1,12.27,1,0
2174,3530,2668,1,11.15,1,0
2175,1141,2401,1,13.22,1,0
2176,3767,2719,2,11.25,1,0
2177,2897,3839,1,12.95,1,0
2178,1330,1927,1,11.5,1,0
2179,2655,1066,1,13.86,0,0
2180,3819,3791,1,13.85,0,0
2181,3254,1431,3,15.75,0,0
2182,3139,208,2,16.19,0,0
2183,316,2114,1,9.73,0,0
2184,784,1730,1,11.12,0,0
2185,4035,1903,2,18.49,0,0
2186,1237,4146,2,14.31,1,0
2187,622,2699,1,8.26,1,0
2188,1930,850,2,13.9,1,0
2189,3199,604,2,16.63,0,0
2190,5278,1369,2,18.45,0,0
2191,2741,1883,2,11.96,1,0
2192,5599,1536,2,14.68,0,0
2193,1849,2172,2,17.33,0,0
2194,4232,2905,2,21.7,0,0
2195,472,3176,3,24.14,0,0
2196,2582,3388,1,17.09,0,0
2197,4340,1244,1,8.93,0,0
2198,4721,2521,1,9.67,0,0
2199,5165,1282,1,9.53,1,0
2200,3410,2211,2,11.44,1,0
2201,1797,53,1,19.92,0,0
2202,4790,1643,1,17.05,1,0
2203,5410,3600,2,14.89,1,0
2204,3292,2173,1,8.95,0,0
2205,3704,3440,2,13.7,0,0
2206,1855,2975,2,17.63,1,0
2207,1843,1049,2,14.72,1,0
2208,1473,2125,1,11.6,1,0
2209,1138,175,1,16.06,0,0
2210,2842,4158,1,9.76,1,0
2211,3043,844,1,11.33,1,0
2212,4461,3251,1,13.25,0,0
2213,2963,717,1,12.32,0,0
2214,3246,1225,1,12.92,1,0
2215,3393,765,1,16.36,0,0
2216,5448,2982,1,15.18,0,0
2217,3184,1205,1,8.51,0,0
2218,1203,2221,1,11.06,0,0
2219,4140,180,1,15.69,0,0
2220,179,3554,1,13.62,0,0
2221,3228,4078,1,12.14,0,0
2222,1231,3185,1,12.09,1,0
2223,3589,237,2,13.93,0,0
2224,1713,1745,1,13.09,0,0
2225,4051,2438,1,21.87,1,0
2226,3772,1973,2,19.89,0,0
2227,3799,2037,1,8.07,0,0
2228,2148,560,1,13.12,0,0
2229,4910,1380,2,15.1,1,0
2230,1486,2746,1,8.32,0,0
2231,2966,1753,1,14.69,0,0
2232,2796,3685,1,12.99,0,0
2233,886,1901,2,22.88,0,0
2234,4475,2474,2,12.93,0,0
2235,3228,4078,1,18.16,0,0
2236,481,3107,1,13.65,0,0
2237,3927,4097,1,10.54,0,0
2238,769,1648,1,10.72,0,0
2239,1423,85,2,13.94,0,0
2240,1167,739,1,18.61,1,0
2241,1865,1958,2,16.96,0,0
2242,4305,2074,1,19.52,1,0
2243,2433,1187,1,13.41,0,0
2244,2655,1066,1,14.15,0,0
2245,3690,3272,2,19.53,0,0
2246,33,2733,1,8.83,1,0
2247,1729,4146,1,10.41,1,0
2248,5296,3741,1,15.81,1,0
2249,419,3271,1,12.04,0,0
2250,2455,1901,1,13.18,1,0
2251,525,3370,1,18.92,0,0
2252,3163,9,1,12.6,0,0
2253,2612,1206,1,7.76,0,0
2254,4425,3688,1,14.76,1,0
2255,2670,3792,1,17.19,0,0
2256,4107,3016,2,18.19,0,0
2257,2272,120,1,14.4,0,0
2258,1249,386,3,20.92,1,0
2259,4604,823,1,11.1,0,0
2260,2885,1134,1,12.6,1,0
2261,480,671,1,12.12,0,0
2262,3847,403,2,11.99,1,0
2263,4591,3908,1,7.82,1,0
2264,2507,2001,3,15.48,0,0
2265,3177,3177,1,8.27,0,0
2266,1678,152,1,9.88,0,0
2267,3355,3943,2,16.61,0,0
2268,4920,4113,1,15.22,1,0
2269,2210,352,1,10.3,0,0
2270,470,1693,1,4.8,1,0
2271,1098,892,2,10.05,0,0
2272,1751,3876,1,17.52,0,0
2273,2712,603,1,16.85,1,0
2274,5567,484,1,13.04,0,0
2275,994,3661,1,14.67,0,0
2276,4477,3035,1,15.5,0,0
2277,1837,922,1,16.6,0,0
2278,1717,1831,2,18.38,1,0
2279,1658,1585,2,15.85,1,0
2280,1596,2736,2,17.82,0,0
2281,4296,2152,2,21.33,0,0
2282,740,642,1,5.75,0,0
2283,4187,85,2,14.17,0,0
2284,2220,3601,1,14.43,1,0
2285,803,3927,2,18.8,0,0
2286,3101,2151,1,13.54,0,0
2287,2918,1023,1,16.58,0,0
2288,3026,3027,3,17.67,0,0
2289,333,2943,1,17.55,0,0
2290,1280,3158,2,12.34,0,0
2291,4470,1829,3,20.82,0,0
2292,564,3639,3,18.86,1,0
2293,102,887,3,19.54,0,0
2294,736,1837,2,13.0,0,0
2295,5595,1022,1,14.86,1,0
2296,2277,45,1,7.03,0,0
2297,4315,279,3,21.88,1,0
2298,2605,2940,1,16.79,0,0
2299,4926,214,2,17.06,0,0
2300,1347,341,1,18.08,0,0
2301,2028,3082,1,15.56,0,0
2302,4772,2454,1,13.17,1,0
2303,5222,1481,3,21.68,0,0
2304,5411,1536,1,9.1,0,0
2305,1193,3059,1,11.78,1,0
2306,422,3425,1,9.12,0,0
2307,3451,1307,1,13.59,0,0
2308,4948,2077,2,13.96,0,0
2309,922,788,3,19.8,0,0
2310,5172,2366,2,19.07,0,0
2311,3135,1587,1,12.08,1,0
2312,2009,3862,1,10.0,1,0
2313,957,3596,1,16.19,0,0
2314,5141,312,2,17.24,0,0
2315,1605,1723,2,15.01,0,0
2316,195,164,1,16.15,1,0
2317,2075,3655,1,18.82,0,0
2318,5109,411,2,9.94,0,0
2319,2801,3464,2,13.61,1,0
2320,1240,3060,2,12.26,1,0
2321,3280,1126,1,10.86,1,0
2322,5304,3630,1,10.16,1,0
2323,5546,1066,1,17.46,0,0
2324,5370,1560,1,17.5,0,0
2325,2227,2240,1,13.43,0,0
2326,214,3293,2,19.51,0,0
2327,5087,111,2,19.32,1,0
2328,293,425,2,14.56,0,0
2329,1585,2997,2,14.31,0,0
2330,1916,479,1,11.55,0,0
2331,3083,3847,1,8.08,0,0
2332,2659,3704,2,15.25,0,0
2333,704,2227,4,26.91,0,0
2334,1759,3797,3,13.62,0,0
2335,4547,847,3,14.46,1,0
2336,4914,1528,2,15.69,0,0
2337,5259,2098,1,14.86,1,0
2338,2980,3633,3,16.95,1,0
2339,4813,711,3,14.23,0,0
2340,1800,3462,1,13.36,0,0
2341,4281,1876,2,15.15,0,0
2342,2671,1329,1,6.81,0,0
2343,3377,2740,1,10.37,0,0
2344,5589,3447,3,23.18,1,0
2345,2131,2619,1,13.27,0,0
2346,2506,3750,2,13.12,1,0
2347,3726,2010,1,11.06,1,0
2348,2278,1382,2,17.04,1,0
2349,5458,3880,3,22.34,0,0
2350,2170,2344,2,16.84,0,0
2351,245,1348,1,11.44,0,0
2352,2004,75,2,13.62,0,0
2353,1850,1764,1,5.7,1,0
2354,5097,1765,1,5.99,0,0
2355,3184,1205,1,13.19,0,0
2356,5051,3197,2,19.82,0,0
2357,2908,2321,1,12.6,1,0
2358,1780,91,2,10.86,1,0
2359,1151,2162,2,13.68,0,0
2360,284,2096,1,13.87,0,0
2361,4793,3338,1,16.44,0,0
2362,2210,352,2,15.32,1,0
2363,2793,1622,1,12.91,0,0
2364,3085,2790,1,15.88,0,0
2365,2182,3168,1,9.15,1,0
2366,1581,2136,2,14.79,0,0
2367,1345,639,1,14.64,0,0
2368,4992,584,1,16.62,1,0
2369,3023,1823,1,10.86,0,0
2370,277,2181,1,10.02,0,0
2371,58,2669,2,20.09,1,0
2372,3031,2704,1,15.25,1,0
2373,2873,815,1,13.89,0,0
2374,5283,1720,1,17.1,1,0
2375,470,1693,1,16.27,1,0
2376,782,2597,1,11.89,1,0
2377,195,164,1,12.01,1,0
2378,514,131,2,13.09,0,0
2379,4654,1260,2,17.8,0,0
2380,2650,1415,3,18.66,0,0
2381,556,347,2,15.43,1,0
2382,1963,2615,1,15.27,0,0
2383,1999,3534,1,14.77,0,0
2384,4993,2255,2,16.05,0,0
2385,4160,1148,2,14.16,1,0
2386,418,2393,2,20.71,1,0
2387,3117,2809,1,11.67,0,0
2388,3785,1331,1,16.42,0,0
2389,423,2183,1,13.44,0,0
2390,2798,584,1,19.61,0,0
2391,679,3931,2,13.27,0,0
2392,1729,4146,1,16.16,0,0
2393,5413,289,1,14.34,0,0
2394,4526,1453,2,12.46,0,0
2395,2103,2259,1,9.77,0,0
2396,3303,257,1,14.18,0,0
2397,5586,2678,1,11.2,0,0
2398,966,2390,1,13.66,0,0
2399,3983,2002,1,11.02,0,0
2400,5202,471,1,7.67,0,0
2401,5534,1237,3,15.32,0,0
2402,4428,1858,1,18.91,1,0
2403,2695,1437,1,14.62,0,0
2404,5442,3794,1,8.77,0,0
2405,5590,2420,1,14.38,0,0
2406,3207,560,2,8.07,1,0
2407,5181,2283,1,15.69,0,0
2408,5123,3212,1,7.78,0,0
2409,2980,3633,2,15.53,0,0
2410,1909,1644,3,14.37,0,0
2411,2526,1579,1,13.52,0,0
2412,1974,1404,1,15.67,1,0
2413,3420,1820,1,10.77,1,0
2414,1898,3245,2,17.18,0,0
2415,2875,792,1,13.97,1,0
2416,1164,791,1,8.1,0,0
2417,154,2208,1,16.03,0,0
2418,5194,3464,1,16.31,0,0
2419,4446,2820,3,19.76,1,0
2420,3188,1570,2,16.57,1,0
2421,1131,2078,2,21.95,0,0
2422,628,6,2,14.72,0,0
2423,2968,2035,2,14.85,0,0
2424,3758,3284,1,9.57,0,0
2425,5436,3096,2,10.28,0,0
2426,1846,2758,3,14.72,1,0
2427,1292,1556,1,16.28,0,0
2428,4133,2354,3,18.37,0,0
2429,4928,1415,1,12.93,0,0
2430,1241,1448,2,16.29,1,0
2431,5364,709,1,19.11,0,0
2432,2904,3389,2,15.0,1,0
2433,582,791,2,17.89,0,0
2434,1347,341,2,16.92,1,0
2435,3992,1088,1,13.22,0,0
2436,3832,2105,1,8.51,0,0
2437,2570,3345,1,14.22,0,0
2438,3066,2674,1,19.92,0,0
2439,1005,3985,1,12.29,0,0
2440,5345,2179,1,17.16,0,0
2441,2448,912,2,17.3,0,0
2442,5217,2934,1,10.81,1,0
2443,381,1023,1,13.42,0,0
2444,3038,2092,2,12.74,0,0
2445,2615,233,1,13.95,0,0
2446,666,810,1,11.26,1,0
2447,1760,398,1,14.51,0,0
2448,1836,2288,3,23.72,1,0
2449,4872,3030,1,16.75,1,0
2450,2323,1974,1,18.44,0,0
2451,3067,2584,1,13.4,0,0
2452,3859,1762,2,21.08,0,0
2453,1835,2945,1,12.94,0,0
2454,2067,62,2,17.66,0,0
2455,4311,877,2,20.47,0,0
2456,2038,880,3,17.61,0,0
2457,3192,1014,1,15.9,0,0
2458,3108,630,1,9.36,0,0
2459,1988,3876,1,13.0,0,0
2460,4357,3401,1,17.88,1,0
2461,830,1852,1,11.26,0,0
2462,3448,102,1,12.47,0,0
2463,5387,243,2,21.63,0,0
2464,4487,2122,2,17.53,1,0
2465,2627,297,1,12.57,0,0
2466,2510,3705,3,18.47,0,0
2467,2573,3274,2,14.15,0,0
2468,4840,3392,3,18.04,0,0
2469,730,3180,1,11.05,0,0
2470,1165,60,3,12.66,0,0
2471,813,1551,2,11.21,0,0
2472,4847,454,1,6.53,0,0
2473,4279,4001,1,13.82,0,0
2474,3405,3466,1,13.43,0,0
2475,1428,376,1,11.77,0,0
2476,492,2877,3,13.67,0,0
2477,3195,2645,2,12.19,0,0
2478,3510,3298,1,12.86,1,0
2479,784,1730,1,10.63,0,0
2480,4311,877,1,19.99,0,0
2481,4179,2414,1,11.67,0,0
2482,4124,2625,1,18.22,1,0
2483,1762,809,2,10.24,0,0
2484,4543,3989,2,11.51,1,0
2485,606,2036,2,13.28,0,0
2486,5272,274,1,13.24,0,0
2487,991,1262,1,12.75,0,0
2488,1715,2643,2,8.31,0,0
2489,3770,3562,1,12.46,1,0
2490,422,3425,1,12.87,1,0
2491,840,590,2,14.15,0,0
2492,5432,2615,1,16.37,1,0
2493,2946,3248,1,11.28,0,0
2494,3965,3236,1,15.87,0,0
2495,3015,1277,2,16.45,0,0
2496,1141,2401,1,17.41,1,0
2497,4911,4185,1,6.88,0,0
2498,297,860,1,15.04,0,0
2499,691,1829,1,13.15,0,0
2500,474,3219,2,13.79,1,0
2501,542,1654,1,14.71,1,0
2502,2611,2284,1,17.71,1,0
2503,1484,1531,1,12.33,0,0
2504,5088,217,1,13.57,0,0
2505,5050,2600,1,16.69,1,0
2506,528,149,2,8.48,0,0
2507,1255,287,2,22.14,1,0
2508,2950,43,2,13.87,0,0
2509,3133,2908,1,16.01,0,0
2510,3931,1487,2,16.8,0,0
2511,2437,3013,1,14.5,0,0
2512,3094,4001,1,7.44,0,0
2513,1230,134,2,13.04,0,0
2514,2889,3047,1,16.94,0,0
2515,4352,2165,1,12.85,0,0
2516,5471,513,1,11.03,0,0
2517,127,4065,1,8.44,0,0
2518,1132,267,1,18.35,0,0
2519,4791,3787,1,10.36,1,0
2520,3097,4080,1,19.86,0,0
2521,4189,1144,1,12.42,0,0
2522,1865,1958,1,12.04,0,0
2523,973,1451,1,12.0,0,0
2524,4352,2165,1,19.77,0,0
2525,2281,3172,2,14.26,0,0
2526,1987,2908,2,20.98,1,0
2527,1594,3410,1,7.9,0,0
2528,868,1708,1,6.45,0,0
2529,4587,2244,2,17.36,0,0
2530,214,3293,2,12.52,0,0
2531,5292,4029,3,14.89,1,0
2532,1179,2340,1,7.49,1,0
2533,3719,2596,1,15.79,1,0
2534,4293,3536,1,16.18,1,0
2535,4470,1829,2,18.19,0,0
2536,1209,1138,1,11.55,0,0
2537,2613,834,1,10.83,1,0
2538,1322,2255,3,15.73,1,0
2539,2395,2592,2,17.2,0,0
2540,1348,3913,1,14.04,0,0
2541,295,3744,1,10.33,1,0
2542,937,4137,1,11.44,0,0
2543,1553,2303,1,10.67,0,0
2544,5446,1615,1,13.67,0,0
2545,1429,1122,2,18.56,0,0
2546,4908,4080,2,15.35,0,0
2547,3721,1852,1,10.03,0,0
2548,2722,3275,2,19.33,1,0
2549,898,2410,1,11.03,1,0
2550,847,586,1,14.15,1,0
2551,955,1387,1,15.17,0,0
2552,598,214,1,15.39,0,0
2553,3505,3901,2,13.74,1,0
2554,696,3077,1,12.62,0,0
2555,5556,1365,1,13.65,0,0
2556,2935,1399,1,14.43,1,0
2557,4486,452,3,14.81,0,0
2558,714,37,1,8.63,1,0
2559,61,2344,1,8.82,0,0
2560,4575,4112,3,13.15,0,0
2561,4770,3581,2,17.28,0,0
2562,2212,1404,1,10.74,1,0
2563,189,2129,1,9.06,1,0
2564,2670,3792,1,16.79,0,0
2565,3799,2037,1,14.31,0,0
2566,2825,1222,2,14.54,1,0
2567,2699,2226,2,18.97,1,0
2568,2272,120,1,8.8,0,0
2569,2729,1430,1,15.49,1,0
2570,3620,2903,1,13.3,1,0
2571,4269,1932,1,9.99,1,0
2572,3614,3508,1,16.54,0,0
2573,4320,1060,2,19.03,0,0
2574,4991,2501,1,12.91,1,0
2575,4492,2486,1,12.3,0,0
2576,956,4144,1,13.09,0,0
2577,4515,3975,2,9.79,0,0
2578,1685,1230,1,13.02,0,0
2579,3873,3227,1,17.69,1,0
2580,3313,3203,1,14.47,1,0
2581,2863,1709,1,9.84,1,0
2582,2944,3720,3,16.72,1,0
2583,3546,2864,1,14.1,1,0
2584,3412,157,1,14.38,1,0
2585,2882,561,2,12.74,0,0
2586,4616,451,2,15.07,0,0
2587,3534,949,2,12.1,0,0
2588,4028,3516,2,15.56,0,0
2589,4387,1804,1,11.59,0,0
2590,4258,3759,1,14.31,0,0
2591,1114,2579,2,15.98,0,0
2592,4533,2424,2,16.94,0,0
2593,2215,966,1,12.21,0,0
2594,1616,2557,1,12.56,0,0
2595,3796,2395,1,8.68,1,0
2596,3469,1976,2,11.05,0,0
2597,270,3327,1,14.54,1,0
2598,3485,3649,1,4.94,0,0
2599,795,2272,1,10.56,0,0
2600,2781,380,1,10.96,0,0
2601,5171,1920,2,12.41,0,0
2602,1693,489,1,12.23,0,0
2603,2518,692,1,11.67,0,0
2604,3636,3358,1,9.43,0,0
2605,5076,2772,2,16.06,1,0
2606,3100,1742,1,17.15,0,0
2607,542,1654,2,17.32,1,0
2608,3222,2830,2,17.11,0,0
2609,2613,834,2,11.88,0,0
2610,2510,3705,1,12.32,0,0
2611,1662,3890,1,16.19,0,0
2612,4794,1269,3,21.85,0,0
2613,2410,1979,2,13.2,1,0
2614,3905,2887,1,13.76,0,0
2615,2486,820,1,16.1,1,0
2616,5532,3225,2,15.25,0,0
2617,4682,1102,1,16.95,0,0
2618,4913,1090,2,14.86,1,0
2619,2621,2848,1,18.16,0,0
2620,1854,3959,2,17.53,1,0
2621,2333,228,1,10.5,0,0
2622,3935,3356,1,13.57,0,0
2623,610,1612,1,13.5,0,0
2624,5394,3217,1,7.68,0,0
2625,1462,1409,2,14.14,0,0
2626,4575,4112,1,15.35,0,0
2627,717,1224,3,18.34,0,0
2628,2605,2940,1,12.74,0,0
2629,1958,2645,2,15.71,0,0
2630,68,1262,1,14.93,0,0
2631,894,1151,2,15.75,0,0
2632,4285,268,2,14.76,0,0
2633,2137,1696,1,8.44,0,0
2634,2801,3464,1,6.4,1,0
2635,1732,2954,2,15.97,1,0
2636,3895,1954,1,10.8,0,0
2637,4128,2141,2,14.77,0,0
2638,1351,69,1,17.24,0,0
2639,3418,3955,3,19.21,1,0
2640,546,4126,1,14.81,1,0
2641,4055,4195,2,10.13,0,0
2642,2454,594,1,18.76,0,0
2643,633,2978,1,11.64,1,0
2644,953,2809,1,16.27,0,0
2645,4700,4015,2,18.51,0,0
2646,3352,3825,2,9.12,0,0
2647,1726,1306,1,11.64,0,0
2648,185,3663,1,17.14,1,0
2649,980,2850,3,14.8,0,0
2650,1273,1240,1,15.31,0,0
2651,74,3162,2,12.92,0,0
2652,2988,671,1,16.07,0,0
2653,1079,624,3,17.12,1,0
2654,3096,3292,2,16.12,0,0
2655,4743,3944,1,11.93,1,0
2656,1779,4073,1,8.68,0,0
2657,1490,2113,1,19.57,0,0
2658,2497,274,2,14.5,1,0
2659,4507,1815,1,12.24,0,0
2660,653,3684,2,18.84,0,0
2661,2302,4064,2,21.31,1,0
2662,4000,70,3,19.86,0,0
2663,2589,2301,2,14.46,0,0
2664,1406,548,1,13.19,1,0
2665,1497,3887,1,10.17,0,0
2666,2066,1500,2,12.57,0,0
2667,2496,789,1,11.85,0,0
2668,2847,2063,1,17.82,1,0
2669,1720,2682,1,15.24,0,0
2670,1618,2511,2,13.79,0,0
2671,3126,2722,1,7.61,0,0
2672,1441,3412,1,12.33,0,0
2673,1933,1922,1,7.61,0,0
2674,4993,2255,1,12.45,0,0
2675,1080,1706,2,18.11,0,0
2676,3911,1273,1,10.86,1,0
2677,2646,2329,1,10.76,0,0
2678,3515,592,1,18.28,1,0
2679,2802,3448,3,19.49,1,0
2680,4146,1990,1,12.14,0,0
2681,3756,1006,2,10.53,1,0
2682,2905,6,1,15.03,1,0
2683,2650,1415,1,15.99,1,0
2684,2631,1524,1,8.86,0,0
2685,1477,958,1,20.66,1,0
2686,5234,370,2,12.68,0,0
2687,2261,3189,1,13.52,0,0
2688,5125,435,1,15.87,0,0
2689,4458,1529,1,16.72,1,0
2690,3322,21,1,16.68,1,0
2691,4690,316,1,11.58,0,0
2692,1161,215,2,12.18,0,0
2693,3175,119,1,16.71,0,0
2694,511,829,1,13.97,1,0
2695,3522,659,2,16.86,0,0
2696,745,3770,2,17.33,0,0
2697,1202,244,1,13.71,0,0
2698,1669,1292,1,8.38,0,0
2699,4594,3040,1,13.76,1,0
2700,615,1150,2,16.47,0,0
2701,2327,2103,1,12.4,1,0
2702,1758,3603,1,16.95,0,0
2703,1395,3914,1,19.3,0,0
2704,3620,2903,3,17.17,1,0
2705,3550,1502,2,13.0,0,0
2706,5264,3639,1,15.38,1,0
2707,4470,1829,3,14.39,1,0
2708,1187,490,2,15.88,0,0
2709,4460,3607,1,11.52,1,0
2710,2937,812,1,9.07,0,0
2711,674,382,1,17.46,1,0
2712,3257,1007,2,14.35,1,0
2713,4808,2681,1,12.26,0,0
2714,875,2709,2,19.9,0,0
2715,2509,3610,1,11.46,1,0
2716,5178,3705,2,13.49,0,0
2717,1313,3606,1,19.78,1,0
2718,4061,3720,2,16.91,0,0
2719,3846,1443,1,13.19,0,0
2720,2263,2328,1,18.5,0,0
2721,1019,457,1,12.77,0,0
2722,3644,941,2,15.28,0,0
2723,3468,3447,2,14.37,0,0
2724,1000,616,1,16.59,0,0
2725,3444,2829,1,9.38,0,0
2726,371,1422,1,14.77,0,0
2727,663,3073,3,11.55,0,0
2728,4111,704,1,8.07,1,0
2729,4755,3165,1,11.12,1,0
2730,3102,213,2,21.02,0,0
2731,2225,2841,1,6.84,0,0
2732,4423,4100,1,13.28,0,0
2733,5511,1576,1,16.55,1,0
2734,5536,1576,1,17.81,1,0
2735,1129,3994,1,14.31,1,0
2736,3437,3671,2,13.73,1,0
2737,239,3300,4,20.19,1,0
2738,2810,3813,2,19.76,0,0
2739,666,810,1,13.02,0,0
2740,5139,1920,2,18.4,1,0
2741,2032,396,2,15.79,0,0
2742,2816,1337,2,16.56,0,0
2743,5344,272,1,17.23,0,0
2744,2081,46,2,16.21,0,0
2745,3637,1716,3,21.47,1,0
2746,3465,1211,1,14.45,0,0
2747,458,1422,2,16.87,0,0
2748,112,804,1,21.98,0,0
2749,3662,3768,2,10.65,0,0
2750,2517,2930,1,12.12,1,0
2751,1035,1083,1,11.01,0,0
2752,2597,2755,1,11.78,0,0
2753,2875,792,2,17.24,1,0
2754,4992,584,1,18.69,0,0
2755,2741,1883,3,18.23,0,0
2756,2310,837,1,16.06,0,0
2757,2806,307,1,11.08,0,0
2758,388,48,1,11.41,0,0
2759,590,4049,1,12.15,0,0
2760,1304,987,1,15.1,0,0
2761,794,2185,1,18.32,1,0
2762,859,3599,2,19.17,0,0
2763,1157,997,2,21.82,0,0
2764,4472,1833,1,9.74,0,0
2765,3795,3531,2,17.08,1,0
2766,4454,3738,1,12.0,0,0
2767,2091,3204,1,10.91,0,0
2768,2039,1171,3,17.65,0,0
2769,546,4126,2,17.44,0,0
2770,2676,306,1,12.65,0,0
2771,1710,3411,3,17.75,0,0
2772,4900,3008,2,18.14,0,0
2773,5455,3455,2,12.86,0,0
2774,5303,4167,2,14.13,0,0
2775,4431,282,1,11.31,0,0
2776,4394,1423,3,20.16,0,0
2777,383,2961,2,17.04,1,0
2778,1688,1339,1,20.19,1,0
2779,2266,1248,2,16.77,0,0
2780,1632,3347,2,14.31,0,0
2781,3050,2569,2,18.27,0,0
2782,3772,1973,2,18.84,0,0
2783,445,3658,2,8.64,0,0
2784,2730,1112,2,16.11,0,0
2785,4517,3894,2,13.79,0,0
2786,5215,1893,2,19.86,0,0
2787,5133,2464,1,10.08,1,0
2788,448,1417,1,7.8,0,0
2789,5500,3241,1,14.62,0,0
2790,1380,123,1,11.52,0,0
2791,4631,2044,2,18.03,0,0
2792,3768,2118,1,20.45,0,0
2793,3549,1075,1,14.27,0,0
2794,4641,184,1,9.6,0,0
2795,4420,3857,2,19.52,1,0
2796,4230,2666,1,12.97,0,0
2797,1442,2571,2,17.51,1,0
2798,2965,2320,1,20.01,0,0
2799,2739,2595,2,14.36,0,0
2800,566,795,2,10.93,0,0
2801,1778,1033,1,13.67,0,0
2802,4489,2602,1,16.37,1,0
2803,2955,512,1,16.51,1,0
2804,1568,1695,1,11.45,0,0
2805,1,2151,1,7.98,0,0
2806,3799,2037,1,9.52,0,0
2807,2980,3633,3,11.96,0,0
2808,4159,1174,3,19.99,1,0
2809,1734,3800,2,12.63,0,0
2810,5140,607,1,16.83,1,0
2811,846,1758,1,19.59,0,0
2812,796,3978,1,13.83,0,0
2813,4474,3730,1,17.54,0,0
2814,4388,4109,1,13.09,0,0
2815,1763,363,1,14.76,0,0
2816,317,1695,3,20.93,0,0
2817,2966,1753,2,12.24,0,0
2818,3588,3739,3,14.46,1,0
2819,4015,3005,1,10.64,1,0
2820,509,1813,2,14.78,0,0
2821,4201,2128,2,11.79,0,0
2822,1737,504,1,13.16,0,0
2823,4714,1173,1,18.99,0,0
2824,138,4101,1,14.45,0,0
2825,3770,3562,1,10.93,0,0
2826,67,3490,1,12.58,1,0
2827,3245,1049,2,11.73,0,0
2828,5134,673,1,16.29,0,0
2829,5221,3097,2,16.97,1,0
2830,1152,586,1,12.48,0,0
2831,948,141,2,13.79,1,0
2832,2081,46,1,14.83,0,0
2833,4915,366,2,13.24,1,0
2834,1454,4160,1,13.24,0,0
2835,2240,1655,1,15.44,0,0
2836,3518,2319,1,12.16,1,0
2837,3491,982,1,19.48,0,0
2838,3835,2956,2,11.1,0,0
2839,1791,3665,1,16.4,1,0
2840,2402,1465,2,16.8,1,0
2841,4482,1288,1,11.04,1,0
2842,856,3788,1,8.78,1,0
2843,5534,1237,1,17.45,0,0
2844,4964,3238,1,13.72,0,0
2845,1861,3737,1,16.09,0,0
2846,3619,3857,2,10.53,0,0
2847,5188,3103,2,20.48,0,0
2848,3909,3801,2,18.66,0,0
2849,4056,1418,1,13.83,0,0
2850,5245,2030,1,15.04,0,0
2851,4214,3097,2,17.94,0,0
2852,710,2296,1,14.08,1,0
2853,3211,2464,1,15.78,0,0
2854,1049,3660,1,11.78,0,0
2855,3811,1043,3,14.42,0,0
2856,1477,958,1,13.24,0,0
2857,4787,2392,1,13.21,1,0
2858,771,4106,1,6.77,0,0
2859,2492,3340,1,13.22,0,0
2860,4702,446,3,18.0,0,0
2861,3815,650,2,15.11,0,0
2862,4712,3575,1,11.27,1,0
2863,2420,537,1,11.37,0,0
2864,1265,3894,2,21.31,0,0
2865,883,2511,1,9.91,0,0
2866,3084,1066,1,21.15,0,0
2867,1694,41,1,15.25,0,0
2868,1456,2766,1,15.9,0,0
2869,3750,3880,1,15.42,0,0
2870,4818,2268,1,14.26,0,0
2871,2432,442,3,12.19,0,0
2872,3661,544,2,16.96,0,0
2873,1976,1249,3,17.97,0,0
2874,1669,1292,2,19.73,1,0
2875,90,3977,2,14.99,0,0
2876,590,4049,1,17.81,0,0
2877,4967,2219,2,17.13,0,0
2878,3443,4147,1,14.11,0,0
2879,1384,51,3,13.39,1,0
2880,3155,3375,2,13.86,0,0
2881,537,3401,1,22.73,0,0
2882,3228,4078,1,13.88,0,0
2883,3697,1663,1,15.07,0,0
2884,1743,798,2,13.85,0,0
2885,4484,3512,2,22.17,0,0
2886,3361,4055,1,17.2,0,0
2887,647,3156,1,7.59,0,0
2888,1954,3877,2,12.24,0,0
2889,5301,1286,2,18.41,0,0
2890,3080,1510,1,15.56,0,0
2891,291,3173,1,14.94,0,0
2892,824,3734,1,15.32,0,0
2893,2788,2666,1,14.61,1,0
2894,3819,3791,1,18.96,0,0
2895,5501,3915,1,14.73,0,0
2896,97,2887,1,16.25,1,0
2897,1612,4030,1,20.37,1,0
2898,4707,1229,1,16.38,1,0
2899,3336,2833,1,8.87,1,0
2900,4942,674,1,19.2,1,0
2901,3554,1131,3,17.37,1,0
2902,3541,1531,1,14.27,0,0
2903,1484,1531,1,12.43,1,0
2904,2356,4165,2,14.91,1,0
2905,2209,1925,1,11.06,0,0
2906,3019,1519,1,17.87,0,0
2907,5293,1320,1,14.97,0,0
2908,1882,653,1,15.82,0,0
2909,2182,3168,1,15.53,0,0
2910,4525,102,2,16.41,1,0
2911,1705,4150,3,15.98,0,0
2912,2115,634,1,13.15,0,0
2913,5183,1797,1,13.73,0,0
2914,2270,2677,1,8.9,0,0
2915,4543,3989,1,13.0,0,0
2916,5265,2745,2,16.06,1,0
2917,2713,3521,1,5.68,0,0
2918,4101,3207,1,14.52,1,0
2919,5472,1716,2,15.32,0,0
2920,3748,827,1,15.12,1,0
2921,2977,2913,3,14.87,1,0
2922,578,2913,2,14.59,0,0
2923,3711,4002,1,19.14,0,0
2924,3358,2790,1,19.82,0,0
2925,1362,1431,2,13.7,1,0
2926,1069,2964,1,13.75,0,0
2927,3983,2002,1,14.6,0,0
2928,1942,2904,1,10.09,0,0
2929,426,2979,2,19.79,1,0
2930,122,1025,1,7.58,0,0
2931,3458,2159,1,17.29,0,0
2932,3882,3404,1,9.58,0,0
2933,575,1786,1,17.07,0,0
2934,3022,1076,1,11.23,1,0
2935,890,3187,1,14.68,0,0
2936,2687,150,2,15.66,1,0
2937,83,930,2,14.86,0,0
2938,2762,1375,2,14.89,0,0
2939,2701,3922,1,14.22,1,0
2940,1289,1928,2,16.2,0,0
2941,5325,593,1,12.09,0,0
2942,2955,512,3,18.28,0,0
2943,4982,2358,1,17.05,0,0
2944,5497,2622,2,16.98,0,0
2945,982,1607,1,13.0,0,0
2946,5295,2976,1,10.7,0,0
2947,4048,322,1,8.78,0,0
2948,2828,515,2,17.0,0,0
2949,1246,2969,2,19.4,1,0
2950,1988,3876,1,13.04,0,0
2951,3207,560,1,13.82,1,0
2952,4652,2957,1,12.19,0,0
2953,3332,579,2,19.51,1,0
2954,3504,1062,1,11.91,0,0
2955,3729,2949,1,14.66,0,0
2956,4968,1647,1,15.86,1,0
2957,5340,761,1,14.55,0,0
2958,4728,1492,2,13.86,1,0
2959,5221,3097,1,13.66,0,0
2960,3453,194,3,20.42,0,0
2961,2310,837,1,14.82,0,0
2962,1793,2679,2,19.49,0,0
2963,3181,912,2,14.94,0,0
2964,4068,740,1,15.99,0,0
2965,709,2770,3,18.54,0,0
2966,5474,2846,2,12.75,1,0
2967,5358,7,1,11.53,1,0
2968,5247,2094,3,14.31,1,0
2969,4968,1647,1,20.46,0,0
2970,1625,763,1,14.96,0,0
2971,2590,1154,1,12.85,1,0
2972,4063,2994,1,15.82,0,0
2973,1168,1393,3,19.37,1,0
2974,3961,2606,3,22.64,0,0
2975,2052,2685,1,16.08,0,0
2976,59,3094,1,16.29,0,0
2977,4640,298,1,18.06,0,0
2978,3494,289,1,15.85,0,0
2979,3256,1765,1,11.56,1,0
2980,2977,2913,2,9.82,0,0
2981,3009,2957,2,15.31,0,0
2982,3209,303,1,18.36,0,0
2983,3689,1704,1,21.77,1,0
2984,2789,3390,1,8.34,0,0
2985,1360,2487,1,14.18,1,0
2986,1407,919,1,18.98,1,0
2987,3646,3774,1,10.5,0,0
2988,407,2853,1,11.16,1,0
2989,4978,1522,1,14.78,0,0
2990,2323,1974,1,15.17,0,0
2991,1728,3763,1,11.35,1,0
2992,3689,1704,1,15.25,0,0
2993,2772,3359,1,13.73,0,0
2994,1381,4128,1,11.16,0,0
2995,4642,3637,1,11.08,1,0
2996,3064,2116,3,13.75,0,0
2997,4947,3691,1,18.31,0,0
2998,4041,2550,2,16.67,1,0
2999,3014,3046,2,15.27,1,0
3000,1692,3963,2,14.13,1,0
3001,1380,123,1,13.75,1,0
3002,352,2862,1,9.08,0,0
3003,1703,2269,1,13.59,0,0
3004,4509,901,3,17.05,1,0
3005,817,4134,1,16.78,0,0
3006,4045,3155,1,14.22,0,0
3007,1759,3797,3,12.22,0,0
3008,4353,2639,2,12.7,1,0
3009,3804,904,1,14.13,1,0
3010,2967,723,1,11.48,0,0
3011,3960,2129,1,13.7,1,0
3012,4580,3860,2,19.16,0,0
3013,1871,1084,2,17.07,0,0
3014,4772,2454,1,9.67,0,0
3015,3902,373,2,14.54,0,0
3016,706,2808,1,11.78,1,0
3017,2923,1815,3,24.18,1,0
3018,444,99,1,12.29,1,0
3019,4147,234,1,9.9,0,0
3020,4152,3520,1,16.83,0,0
3021,3686,1499,1,12.43,0,0
3022,4870,2361,4,26.59,1,0
3023,5585,3991,1,15.45,0,0
3024,1061,3237,2,15.85,0,0
3025,4630,4063,1,13.52,0,0
3026,354,3332,1,20.04,0,0
3027,3444,2829,3,12.65,0,0
3028,250,385,2,14.18,0,0
3029,4080,3464,1,11.0,0,0
3030,4099,2388,2,15.37,0,0
3031,4942,674,1,11.16,0,0
3032,167,661,1,10.39,0,0
3033,2426,1020,1,14.92,0,0
3034,1770,479,1,11.18,0,0
3035,3146,3742,2,11.8,0,0
3036,201,793,3,21.4,0,0
3037,2723,1527,1,9.18,0,0
3038,4860,948,1,10.88,0,0
3039,1345,639,1,9.18,1,0
3040,3520,3069,2,19.34,0,0
3041,2370,2798,1,17.41,0,0
3042,449,1591,1,14.13,1,0
3043,246,199,1,15.99,1,0
3044,202,2235,2,13.37,0,0
3045,2265,3267,1,12.68,0,0
3046,4226,1589,1,17.93,0,0
3047,2559,3522,1,17.97,0,0
3048,423,2183,3,19.21,0,0
3049,2797,1219,1,13.12,0,0
3050,5485,1971,1,13.02,1,0
3051,2479,1734,1,10.35,0,0
3052,4681,72,1,11.24,0,0
3053,4205,2147,1,19.15,0,0
3054,5265,2745,2,17.83,0,0
3055,3337,3855,2,8.88,0,0
3056,2542,420,1,12.1,1,0
3057,3194,629,1,13.98,0,0
3058,1803,2302,2,4.0,0,0
3059,4127,649,2,20.86,0,0
3060,3171,2443,1,10.16,0,0
3061,3118,3092,1,17.14,0,0
3062,2113,1666,2,10.22,0,0
3063,635,2618,2,15.58,0,0
3064,2534,715,3,21.56,0,0
3065,418,2393,1,12.66,0,0
3066,2471,3772,1,15.15,0,0
3067,4515,3975,1,9.01,1,0
3068,1654,2623,1,13.19,0,0
3069,1728,3763,1,10.7,0,0
3070,4195,3072,1,8.11,1,0
3071,3715,26,4,22.87,0,0
3072,5062,1799,1,10.35,1,0
3073,189,2129,3,13.66,1,0
3074,3506,2454,1,12.92,0,0
3075,1052,764,2,19.51,0,0
3076,3252,3958,3,18.88,0,0
3077,3015,1277,2,18.51,0,0
3078,3569,223,3,17.72,0,0
3079,4021,2422,1,9.05,0,0
3080,1521,2534,2,14.68,0,0
3081,1531,3867,2,14.51,0,0
3082,1461,3331,2,12.12,1,0
3083,3569,223,4,23.52,1,0
3084,1169,4145,1,13.64,1,0
3085,4986,3076,1,11.42,1,0
3086,4048,322,1,16.06,0,0
3087,4693,3982,1,16.54,1,0
3088,216,1900,2,14.43,0,0
3089,4768,3006,1,19.76,1,0
3090,4268,2826,1,12.73,0,0
3091,485,3297,1,9.68,1,0
3092,105,1945,1,13.57,0,0
3093,1900,799,3,17.31,1,0
3094,1212,2512,3,14.76,0,0
3095,3402,3736,1,10.64,0,0
3096,1360,2487,1,21.99,0,0
3097,194,3710,1,19.65,1,0
3098,3429,1821,2,19.13,0,0
3099,5305,1489,1,16.24,1,0
3100,4160,1148,1,16.49,0,0
3101,5310,703,3,21.3,0,0
3102,2636,1209,1,13.03,1,0
3103,1529,1309,1,9.37,0,0
3104,2522,827,1,19.36,0,0
3105,4732,2646,1,6.12,1,0
3106,475,2316,1,8.27,0,0
3107,1983,1193,1,12.93,0,0
3108,1254,1584,1,12.06,0,0
3109,2816,1337,3,16.98,0,0
3110,394,160,2,14.65,0,0
3111,448,1417,3,19.1,1,0
3112,4644,2,1,11.04,0,0
3113,2789,3390,1,17.7,0,0
3114,5371,2861,1,17.33,0,0
3115,2171,2133,3,17.7,1,0
3116,4935,1574,1,14.12,1,0
3117,1151,2162,3,17.64,0,0
3118,5301,1286,3,14.92,1,0
3119,162,3444,2,10.84,0,0
3120,4610,446,3,12.95,0,0
3121,1193,3059,3,16.01,1,0
3122,4396,1413,1,13.11,1,0
3123,3087,2129,1,13.92,0,0
3124,2410,1979,1,7.71,0,0
3125,56,300,1,11.46,1,0
3126,3948,2002,2,17.89,0,0
3127,925,3935,1,14.14,0,0
3128,4710,2890,1,12.33,1,0
3129,1928,3826,1,10.14,1,0
3130,5243,2312,1,15.68,0,0
3131,1306,331,2,7.19,0,0
3132,4542,228,1,15.3,0,0
3133,1917,423,1,15.59,0,0
3134,5323,1852,1,15.59,0,0
3135,2045,951,2,19.57,0,0
3136,726,3882,1,17.25,0,0
3137,958,2270,1,10.3,0,0
3138,1807,427,1,13.59,0,0
3139,3977,1739,1,19.83,0,0
3140,3849,4177,1,21.64,0,0
3141,4376,489,1,15.08,0,0
3142,1729,4146,1,11.79,0,0
3143,375,1688,1,14.9,0,0
3144,5523,1996,1,11.47,0,0
3145,2515,2131,3,18.36,1,0
3146,1150,2903,1,15.69,0,0
3147,434,1335,2,11.31,0,0
3148,4867,198,2,22.0,0,0
3149,2275,4125,3,16.74,0,0
3150,4513,79,1,14.75,1,0
3151,2126,182,1,22.73,0,0
3152,2308,725,2,21.02,0,0
3153,1412,2168,2,12.24,0,0
3154,2361,1777,1,12.54,0,0
3155,1513,867,1,14.57,1,0
3156,2217,654,1,12.63,0,0
3157,61,2344,1,14.89,0,0
3158,5249,323,1,18.31,0,0
3159,1150,2903,1,17.94,0,0
3160,5150,2032,1,8.04,0,0
3161,423,2183,1,15.76,1,0
3162,1036,4090,1,14.9,0,0
3163,4506,2471,2,16.78,0,0
3164,4842,3669,2,16.49,1,0
3165,779,157,2,10.8,0,0
3166,2841,3698,1,13.64,0,0
3167,347,4019,1,12.28,0,0
3168,1170,3720,2,13.33,1,0
3169,2970,1667,2,11.96,1,0
3170,729,281,1,11.8,0,0
3171,3711,4002,2,13.5,1,0
3172,3452,2845,1,14.37,0,0
3173,761,3487,1,17.93,1,0
3174,3918,3671,1,11.9,0,0
3175,1225,2300,3,16.19,1,0
3176,4925,2016,1,17.3,0,0
3177,2190,1595,1,14.46,1,0
3178,1217,4061,3,11.85,0,0
3179,1912,497,1,11.0,0,0
3180,745,3770,1,8.21,0,0
3181,1249,386,2,14.8,1,0
3182,2125,1698,3,16.06,1,0
3183,3833,243,1,13.83,1,0
3184,4999,3216,2,19.88,0,0
3185,5229,639,1,23.24,0,0
3186,1790,265,1,18.05,1,0
3187,5249,323,1,17.32,0,0
3188,268,2803,1,16.77,0,0
3189,5538,2927,1,15.98,1,0
3190,5113,74,1,12.41,1,0
3191,3208,3908,1,12.17,1,0
3192,4326,2647,1,15.67,1,0
3193,2334,3115,2,16.0,0,0
3194,76,3021,1,12.7,0,0
3195,4040,2520,1,20.47,1,0
3196,664,2034,1,15.11,0,0
3197,1078,191,1,15.13,0,0
3198,4763,3878,1,6.19,0,0
3199,1446,4072,2,18.65,1,0
3200,5316,3774,1,18.06,1,0
3201,4734,3096,3,17.3,1,0
3202,5272,274,1,18.87,1,0
3203,4168,253,1,17.25,1,0
3204,4749,2740,2,17.46,0,0
3205,1043,2946,1,9.37,1,0
3206,932,2261,1,15.51,0,0
3207,5401,2498,1,15.86,0,0
3208,2585,1336,1,16.68,0,0
3209,2126,182,2,14.3,0,0
3210,6,154,1,9.29,0,0
3211,3643,2447,1,13.29,0,0
3212,54,1476,2,14.81,1,0
3213,4580,3860,2,14.95,0,0
3214,3754,2552,1,17.03,1,0
3215,2519,942,1,15.68,1,0
3216,5076,2772,1,14.86,0,0
3217,3566,845,2,15.57,0,0
3218,4323,15,1,10.03,1,0
3219,5426,3724,1,9.52,1,0
3220,3303,257,3,16.5,0,0
3221,2850,1442,2,10.05,0,0
3222,3471,1403,1,13.0,0,0
3223,993,3894,2,8.53,0,0
3224,3871,1579,1,17.69,0,0
3225,1482,1973,2,13.99,0,0
3226,3815,650,3,18.05,1,0
3227,2171,2133,2,21.84,0,0
3228,2762,1375,1,8.26,1,0
3229,2632,4121,3,19.13,1,0
3230,3267,40,1,9.3,1,0
3231,2773,589,3,15.69,0,0
3232,2568,4140,2,12.85,1,0
3233,2313,3047,1,15.05,1,0
3234,1240,3060,1,11.17,0,0
3235,4572,194,1,12.95,0,0
3236,2437,3013,1,22.23,0,0
3237,2959,225,2,12.86,0,0
3238,2123,242,1,10.92,0,0
3239,2661,963,1,10.4,0,0
3240,2128,64,3,20.69,0,0
3241,4925,2016,1,10.58,1,0
3242,4435,1964,2,15.63,0,0
3243,1556,1098,2,19.22,0,0
3244,452,4045,1,14.2,1,0
3245,2706,1418,1,11.1,0,0
3246,2117,238,2,19.74,1,0
3247,3458,2159,2,13.23,0,0
3248,3458,2159,2,13.99,0,0
3249,3585,3517,1,11.64,0,0
3250,1176,2390,3,15.06,0,0
3251,14,433,1,18.7,1,0
3252,669,3938,1,12.54,0,0
3253,2613,834,1,14.96,0,0
3254,314,3006,3,17.59,0,0
3255,3742,3035,2,17.28,0,0
3256,3916,1539,2,13.41,0,0
3257,1220,604,2,11.59,1,0
3258,4537,2423,1,17.44,0,0
3259,2724,4093,3,12.1,1,0
3260,4646,482,1,22.76,0,0
3261,2366,2952,1,10.4,0,0
3262,3139,208,1,15.25,0,0
3263,2382,1289,1,13.1,0,0
3264,1521,2534,2,15.13,0,0
3265,3231,1578,1,14.91,0,0
3266,2582,3388,1,15.61,0,0
3267,3815,650,2,18.02,0,0
3268,3664,213,2,9.04,0,0
3269,4414,2067,1,11.73,0,0
3270,4876,1725,2,7.4,0,0
3271,2983,1181,1,14.55,0,0
3272,4710,2890,1,8.04,1,0
3273,2853,2852,3,18.42,0,0
3274,617,3049,1,13.98,0,0
3275,2479,1734,1,15.41,0,0
3276,532,3323,1,16.0,0,0
3277,5417,2629,1,21.62,1,0
3278,443,2460,1,10.21,0,0
3279,2364,517,1,8.75,0,0
3280,2221,2113,2,13.77,0,0
3281,5063,1629,1,8.23,0,0
3282,4169,2967,2,18.74,0,0
3283,4913,1090,1,13.91,0,0
3284,1712,3509,1,13.59,1,0
3285,3968,1887,1,11.31,0,0
3286,4729,1247,2,17.26,1,0
3287,3782,539,2,14.41,0,0
3288,4447,2982,3,22.34,0,0
3289,3335,3997,1,13.1,0,0
3290,3395,1846,1,15.76,1,0
3291,238,1592,1,19.16,0,0
3292,3619,3857,2,15.63,0,0
3293,2429,1396,2,12.21,0,0
3294,4336,3057,1,16.47,0,0
3295,5499,427,1,13.36,0,0
3296,2956,4015,2,15.72,0,0
3297,21,962,2,13.59,0,0
3298,3788,4033,1,13.66,0,0
3299,4118,20,1,15.58,0,0
3300,955,1387,1,12.02,1,0
3301,2351,4014,3,13.82,0,0
3302,4428,1858,1,16.63,0,0
3303,3004,2717,1,16.43,1,0
3304,3521,3322,1,15.88,1,0
3305,4994,2034,2,20.45,1,0
3306,2770,4090,2,13.24,0,0
3307,4370,164,2,10.94,0,0
3308,909,74,2,13.22,0,0
3309,5285,3087,3,15.28,1,0
3310,3133,2908,1,15.4,0,0
3311,1837,922,1,13.19,0,0
3312,2653,2323,2,14.07,0,0
3313,883,2511,1,13.88,0,0
3314,4054,1216,1,15.01,1,0
3315,3305,997,1,16.54,0,0
3316,560,208,3,11.35,0,0
3317,20,1537,2,8.9,0,0
3318,3989,3204,3,22.25,0,0
3319,300,630,1,7.34,0,0
3320,5572,3682,1,3.5,1,0
3321,4333,4030,1,14.86,0,0
3322,4334,2179,2,14.11,0,0
3323,2708,3711,2,14.56,0,0
3324,4947,3691,3,15.16,0,0
3325,2466,3635,1,15.17,1,0
3326,659,2723,1,17.0,0,0
3327,489,625,1,13.63,0,0
3328,1960,3373,2,14.43,0,0
3329,2244,1487,2,17.74,0,0
3330,3785,1331,2,14.64,0,0
3331,5129,1402,2,12.16,0,0
3332,2973,1892,1,14.31,0,0
3333,3968,1887,1,15.12,1,0
3334,3290,2399,1,12.23,0,0
3335,5548,530,1,7.7,0,0
3336,2544,3514,1,13.62,0,0
3337,4449,819,1,15.23,0,0
3338,3195,2645,2,16.65,0,0
3339,4763,3878,2,18.0,0,0
3340,3237,2178,2,10.18,0,0
3341,2089,2407,2,13.03,0,0
3342,2650,1415,1,19.84,0,0
3343,2620,1259,3,21.36,0,0
3344,1831,1359,1,13.73,0,0
3345,3465,1211,1,10.9,0,0
3346,885,2668,3,15.1,0,0
3347,5158,654,1,11.89,0,0
3348,5489,1927,1,13.8,1,0
3349,3364,618,2,10.03,0,0
3350,2898,1073,1,13.28,0,0
3351,4715,2621,2,23.72,0,0
3352,1301,3677,2,19.91,0,0
3353,2128,64,1,12.91,0,0
3354,1631,1353,3,16.79,0,0
3355,3273,2811,3,17.24,0,0
3356,2293,1981,2,17.91,0,0
3357,2354,605,2,16.54,0,0
3358,4746,900,3,20.15,0,0
3359,5499,427,1,17.01,0,0
3360,3441,120,2,21.15,1,0
3361,4705,1396,2,18.52,1,0
3362,3831,1247,3,16.98,0,0
3363,2451,1500,3,12.55,0,0
3364,3539,3752,2,23.7,1,0
3365,3028,1358,2,17.44,1,0
3366,4226,1589,1,18.15,1,0
3367,30,2110,1,14.28,1,0
3368,4998,1712,2,10.34,0,0
3369,1255,287,2,18.11,0,0
3370,838,2866,1,5.89,0,0
3371,613,2260,1,20.22,0,0
3372,2972,3339,1,15.98,0,0
3373,1828,3034,1,9.65,0,0
3374,5235,2177,2,13.58,1,0
3375,5477,3243,1,15.4,0,0
3376,1583,543,1,12.97,0,0
3377,37,2675,1,7.75,1,0
3378,5510,3649,1,12.55,0,0
3379,4859,1095,1,16.94,0,0
3380,4102,3422,1,12.78,1,0
3381,1610,828,2,11.26,1,0
3382,248,4159,1,15.72,0,0
3383,763,3696,1,14.63,0,0
3384,653,3684,3,13.6,0,0
3385,2695,1437,1,8.43,0,0
3386,3303,257,1,13.96,0,0
3387,4007,472,3,19.19,0,0
3388,5359,1236,2,12.73,1,0
3389,3987,1936,1,9.22,1,0
3390,5061,2550,1,15.0,1,0
3391,306,1825,2,17.01,1,0
3392,1501,956,3,23.26,0,0
3393,4994,2034,1,6.93,0,0
3394,728,1520,1,17.63,0,0
3395,976,1789,2,14.42,0,0
3396,3839,2445,1,13.27,0,0
3397,885,2668,1,15.06,0,0
3398,1614,1424,1,13.03,0,0
3399,388,48,1,12.05,0,0
3400,3295,2417,1,11.39,0,0
3401,513,2013,1,18.0,0,0
3402,1511,996,1,17.2,0,0
3403,2326,2379,1,17.21,0,0
3404,2888,1745,2,8.64,0,0
3405,966,2390,3,16.63,1,0
3406,5102,744,1,15.25,0,0
3407,674,382,1,14.43,0,0
3408,4631,2044,3,15.88,1,0
3409,365,1434,1,17.8,0,0
3410,2940,2028,1,14.37,1,0
3411,3472,392,1,9.26,0,0
3412,1605,1723,2,10.78,0,0
3413,1008,1202,1,8.88,0,0
3414,81,1996,1,11.32,0,0
3415,392,4000,1,16.72,1,0
3416,2911,2296,2,15.08,0,0
3417,1080,1706,2,20.07,0,0
3418,4169,2967,3,12.56,1,0
3419,4371,2575,1,7.54,0,0
3420,3967,2877,1,14.13,0,0
3421,2170,2344,2,19.15,1,0
3422,3116,1780,2,17.68,0,0
3423,76,3021,1,8.77,0,0
3424,271,3889,2,16.19,0,0
3425,57,1257,2,13.36,1,0
3426,2889,3047,1,15.75,0,0
3427,149,235,1,16.78,1,0
3428,1933,1922,2,14.62,0,0
3429,4453,3681,1,15.34,1,0
3430,517,2487,2,15.24,0,0
3431,833,704,1,9.68,0,0
3432,4096,1647,1,10.98,0,0
3433,4045,3155,1,13.39,0,0
3434,3681,926,1,15.38,0,0
3435,23,1459,1,13.6,0,0
3436,2353,184,1,22.25,0,0
3437,1291,290,1,3.5,0,0
3438,4500,3867,1,15.18,1,0
3439,3052,96,2,19.75,1,0
3440,4302,3017,2,18.14,1,0
3441,3215,2420,3,11.89,0,0
3442,3152,3995,1,18.33,0,0
3443,234,815,1,10.59,0,0
3444,4886,374,2,22.77,1,0
3445,2123,242,1,12.99,1,0
3446,823,351,2,11.76,1,0
3447,4252,3848,1,15.57,0,0
3448,4825,2084,1,11.16,0,0
3449,4106,204,2,17.42,0,0
3450,3625,1041,1,12.72,0,0
3451,2971,1300,1,15.55,0,0
3452,1316,350,1,18.52,1,0
3453,4533,2424,2,15.78,0,0
3454,3721,1852,1,16.98,1,0
3455,5470,305,2,14.82,0,0
3456,3364,618,2,13.03,0,0
3457,2111,1456,2,13.72,0,0
3458,3453,194,1,12.57,0,0
3459,216,1900,2,20.2,0,0
3460,274,499,2,17.33,0,0
3461,4941,5,1,14.73,0,0
3462,1763,363,3,15.96,1,0
3463,2286,1348,2,15.38,0,0
3464,4922,855,2,15.55,0,0
3465,5275,2895,1,17.01,0,0
3466,3921,1435,2,23.25,0,0
3467,1595,1642,1,13.89,0,0
3468,3007,3146,1,12.82,0,0
3469,1600,1440,2,20.11,1,0
3470,2999,616,2,14.82,0,0
3471,4922,855,2,13.95,1,0
3472,2277,45,2,13.11,0,0
3473,55,886,1,11.1,0,0
3474,31,2634,1,12.67,1,0
3475,1495,1503,1,13.01,0,0
3476,163,153,1,16.48,0,0
3477,4941,5,1,16.97,1,0
3478,5311,1977,2,12.76,1,0
3479,1985,525,1,16.81,0,0
3480,1238,1842,3,10.62,0,0
3481,5423,14,2,12.14,1,0
3482,5424,2339,1,13.24,0,0
3483,4571,2667,1,18.36,0,0
3484,1258,224,1,10.65,1,0
3485,954,3250,1,11.59,0,0
3486,2749,1600,2,15.21,0,0
3487,525,3370,1,13.11,1,0
3488,2637,3342,1,9.52,0,0
3489,3152,3995,1,14.29,0,0
3490,4442,334,1,16.15,0,0
3491,396,3347,1,8.07,0,0
3492,3979,1383,2,13.06,0,0
3493,2374,452,2,12.66,0,0
3494,4952,1657,2,16.77,1,0
3495,1714,2008,2,9.65,0,0
3496,3334,941,1,12.84,0,0
3497,911,3679,1,13.85,1,0
3498,3106,4115,1,18.18,0,0
3499,3113,2740,1,10.56,1,0
3500,394,160,2,16.23,1,0
3501,1230,134,1,15.37,0,0
3502,3568,3756,2,13.93,1,0
3503,2463,1221,2,17.25,0,0
3504,1020,3541,2,9.91,0,0
3505,1032,108,1,14.29,1,0
3506,4268,2826,1,12.07,0,0
3507,1368,31,1,15.5,0,0
3508,1573,358,2,19.3,1,0
3509,1686,4103,1,12.79,1,0
3510,880,953,1,17.04,1,0
3511,3884,2078,1,12.2,0,0
3512,1425,1378,1,7.39,0,0
3513,5228,3156,1,20.39,1,0
3514,5584,3156,1,15.23,0,0
3515,668,1475,2,15.82,0,0
3516,2701,3922,1,18.79,1,0
3517,4246,2058,1,7.17,0,0
3518,4468,1163,2,12.85,0,0
3519,3652,3758,1,14.65,1,0
3520,3908,3760,1,9.03,0,0
3521,2653,2323,2,14.37,0,0
3522,3712,1120,2,16.46,0,0
3523,1314,3811,3,15.97,0,0
3524,3421,1097,2,22.49,0,0
3525,3985,3810,1,11.2,0,0
3526,476,3412,1,13.1,0,0
3527,4106,204,1,19.13,0,0
3528,5371,2861,1,13.64,0,0
3529,756,1032,2,14.4,0,0
3530,1251,638,2,17.37,0,0
3531,1014,1838,1,14.99,0,0
3532,2452,2140,1,17.94,1,0
3533,3157,2435,1,19.77,0,0
3534,3161,1861,1,12.53,0,0
3535,1132,267,1,20.32,0,0
3536,4004,3862,1,12.05,1,0
3537,2038,880,3,17.96,0,0
3538,988,2711,2,15.25,0,0
3539,2260,3146,3,21.43,1,0
3540,2555,2601,1,13.81,0,0
3541,2117,238,1,18.18,1,0
3542,4180,700,1,17.75,0,0
3543,899,3655,3,15.44,1,0
3544,3371,3730,1,15.93,0,0
3545,3258,3718,1,14.64,0,0
3546,3117,2809,2,21.29,0,0
3547,2441,267,1,4.85,0,0
3548,2745,3022,3,17.89,1,0
3549,2283,2355,3,20.22,0,0
3550,2858,3473,1,15.3,1,0
3551,206,1450,1,11.82,0,0
3552,4609,1335,2,11.54,0,0
3553,1557,3080,1,19.14,1,0
3554,2265,3267,1,15.9,0,0
3555,431,1983,2,16.01,0,0
3556,2509,3610,1,12.5,0,0
3557,1092,2242,3,21.83,1,0
3558,4269,1932,2,10.31,0,0
3559,3437,3671,1,16.83,0,0
3560,4874,2268,2,15.14,0,0
3561,4615,2394,1,14.01,0,0
3562,3432,1846,2,13.51,1,0
3563,2170,2344,2,12.92,0,0
3564,184,2196,2,17.1,0,0
3565,3317,294,1,19.3,0,0
3566,3494,289,2,14.21,1,0
3567,5131,3018,1,15.79,0,0
3568,2180,269,1,13.73,0,0
3569,171,4159,2,9.62,0,0
3570,806,2819,1,15.96,0,0
3571,2110,3582,2,19.02,1,0
3572,2125,1698,1,18.32,0,0
3573,3239,3113,1,12.11,1,0
3574,4964,3238,1,7.5,1,0
3575,5007,3513,1,15.74,0,0
3576,1719,1969,2,13.96,0,0
3577,222,16,1,11.07,0,0
3578,3608,163,1,13.43,1,0
3579,5189,465,1,14.69,1,0
3580,97,2887,2,16.64,0,0
3581,934,2005,2,18.09,1,0
3582,3864,4095,1,15.82,0,0
3583,561,3600,2,20.19,0,0
3584,4034,742,1,17.01,0,0
3585,2092,884,1,14.93,1,0
3586,4702,446,4,19.9,0,0
3587,2692,2407,3,22.49,0,0
3588,4367,3708,1,10.83,0,0
3589,3412,157,1,7.08,1,0
3590,253,26,2,21.28,0,0
3591,4293,3536,1,10.37,0,0
3592,2328,1307,1,8.93,0,0
3593,5573,537,1,14.25,0,0
3594,5012,2798,2,10.77,0,0
3595,1561,3585,2,15.23,0,0
3596,375,1688,2,13.53,0,0
3597,5416,1740,1,23.11,1,0
3598,1492,1065,1,12.26,0,0
3599,2179,1551,2,11.72,0,0
3600,3690,3272,1,15.61,1,0
3601,2271,277,2,18.64,1,0
3602,686,2987,3,18.79,1,0
3603,2288,1877,3,17.55,0,0
3604,424,226,2,9.7,0,0
3605,1841,2740,1,19.13,0,0
3606,2845,236,1,13.97,0,0
3607,2004,75,2,11.78,0,0
3608,2709,1197,2,15.35,0,0
3609,745,3770,1,21.29,0,0
3610,1804,2737,3,19.2,0,0
3611,3995,4075,1,17.25,1,0
3612,5223,498,2,15.98,0,0
3613,4941,5,3,17.21,1,0
3614,1260,114,2,18.7,1,0
3615,790,2304,1,8.39,0,0
3616,517,2487,1,12.15,0,0
3617,526,4004,3,12.93,0,0
3618,2184,2814,1,11.95,0,0
3619,2015,804,1,10.29,0,0
3620,3719,2596,2,13.84,0,0
3621,4300,1351,2,14.57,1,0
3622,2515,2131,1,11.19,0,0
3623,4873,3172,2,17.18,0,0
3624,3810,1544,2,10.72,0,0
3625,4310,1540,1,12.0,0,0
3626,4056,1418,1,15.2,0,0
3627,164,2001,3,17.56,0,0
3628,3096,3292,2,10.72,0,0
3629,544,45,1,14.37,0,0
3630,578,2913,1,11.1,0,0
3631,2639,1615,1,17.75,0,0
3632,2131,2619,1,12.8,0,0
3633,5557,3481,1,6.83,0,0
3634,3214,1032,2,11.67,1,0
3635,828,4087,2,15.74,0,0
3636,4873,3172,2,12.65,0,0
3637,5533,3389,3,20.75,1,0
3638,3673,2536,1,16.14,1,0
3639,5214,2552,1,11.36,0,0
3640,5333,3139,1,10.3,1,0
3641,3471,1403,1,10.47,0,0
3642,851,244,1,17.53,1,0
3643,4459,2802,1,13.4,1,0
3644,5545,4148,1,13.58,0,0
3645,2875,792,1,12.16,0,0
3646,5559,3647,2,15.93,0,0
3647,4831,2404,2,16.04,0,0
3648,346,545,2,16.92,0,0
3649,2364,517,1,13.06,0,0
3650,1543,466,2,14.23,0,0
3651,5545,4148,1,10.32,0,0
3652,2240,1655,1,10.03,1,0
3653,4210,1898,1,7.71,0,0
3654,4394,1423,2,14.24,0,0
3655,3396,3209,1,11.73,1,0
3656,3579,1830,1,11.14,1,0
3657,3637,1716,1,20.72,0,0
3658,864,1561,1,16.89,0,0
3659,2173,206,1,12.89,0,0
3660,2934,1718,1,17.23,0,0
3661,256,896,1,23.48,1,0
3662,1743,798,2,14.85,0,0
3663,2174,1917,1,14.67,0,0
3664,2686,2067,2,20.33,0,0
3665,1169,4145,2,12.05,0,0
3666,4024,1750,2,16.28,1,0
3667,2159,366,1,8.62,1,0
3668,8,1903,1,11.38,0,0
3669,526,4004,1,10.39,1,0
3670,3813,2227,2,15.41,0,0
3671,2801,3464,2,13.85,1,0
3672,3807,3964,2,20.3,0,0
3673,630,139,2,17.38,0,0
3674,3242,4198,2,16.15,1,0
3675,1045,818,1,12.13,0,0
3676,1888,3213,1,13.54,0,0
3677,3281,3848,1,6.9,1,0
3678,3203,3683,1,6.83,0,0
3679,2052,2685,1,17.37,0,0
3680,4366,3848,1,20.73,0,0
3681,2075,3655,1,17.85,0,0
3682,1886,100,1,11.12,0,0
3683,1323,1204,1,11.51,1,0
3684,1175,2009,1,17.09,0,0
3685,1488,2824,3,17.77,0,0
3686,1045,818,1,16.55,0,0
3687,2847,2063,3,13.21,0,0
3688,25,952,1,15.49,0,0
3689,2678,3871,1,13.95,0,0
3690,453,120,1,9.11,0,0
3691,2651,2097,3,17.76,0,0
3692,4597,1995,1,9.85,0,0
3693,1018,716,2,11.35,0,0
3694,5376,1985,2,21.27,1,0
3695,862,2961,1,16.48,0,0
3696,505,2401,1,17.9,0,0
3697,2669,1094,1,13.73,0,0
3698,842,4150,1,12.26,0,0
3699,1822,3842,1,11.76,0,0
3700,3720,28,2,11.37,0,0
3701,2837,721,1,16.89,0,0
3702,4232,2905,4,23.26,1,0
3703,2739,2595,3,19.44,1,0
3704,221,645,1,15.01,0,0
3705,3167,3085,2,16.76,0,0
3706,5249,323,1,14.82,1,0
3707,3990,1062,2,12.31,1,0
3708,5081,1407,1,6.05,0,0
3709,4136,3052,1,14.9,0,0
3710,3619,3857,2,14.02,1,0
3711,5545,4148,1,12.65,0,0
3712,3610,613,1,5.78,0,0
3713,3182,3416,2,12.75,0,0
3714,3484,1915,1,14.62,0,0
3715,4244,3133,1,14.69,0,0
3716,1049,3660,2,18.06,0,0
3717,456,3921,3,19.66,0,0
3718,412,4149,1,14.46,0,0
3719,1168,1393,3,17.05,0,0
3720,1128,353,2,14.82,0,0
3721,4475,2474,2,18.81,0,0
3722,602,2281,2,13.53,0,0
3723,1123,1534,2,13.83,0,0
3724,982,1607,1,13.02,0,0
3725,3913,977,3,16.23,0,0
3726,5555,3141,3,18.58,1,0
3727,3776,3570,2,19.96,1,0
3728,5545,4148,2,11.42,0,0
3729,3238,2027,3,15.4,0,0
3730,2524,3826,1,13.61,0,0
3731,2061,4042,2,13.24,0,0
3732,2382,1289,1,12.52,0,0
3733,3073,2988,1,17.72,0,0
3734,2428,2169,2,16.06,1,0
3735,294,3421,1,7.94,0,0
3736,3435,3242,1,13.82,1,0
3737,1192,2564,3,10.4,0,0
3738,1471,200,1,10.16,0,0
3739,2857,3833,2,11.25,0,0
3740,2137,1696,3,16.32,0,0
3741,2539,3756,1,16.67,0,0
3742,1066,1538,2,22.68,0,0
3743,5415,1060,2,12.21,1,0
3744,2345,2474,3,21.99,0,0
3745,3226,2445,1,10.92,0,0
3746,4910,1380,2,13.96,0,0
3747,1713,1745,2,16.02,1,0
3748,4295,2027,2,20.97,1,0
3749,1115,1415,2,13.82,0,0
3750,1819,1108,1,17.01,0,0
3751,4089,2145,2,15.58,0,0
3752,4874,2268,2,20.7,0,0
3753,2119,1280,1,10.59,1,0
3754,3276,1593,2,22.93,1,0
3755,1066,1538,2,22.24,0,0
3756,825,4182,3,13.7,0,0
3757,3321,1464,2,18.42,1,0
3758,629,538,2,17.45,0,0
3759,305,1075,1,12.36,0,0
3760,2479,1734,1,16.61,0,0
3761,2137,1696,2,15.98,1,0
3762,4279,4001,1,18.99,1,0
3763,4041,2550,1,7.45,1,0
3764,1332,3889,1,8.78,0,0
3765,988,2711,1,17.12,0,0
3766,2176,3582,1,13.19,0,0
3767,3772,1973,2,13.83,1,0
3768,1666,4115,3,16.76,0,0
3769,2168,128,1,18.93,1,0
3770,776,1985,3,20.74,1,0
3771,5103,1097,1,10.34,0,0
3772,4278,3807,1,12.64,0,0
3773,4775,3780,1,16.29,0,0
3774,1099,601,2,22.73,0,0
3775,5338,1512,1,12.58,0,0
3776,476,3412,1,4.14,0,0
3777,1721,3254,2,11.14,0,0
3778,5387,243,1,13.61,1,0
3779,5226,3752,1,11.33,0,0
3780,307,1670,3,13.08,0,0
3781,217,3169,1,16.63,0,0
3782,4939,2814,2,16.22,0,0
3783,4840,3392,1,15.74,1,0
3784,2650,1415,1,15.77,0,0
3785,4057,480,2,18.25,1,0
3786,4076,2235,3,15.75,0,0
3787,936,2313,2,22.88,1,0
3788,2124,3999,1,11.12,0,0
3789,390,1205,2,10.24,1,0
3790,2788,2666,1,12.55,0,0
3791,3062,3287,1,16.62,1,0
3792,5011,987,2,13.2,0,0
3793,973,1451,3,18.37,0,0
3794,2898,1073,1,8.29,0,0
3795,1979,1165,2,13.35,0,0
3796,1347,341,1,14.75,0,0
3797,5249,323,1,10.47,1,0
3798,233,3279,1,13.89,0,0
3799,3702,2894,2,16.09,1,0
3800,4263,38,1,16.78,0,0
3801,4449,819,2,16.09,0,0
3802,706,2808,1,13.35,0,0
3803,1551,719,2,22.52,0,0
3804,3679,769,1,15.86,1,0
3805,2847,2063,1,11.52,1,0
3806,1878,3928,1,13.88,0,0
3807,2255,552,1,12.58,0,0
3808,5377,1461,2,17.8,0,0
3809,4034,742,1,11.89,0,0
3810,3275,1243,1,6.29,0,0
3811,4351,542,1,11.08,0,0
3812,963,1697,2,15.72,0,0
3813,1298,2666,1,17.61,1,0
3814,2481,2348,2,18.0,0,0
3815,5458,3880,1,15.49,0,0
3816,2887,235,1,12.86,0,0
3817,1298,2666,1,12.3,0,0
3818,2352,377,2,16.93,0,0
3819,1239,2958,1,11.64,1,0
3820,2881,2941,1,15.56,1,0
3821,2026,2477,1,11.07,0,0
3822,4371,2575,2,14.42,1,0
3823,1164,791,1,15.61,0,0
3824,2465,452,1,10.12,1,0
3825,3289,802,1,20.68,1,0
3826,3868,4117,3,12.63,0,0
3827,905,847,3,14.95,0,0
3828,3803,717,1,15.47,1,0
3829,2363,2082,1,10.93,0,0
3830,5194,3464,2,18.96,1,0
3831,1491,2337,2,19.69,0,0
3832,1445,716,3,21.54,0,0
3833,355,2315,1,23.23,1,0
3834,2928,2315,2,12.3,0,0
3835,4708,1559,1,12.91,1,0
3836,2315,49,1,10.0,1,0
3837,2972,3339,1,14.63,1,0
3838,4675,1386,1,20.83,0,0
3839,4935,1574,2,20.23,1,0
3840,1576,107,2,18.65,1,0
3841,754,1648,1,13.31,1,0
3842,1693,489,1,15.69,1,0
3843,3368,2811,1,13.45,0,0
3844,2129,3310,2,9.49,0,0
3845,2422,3259,1,5.64,0,0
3846,5539,1483,1,12.43,0,0
3847,2035,353,2,17.32,0,0
3848,482,1133,2,12.53,0,0
3849,2798,584,1,11.79,1,0
3850,2247,3911,1,10.97,1,0
3851,4837,1486,1,13.62,1,0
3852,255,1620,3,12.83,1,0
3853,3408,1112,3,15.73,0,0
3854,996,2878,3,16.17,0,0
3855,3381,1033,1,9.13,0,0
3856,2974,2108,2,10.18,1,0
3857,784,1730,1,13.66,0,0
3858,1440,2934,1,9.91,0,0
3859,2453,1682,3,21.76,0,0
3860,3645,1375,1,14.87,0,0
3861,395,1585,4,18.94,0,0
3862,4796,1045,1,10.9,1,0
3863,2898,1073,2,14.37,0,0
3864,3955,1860,1,14.28,0,0
3865,2836,1123,1,20.48,0,0
3866,625,1355,1,13.47,0,0
3867,2683,4183,1,4.8,0,0
3868,2037,1511,1,15.15,0,0
3869,726,3882,1,9.82,0,0
3870,1336,2595,2,21.82,1,0
3871,2279,99,1,14.86,0,0
3872,4759,1349,1,14.23,0,0
3873,1596,2736,3,15.2,0,0
3874,3885,3160,3,15.89,0,0
3875,374,3577,3,8.83,1,0
3876,1979,1165,1,13.2,1,0
3877,563,3551,2,7.06,0,0
3878,4415,2413,1,20.23,0,0
3879,62,4033,1,18.93,1,0
3880,3718,3536,2,9.58,0,0
3881,5065,3894,3,20.78,1,0
3882,2124,3999,1,13.43,1,0
3883,2663,350,2,12.73,0,0
3884,5,3138,1,15.2,0,0
3885,705,1283,1,11.35,1,0
3886,3439,2783,1,9.81,0,0
3887,1210,3877,1,15.26,0,0
3888,223,3235,1,16.44,0,0
3889,3689,1704,1,8.33,0,0
3890,3350,2097,1,12.01,0,0
3891,4242,1708,1,10.66,1,0
3892,854,1631,3,14.34,1,0
3893,974,3052,2,13.65,0,0
3894,5585,3991,1,7.32,1,0
3895,5180,3723,1,12.6,0,0
3896,2739,2595,2,16.85,0,0
3897,4476,810,1,13.65,0,0
3898,2087,2448,1,14.0,0,0
3899,3269,3072,1,16.7,0,0
3900,758,893,1,13.09,0,0
3901,585,300,2,14.43,1,0
3902,2266,1248,2,9.93,0,0
3903,65,3658,2,16.27,0,0
3904,2520,2011,1,11.62,0,0
3905,3148,406,1,7.77,1,0
3906,2160,2563,1,16.21,0,0
3907,2215,966,2,14.29,0,0
3908,2291,2615,1,15.2,0,0
3909,150,864,1,22.72,0,0
3910,1838,524,1,16.26,0,0
3911,1694,41,1,7.07,0,0
3912,4945,660,1,17.51,0,0
3913,3635,2627,1,7.41,0,0
3914,2700,2136,1,7.38,1,0
3915,1925,828,1,9.72,0,0
3916,2209,1925,1,12.11,0,0
3917,658,1980,1,13.65,1,0
3918,5210,3807,1,16.01,0,0
3919,847,586,1,16.4,1,0
3920,2700,2136,1,13.98,0,0
3921,453,120,3,18.6,0,0
3922,4728,1492,3,18.37,1,0
3923,570,1957,1,19.15,0,0
3924,5000,1119,1,11.77,0,0
3925,2795,160,1,14.23,0,0
3926,4942,674,1,18.04,1,0
3927,5557,3481,1,9.25,0,0
3928,951,3812,2,16.81,1,0
3929,1159,1372,1,13.44,0,0
3930,70,3192,3,19.74,0,0
3931,4252,3848,2,18.23,1,0
3932,3918,3671,3,21.16,1,0
3933,3242,4198,1,12.74,1,0
3934,5189,465,1,19.7,0,0
3935,5219,3586,1,14.08,0,0
3936,3406,3430,1,10.68,0,0
3937,370,2107,1,15.05,0,0
3938,1406,548,1,17.03,1,0
3939,525,3370,3,12.76,0,0
3940,1496,3720,1,16.04,1,0
3941,2834,1818,2,9.71,0,0
3942,723,1402,1,13.23,1,0
3943,718,3425,1,11.95,0,0
3944,1804,2737,3,18.78,0,0
3945,335,3571,1,16.25,0,0
3946,1551,719,1,11.08,0,0
3947,3601,1185,1,16.03,0,0
3948,1399,235,1,15.76,0,0
3949,5110,2389,1,16.31,0,0
3950,3800,2108,3,23.81,1,0
3951,3168,2849,1,19.51,1,0
3952,5091,3084,1,17.24,1,0
3953,1164,791,2,8.22,1,0
3954,1479,1584,1,7.74,0,0
3955,2900,933,3,17.95,1,0
3956,3484,1915,2,12.61,0,0
3957,88,1180,1,19.75,0,0
3958,2699,2226,3,15.7,0,0
3959,4365,30,1,21.41,0,0
3960,368,3724,2,14.05,0,0
3961,2296,530,2,17.93,1,0
3962,3126,2722,1,14.84,0,0
3963,2795,160,1,14.44,1,0
3964,4116,1989,1,12.84,0,0
3965,1387,3757,3,20.13,0,0
3966,3603,1810,1,9.98,1,0
3967,3970,3782,1,15.07,0,0
3968,545,1169,1,15.91,1,0
3969,3720,28,2,15.6,0,0
3970,3753,720,1,5.12,1,0
3971,1259,73,1,12.67,0,0
3972,3082,77,1,13.77,0,0
3973,3428,985,1,13.04,1,0
3974,4416,395,1,16.75,0,0
3975,4938,3726,1,11.85,1,0
3976,4034,742,1,13.78,0,0
3977,411,439,2,17.36,0,0
3978,1710,3411,3,15.39,0,0
3979,1897,1145,2,15.2,0,0
3980,5484,966,3,17.79,0,0
3981,3999,1082,1,12.43,1,0
3982,2575,2946,1,10.8,0,0
3983,484,1796,2,23.03,0,0
3984,4068,740,1,9.74,0,0
3985,559,2151,1,12.5,0,0
3986,2845,236,1,9.87,0,0
3987,521,2779,1,15.86,0,0
3988,2367,2144,1,12.34,0,0
3989,2165,1519,2,23.57,1,0
3990,2149,3493,1,14.56,1,0
3991,2882,561,1,7.82,0,0
3992,1566,819,1,14.53,0,0
3993,5283,1720,1,17.07,1,0
3994,4224,570,2,13.41,1,0
3995,4851,3916,1,15.81,0,0
3996,3984,2072,1,10.12,0,0
3997,2410,1979,1,11.6,0,0
3998,4285,268,2,14.1,0,0
3999,432,2236,3,17.43,1,0
4000,3990,1062,1,10.55,1,0
4001,5274,1613,3,16.21,0,0
4002,3764,1426,2,16.1,0,0
4003,4601,1318,1,20.79,0,0
4004,564,3639,1,14.2,0,0
4005,3472,392,1,20.18,0,0
4006,1206,3847,2,20.59,0,0
4007,2818,4169,3,10.5,0,0
4008,2987,2372,2,17.52,0,0
4009,1886,100,1,15.21,0,0
4010,1002,3670,1,17.67,0,0
4011,1512,1874,3,16.87,0,0
4012,1438,1200,2,17.06,0,0
4013,4868,3447,2,21.29,1,0
4014,4399,568,1,20.82,0,0
4015,689,2110,1,9.35,0,0
4016,5160,3778,1,9.52,1,0
4017,1364,2814,1,16.12,0,0
4018,2189,1231,1,12.55,0,0
4019,4501,422,1,14.74,0,0
4020,1350,2755,1,14.45,0,0
4021,1230,134,1,9.64,0,0
4022,1725,3099,1,11.7,0,0
4023,5181,2283,2,12.97,1,0
4024,164,2001,1,16.04,0,0
4025,771,4106,1,13.9,0,0
4026,1249,386,2,14.55,1,0
4027,5003,2792,1,10.89,0,0
4028,5414,2585,1,15.62,0,0
4029,2172,2393,1,8.6,1,0
4030,4900,3008,1,14.08,0,0
4031,1652,3762,2,13.96,0,0
4032,4504,3844,1,12.57,0,0
4033,8,1903,1,19.56,0,0
4034,3687,3873,1,11.82,1,0
4035,4917,562,3,26.61,0,0
4036,1832,2405,1,10.44,1,0
4037,4464,1535,1,10.39,0,0
4038,1818,1116,2,16.35,0,0
4039,2856,2072,1,11.31,0,0
4040,1254,1584,1,17.25,0,0
4041,3572,2440,1,20.88,0,0
4042,197,4010,1,12.31,0,0
4043,4977,299,3,20.78,0,0
4044,1396,1768,1,15.74,0,0
4045,166,995,1,11.12,0,0
4046,1825,328,1,11.86,0,0
4047,2863,1709,1,15.15,1,0
4048,963,1697,1,16.06,0,0
4049,887,3522,1,9.94,0,0
4050,2084,466,1,12.5,0,0
4051,751,91,3,18.57,0,0
4052,3339,608,1,10.98,0,0
4053,1493,2729,2,13.76,0,0
4054,4531,3398,1,13.88,0,0
4055,2171,2133,1,16.26,0,0
4056,4300,1351,2,11.26,0,0
4057,3848,1194,1,12.26,0,0
4058,3080,1510,1,9.41,0,0
4059,5285,3087,3,14.92,1,0
4060,348,3928,3,20.69,1,0
4061,1397,3953,1,16.74,1,0
4062,2094,3651,3,20.28,0,0
4063,2188,801,1,11.56,0,0
4064,44,1428,2,13.16,0,0
4065,3186,4152,2,14.02,0,0
4066,1362,1431,2,16.53,0,0
4067,2461,3296,3,15.53,1,0
4068,4738,351,1,17.49,1,0
4069,3257,1007,3,17.66,0,0
4070,5332,3499,2,15.07,1,0
4071,1273,1240,1,16.53,0,0
4072,120,776,1,10.29,0,0
4073,3446,1753,2,12.5,0,0
4074,3063,552,3,18.81,0,0
4075,3342,2335,1,11.84,0,0
4076,4712,3575,2,15.11,0,0
4077,42,151,3,18.23,0,0
4078,2779,3902,1,14.37,0,0
4079,4921,3507,1,7.86,0,0
4080,2305,2504,1,16.5,0,0
4081,1372,3258,1,9.6,1,0
4082,2269,2395,1,15.87,0,0
4083,460,1826,1,14.06,0,0
4084,5096,3717,1,13.37,1,0
4085,348,3928,1,10.91,0,0
4086,3047,1125,1,14.61,0,0
4087,3366,1802,1,16.56,0,0
4088,1070,174,2,17.37,1,0
4089,3059,2918,2,16.26,0,0
4090,3410,2211,3,9.75,0,0
4091,4992,584,1,6.28,0,0
4092,3041,1612,1,12.7,0,0
4093,34,1061,2,12.41,0,0
4094,5305,1489,1,12.58,0,0
4095,676,1713,1,11.85,0,0
4096,5404,2708,1,10.38,1,0
4097,630,139,1,5.79,1,0
4098,1503,2515,1,7.94,1,0
4099,263,2558,1,13.61,0,0
4100,4733,3989,3,21.39,1,0
4101,369,4178,1,10.65,0,0
4102,3267,40,1,11.98,1,0
4103,4129,1030,1,19.17,1,0
4104,4432,3663,1,14.99,1,0
4105,5388,1541,1,11.71,1,0
4106,1667,2977,1,13.91,0,0
4107,3844,488,2,15.1,1,0
4108,1255,287,1,13.67,0,0
4109,5512,2086,1,14.48,0,0
4110,4826,3908,1,14.86,0,0
4111,4258,3759,1,11.68,1,0
4112,3954,2346,3,17.29,1,0
4113,994,3661,3,15.35,0,0
4114,1274,1907,3,14.18,1,0
4115,3634,1210,1,13.87,0,0
4116,1521,2534,3,21.14,0,0
4117,5204,497,3,15.46,1,0
4118,2786,1591,1,17.92,0,0
4119,5402,925,1,12.3,0,0
4120,1034,3927,3,22.67,0,0
4121,3661,544,2,10.79,0,0
4122,5134,673,1,16.71,1,0
4123,3984,2072,1,14.27,0,0
4124,2748,1997,1,18.29,0,0
4125,1091,2316,1,16.76,0,0
4126,1162,3119,1,13.96,1,0
4127,5332,3499,3,21.06,1,0
4128,811,627,1,10.99,0,0
4129,5242,375,1,11.41,0,0
4130,3098,3707,1,18.11,1,0
4131,1085,3401,1,10.32,0,0
4132,1585,2997,1,17.82,0,0
4133,912,3526,1,12.42,1,0
4134,4338,2657,1,13.44,1,0
4135,1395,3914,1,10.72,1,0
4136,5220,76,2,17.14,0,0
4137,1979,1165,2,21.76,0,0
4138,5426,3724,2,12.21,0,0
4139,446,3921,2,21.46,0,0
4140,3480,1583,1,13.9,0,0
4141,4091,1092,1,16.85,0,0
4142,2407,4008,2,12.39,1,0
4143,4182,1556,2,19.71,0,0
4144,1942,2904,1,16.72,0,0
4145,932,2261,3,16.59,0,0
4146,5109,411,1,17.84,1,0
4147,3903,91,2,16.64,0,0
4148,3365,3116,1,15.1,0,0
4149,457,538,2,11.65,0,0
4150,267,554,3,17.58,1,0
4151,738,1432,3,12.4,1,0
4152,2874,2423,1,10.67,0,0
4153,1669,1292,1,16.63,0,0
4154,3980,1650,1,12.52,0,0
4155,2624,242,1,9.21,0,0
4156,1933,1922,1,11.68,0,0
4157,2739,2595,2,13.0,1,0
4158,720,2562,2,17.39,0,0
4159,2287,3964,1,16.34,0,0
4160,2632,4121,2,13.42,0,0
4161,1853,2857,1,10.22,1,0
4162,650,1319,1,12.47,0,0
4163,3605,2006,1,12.13,0,0
4164,5345,2179,3,17.8,0,0
4165,3732,1797,1,14.63,0,0
4166,735,1119,1,12.07,1,0
4167,3284,2173,1,18.51,0,0
4168,419,3271,1,16.92,0,0
4169,2009,3862,1,19.55,1,0
4170,1869,986,1,18.86,0,0
4171,4163,1738,2,18.37,1,0
4172,2478,1892,1,15.23,1,0
4173,4043,285,2,11.04,0,0
4174,1413,702,2,16.56,0,0
4175,4261,2177,1,10.59,1,0
4176,2981,1180,1,19.36,0,0
4177,541,3895,1,14.79,0,0
4178,3621,1832,2,16.49,1,0
4179,1058,2455,1,9.37,0,0
4180,1777,539,1,18.89,0,0
4181,3821,4120,2,11.87,0,0
4182,366,1961,1,13.68,0,0
4183,2338,391,2,20.19,0,0
4184,1680,46,1,10.86,1,0
4185,2498,179,2,14.76,1,0
4186,2233,3584,1,9.16,0,0
4187,1253,1672,1,9.88,1,0
4188,4078,895,2,26.6,0,0
4189,546,4126,1,9.23,1,0
4190,5542,1021,1,7.85,0,0
4191,2902,3384,2,18.09,0,0
4192,946,1246,2,19.76,0,0
4193,3315,2849,2,9.67,1,0
4194,1084,943,2,17.39,0,0
4195,4884,3896,2,19.6,0,0
4196,4490,3991,3,16.74,1,0
4197,536,507,2,15.04,0,0
4198,4166,2683,2,16.17,0,0
4199,1681,1664,1,18.85,1,0
4200,4898,851,1,5.71,0,0
4201,4588,1447,2,20.04,0,0
4202,1658,1585,2,12.9,0,0
4203,4524,885,2,14.92,0,0
4204,5153,1358,2,13.19,0,0
4205,1302,4118,2,15.32,0,0
4206,4867,198,3,22.8,0,0
4207,1528,2945,1,10.02,0,0
4208,2091,3204,1,9.36,0,0
4209,4065,1140,1,13.69,0,0
4210,4172,214,1,10.03,0,0
4211,530,1079,1,11.47,0,0
4212,2384,3702,1,12.77,0,0
4213,712,1908,2,16.39,0,0
4214,1491,2337,2,15.25,0,0
4215,3392,491,2,19.44,0,0
4216,322,2138,3,13.44,1,0
4217,3426,2966,1,15.87,0,0
4218,1117,590,3,20.28,1,0
4219,1230,134,1,10.43,0,0
4220,4351,542,1,7.76,0,0
4221,4736,438,2,16.04,0,0
4222,4055,4195,2,13.24,0,0
4223,4129,1030,2,11.93,1,0
4224,4678,755,3,15.5,0,0
4225,3743,2117,2,17.9,1,0
4226,3384,448,2,9.72,0,0
4227,1296,1972,1,15.99,1,0
4228,1666,4115,2,17.6,1,0
4229,2808,1018,1,16.81,0,0
4230,5307,77,2,12.6,0,0
4231,2933,2256,2,9.85,1,0
4232,1125,697,2,15.55,0,0
4233,984,1448,2,13.52,0,0
4234,1316,350,2,18.05,0,0
4235,4653,1856,1,14.23,0,0
4236,1463,2232,1,11.75,0,0
4237,3458,2159,2,10.92,0,0
4238,1405,1061,2,8.03,0,0
4239,2217,654,2,21.44,0,0
4240,2177,3838,1,11.29,0,0
4241,1829,1946,2,13.68,0,0
4242,165,3053,1,6.4,0,0
4243,1849,2172,2,13.33,0,0
4244,4358,196,1,15.74,0,0
4245,3580,2363,1,11.76,0,0
4246,3539,3752,1,16.15,0,0
4247,3014,3046,1,15.82,0,0
4248,5190,1757,3,21.09,0,0
4249,1016,2207,1,17.11,1,0
4250,1501,956,1,12.5,0,0
4251,3222,2830,2,15.91,0,0
4252,2945,2291,2,14.73,0,0
4253,5295,2976,1,14.24,1,0
4254,1356,1955,1,12.86,0,0
4255,5504,1470,1,16.84,0,0
4256,3442,2698,3,16.74,0,0
4257,3966,1036,3,19.04,0,0
4258,3637,1716,2,14.0,1,0
4259,5111,1192,1,13.99,0,0
4260,2921,951,4,15.97,1,0
4261,1974,1404,1,11.65,0,0
4262,3297,945,2,15.09,0,0
4263,4304,3632,1,19.62,1,0
4264,4286,2819,1,19.08,0,0
4265,1388,2476,1,14.89,0,0
4266,2935,1399,2,12.34,0,0
4267,4517,3894,2,19.94,0,0
4268,3901,3988,2,17.82,0,0
4269,1368,31,1,17.59,0,0
4270,3138,1278,1,15.03,1,0
4271,3182,3416,1,17.85,0,0
4272,2405,1323,1,19.64,0,0
4273,2876,2058,1,11.07,1,0
4274,1101,2486,1,11.73,1,0
4275,361,3452,1,8.7,0,0
4276,4297,3441,1,14.94,0,0
4277,4196,465,1,16.68,0,0
4278,4545,683,2,21.06,1,0
4279,2811,3485,1,13.37,1,0
4280,5499,427,1,13.28,0,0
4281,925,3935,1,12.41,0,0
4282,1544,3663,1,18.89,1,0
4283,86,42,2,18.44,0,0
4284,2331,2552,2,16.09,0,0
4285,3691,4143,1,18.58,0,0
4286,5348,2893,1,9.8,0,0
4287,851,244,1,17.49,0,0
4288,3731,3812,1,12.07,0,0
4289,763,3696,1,15.72,0,0
4290,3753,720,1,10.87,0,0
4291,3105,2639,1,15.73,1,0
4292,865,2496,1,12.5,0,0
4293,4623,56,3,15.84,1,0
4294,2583,896,2,12.3,1,0
4295,2542,420,1,11.69,0,0
4296,4272,3325,1,7.94,1,0
4297,2277,45,1,13.39,1,0
4298,406,2625,2,22.63,0,0
4299,5048,2264,1,13.12,1,0
4300,897,1735,1,19.24,0,0
4301,2101,2046,1,11.09,1,0
4302,4181,607,1,12.63,1,0
4303,3564,951,2,14.79,0,0
4304,1554,953,1,10.44,0,0
4305,1173,3365,1,13.55,0,0
4306,3000,2234,2,20.18,0,0
4307,39,3272,1,12.37,0,0
4308,1107,1247,2,16.19,1,0
4309,5200,3631,1,8.77,0,0
4310,4438,193,1,16.71,0,0
4311,3479,3202,1,7.95,0,0
4312,1125,697,4,19.62,1,0
4313,3251,511,2,16.4,1,0
4314,2052,2685,1,11.31,0,0
4315,1289,1928,3,11.67,1,0
4316,5202,471,1,7.23,0,0
4317,1009,1050,2,15.56,0,0
4318,2712,603,2,21.84,1,0
4319,5173,1099,1,8.56,1,0
4320,5256,2027,2,19.2,0,0
4321,4896,26,2,15.04,0,0
4322,1949,644,2,20.74,0,0
4323,6,154,2,12.45,0,0
4324,4571,2667,1,12.61,0,0
4325,1942,2904,1,12.29,1,0
4326,2221,2113,2,19.39,0,0
4327,4536,725,1,15.93,0,0
4328,2808,1018,3,16.73,0,0
4329,689,2110,1,15.81,0,0
4330,5376,1985,2,23.38,1,0
4331,4086,3192,2,10.06,0,0
4332,3825,3755,1,17.57,0,0
4333,5531,796,1,13.02,0,0
4334,181,3366,1,17.03,0,0
4335,1313,3606,1,23.16,1,0
4336,849,562,2,18.02,0,0
4337,4893,3033,2,13.68,0,0
4338,3675,2373,1,18.98,0,0
4339,845,2587,1,13.73,1,0
4340,1515,3072,2,8.27,0,0
4341,929,2728,2,14.23,0,0
4342,398,3351,1,13.83,0,0
4343,1233,349,3,24.88,0,0
4344,3546,2864,1,16.53,0,0
4345,1888,3213,2,14.57,1,0
4346,1083,650,2,16.99,0,0
4347,2004,75,3,17.3,0,0
4348,5490,639,1,13.53,1,0
4349,622,2699,3,14.31,0,0
4350,4652,2957,1,15.6,1,0
4351,997,773,1,10.11,0,0
4352,3964,1234,1,11.44,0,0
4353,2578,1849,2,13.6,1,0
4354,1881,3055,2,11.76,1,0
4355,1293,3980,2,19.65,0,0
4356,4567,2828,1,11.96,1,0
4357,1152,586,1,16.55,0,0
4358,833,704,3,16.9,0,0
4359,2673,2793,2,17.4,0,0
4360,2444,3878,1,19.84,0,0
4361,1629,2049,1,16.42,1,0
4362,433,1139,3,16.21,0,0
4363,2993,953,1,13.36,1,0
4364,1274,1907,2,20.54,0,0
4365,1300,1860,1,14.14,0,0
4366,67,3490,2,16.65,1,0
4367,2736,2507,1,9.1,0,0
4368,364,2177,1,9.17,1,0
4369,1274,1907,1,11.99,0,0
4370,1191,1725,1,17.58,0,0
4371,4258,3759,2,13.9,0,0
4372,575,1786,1,9.31,0,0
4373,1170,3720,1,16.95,0,0
4374,2631,1524,1,12.75,0,0
4375,2507,2001,1,12.77,0,0
4376,608,638,1,11.04,1,0
4377,4070,1375,3,21.91,0,0
4378,1304,987,1,13.06,0,0
4379,209,3529,1,12.8,0,0
4380,1576,107,1,17.58,0,0
4381,4813,711,2,16.77,0,0
4382,2095,3544,1,10.95,0,0
4383,441,3240,3,18.82,0,0
4384,8,1903,1,13.58,0,0
4385,1012,2257,1,11.41,0,0
4386,1032,108,2,15.1,0,0
4387,5261,3434,1,15.46,0,0
4388,609,3161,2,16.45,0,0
4389,3411,301,3,11.89,1,0
4390,4443,3421,1,10.82,0,0
4391,3497,730,1,17.92,0,0
4392,3022,1076,3,18.23,0,0
4393,3100,1742,1,16.77,1,0
4394,1848,1653,3,19.06,0,0
4395,66,2467,1,9.62,1,0
4396,3030,2858,1,16.52,0,0
4397,4701,1886,2,17.86,0,0
4398,1255,287,1,13.44,0,0
4399,4012,4030,1,14.96,0,0
4400,1202,244,1,18.65,0,0
4401,1073,1135,2,13.75,1,0
4402,582,791,1,11.16,0,0
4403,4365,30,1,17.25,0,0
4404,4736,438,1,12.68,0,0
4405,3540,2612,1,10.54,0,0
4406,4716,881,1,10.98,0,0
4407,4006,2856,2,20.69,0,0
4408,1581,2136,1,8.99,0,0
4409,3646,3774,2,20.67,0,0
4410,352,2862,1,15.37,0,0
4411,1415,3446,2,16.71,0,0
4412,334,2044,1,11.79,0,0
4413,2076,3670,1,13.92,0,0
4414,1353,973,1,13.47,0,0
4415,762,3411,1,17.39,0,0
4416,4088,364,1,13.19,0,0
4417,3131,3218,1,11.49,0,0
4418,2436,2435,2,16.88,1,0
4419,4407,2301,2,17.6,0,0
4420,4039,3685,1,15.45,0,0
4421,3983,2002,1,12.83,1,0
4422,1714,2008,2,15.14,0,0
4423,1315,1470,1,19.89,0,0
4424,3080,1510,1,12.41,0,0
4425,3285,3129,1,5.09,0,0
4426,612,3682,2,10.61,1,0
4427,2459,1305,2,17.88,0,0
4428,5411,1536,3,14.55,1,0
4429,2692,2407,3,16.63,0,0
4430,2487,1335,2,9.82,0,0
4431,5556,1365,1,11.08,0,0
4432,1140,806,1,15.87,0,0
4433,4196,465,1,12.63,0,0
4434,2788,2666,2,21.22,1,0
4435,2800,235,2,17.5,0,0
4436,5038,1505,1,13.57,1,0
4437,1867,506,1,12.49,0,0
4438,3499,1118,1,14.32,0,0
4439,4108,7,1,13.8,1,0
4440,1048,3569,3,13.97,0,0
4441,2718,3058,1,13.89,0,0
4442,2673,2793,1,16.99,0,0
4443,2897,3839,2,13.54,0,0
4444,4778,114,2,14.94,1,0
4445,2312,2807,2,14.84,0,0
4446,979,3300,2,5.93,0,0
4447,3292,2173,1,3.7,0,0
4448,3248,428,3,20.71,0,0
4449,1113,414,1,16.12,0,0
4450,5308,2034,3,15.24,0,0
4451,1536,3980,2,16.66,0,0
4452,2364,517,2,16.06,0,0
4453,3533,3719,1,14.04,0,0
4454,1898,3245,1,16.59,0,0
4455,1272,2412,2,21.93,0,0
4456,4516,1400,1,11.81,0,0
4457,1106,787,1,7.46,0,0
4458,4714,1173,1,12.89,1,0
4459,2045,951,2,10.23,1,0
4460,3095,3274,1,18.17,0,0
4461,2222,4029,2,15.73,0,0
4462,2180,269,2,12.28,0,0
4463,3665,3001,1,10.73,0,0
4464,976,1789,1,14.78,0,0
4465,1068,2092,2,11.61,1,0
4466,3225,3636,1,16.61,1,0
4467,1787,1251,1,19.92,1,0
4468,664,2034,1,10.43,0,0
4469,4167,3098,1,9.73,0,0
4470,2582,3388,1,10.4,1,0
4471,1150,2903,2,17.95,0,0
4472,4479,724,1,11.06,0,0
4473,1741,2253,1,14.37,0,0
4474,272,1988,1,8.24,0,0
4475,4015,3005,2,12.24,0,0
4476,1002,3670,2,14.44,0,0
4477,4130,2204,1,11.03,0,0
4478,1769,2543,1,15.59,0,0
4479,3051,2393,1,10.62,0,0
4480,4146,1990,2,20.23,1,0
4481,426,2979,1,14.93,0,0
4482,4429,2793,1,15.78,0,0
4483,2782,3747,3,18.5,0,0
4484,2441,267,2,16.62,0,0
4485,211,403,1,11.77,0,0
4486,1288,453,1,20.45,0,0
4487,5581,3513,1,19.27,1,0
4488,992,1578,2,13.5,0,0
4489,2724,4093,1,16.3,0,0
4490,1508,314,1,12.91,0,0
4491,2446,1640,1,8.18,1,0
4492,5555,3141,1,18.98,1,0
4493,3506,2454,1,19.03,1,0
4494,2427,3750,1,16.11,1,0
4495,3770,3562,1,10.65,0,0
4496,871,4106,1,19.88,1,0
4497,4633,3791,2,14.9,0,0
4498,260,1014,1,18.88,0,0
4499,4477,3035,1,15.03,0,0
4500,1923,1158,2,18.52,0,0
4501,980,2850,2,17.38,1,0
4502,1698,1872,1,12.7,0,0
4503,2963,717,3,14.46,1,0
4504,1684,1520,2,12.76,1,0
4505,5034,874,2,16.73,1,0
4506,5087,111,1,8.57,0,0
4507,3166,1405,3,20.44,0,0
4508,937,4137,1,17.11,1,0
4509,1501,956,1,21.14,0,0
4510,4871,1328,1,13.18,0,0
4511,1949,644,1,19.35,1,0
4512,3257,1007,1,13.75,0,0
4513,2560,905,1,11.36,0,0
4514,3574,2293,1,11.13,0,0
4515,109,2225,1,10.24,0,0
4516,2254,1215,1,16.03,0,0
4517,459,3397,1,9.95,1,0
4518,1983,1193,1,16.62,0,0
4519,5002,1970,1,18.05,0,0
4520,2439,868,3,17.94,0,0
4521,1479,1584,2,17.1,0,0
4522,3291,3566,1,12.66,1,0
4523,5183,1797,1,10.43,0,0
4524,336,2647,2,12.69,0,0
4525,840,590,2,18.03,1,0
4526,5458,3880,1,13.31,1,0
4527,708,3828,2,8.34,0,0
4528,53,3245,2,17.15,0,0
4529,5075,635,3,13.89,1,0
4530,3962,2280,2,13.82,0,0
4531,841,2438,1,17.36,0,0
4532,5577,1438,1,18.23,1,0
4533,2498,179,3,20.37,1,0
4534,3894,883,2,13.31,0,0
4535,3988,1535,1,11.33,0,0
4536,2623,321,1,18.69,0,0
4537,2389,811,2,12.03,0,0
4538,4196,465,2,18.17,0,0
4539,1426,2444,2,11.28,0,0
4540,550,1021,2,22.6,0,0
4541,3507,2349,1,18.99,0,0
4542,3943,3363,2,10.75,1,0
4543,5300,1069,2,17.29,0,0
4544,5210,3807,1,13.91,1,0
4545,506,4141,1,14.59,0,0
4546,36,2947,1,12.02,0,0
4547,3797,1582,2,17.52,0,0
4548,2262,3261,1,8.0,0,0
4549,2289,51,1,12.18,0,0
4550,5078,209,1,14.34,0,0
4551,3972,1628,1,7.48,1,0
4552,1744,634,1,11.28,1,0
4553,1618,2511,2,12.96,0,0
4554,3103,184,2,13.87,0,0
4555,4917,562,2,10.75,0,0
4556,62,4033,1,10.29,0,0
4557,5544,3321,2,12.74,0,0
4558,815,2642,1,7.28,1,0
4559,4788,3047,2,11.92,0,0
4560,1142,1614,3,7.46,0,0
4561,322,2138,3,13.73,0,0
4562,3089,2325,1,18.47,0,0
4563,3552,3016,3,21.64,0,0
4564,3130,82,1,11.02,0,0
4565,5487,1078,3,24.06,0,0
4566,2110,3582,1,17.67,0,0
4567,5462,4054,1,9.78,1,0
4568,3671,2415,1,8.65,0,0
4569,2421,3314,1,14.43,0,0
4570,2654,3434,1,8.63,0,0
4571,3761,2689,2,20.52,0,0
4572,1181,92,1,16.61,0,0
4573,1581,2136,1,9.61,0,0
4574,3860,3760,1,14.63,1,0
4575,607,2799,1,7.92,0,0
4576,4201,2128,1,16.77,0,0
4577,2153,2961,1,18.6,1,0
4578,1606,1751,1,16.58,1,0
4579,3551,1355,3,20.23,0,0
4580,1521,2534,3,15.58,0,0
4581,1670,1177,3,15.69,0,0
4582,4417,1009,1,11.43,0,0
4583,3298,2058,2,20.58,0,0
4584,944,2852,1,17.61,0,0
4585,1360,2487,1,13.29,0,0
4586,4333,4030,1,17.52,1,0
4587,1445,716,1,13.29,0,0
4588,1789,3777,4,18.49,0,0
4589,411,439,1,11.19,0,0
4590,3135,1587,1,13.23,0,0
4591,2113,1666,2,11.47,1,0
4592,641,2067,1,13.26,1,0
4593,369,4178,1,7.32,0,0
4594,68,1262,1,15.8,0,0
4595,2307,1496,3,20.43,0,0
4596,5005,1649,2,20.91,0,0
4597,5146,4188,2,15.36,0,0
4598,298,2897,1,12.44,1,0
4599,2261,3189,2,11.76,0,0
4600,3362,549,1,9.29,0,0
4601,3766,301,1,16.8,0,0
4602,1743,798,3,12.12,0,0
4603,272,1988,1,12.52,0,0
4604,2278,1382,2,13.94,0,0
4605,1905,1096,1,9.94,0,0
4606,4326,2647,1,21.96,1,0
4607,1291,290,2,17.73,1,0
4608,2879,3448,2,18.53,0,0
4609,3022,1076,1,18.39,0,0
4610,4755,3165,2,19.15,0,0
4611,439,357,3,13.09,0,0
4612,1173,3365,1,10.31,0,0
4613,5333,3139,1,11.05,0,0
4614,3541,1531,2,18.29,0,0
4615,4284,3184,1,15.65,0,0
4616,901,3281,1,16.1,0,0
4617,979,3300,2,14.93,0,0
4618,3879,4141,2,8.67,0,0
4619,465,1540,2,17.75,0,0
4620,4917,562,2,21.33,0,0
4621,877,4167,1,19.51,0,0
4622,3652,3758,1,14.43,1,0
4623,3624,282,1,11.6,0,0
4624,4354,991,3,16.46,1,0
4625,2893,1514,3,13.47,0,0
4626,1993,2764,3,17.83,0,0
4627,784,1730,1,19.18,0,0
4628,2894,3475,1,11.42,0,0
4629,3145,1449,1,18.59,0,0
4630,2150,752,3,24.34,0,0
4631,3333,3975,3,13.38,0,0
4632,1005,3985,1,9.71,1,0
4633,3618,128,2,15.6,1,0
4634,3237,2178,1,12.29,1,0
4635,3310,1122,1,15.3,0,0
4636,4805,2184,1,12.46,0,0
4637,716,2353,1,11.91,0,0
4638,968,1889,1,12.58,0,0
4639,1099,601,3,19.52,1,0
4640,5145,2572,1,14.86,0,0
4641,430,2616,1,12.49,0,0
4642,2647,3102,1,14.21,0,0
4643,1035,1083,1,11.46,0,0
4644,5525,937,1,12.94,1,0
4645,1778,1033,3,13.16,0,0
4646,3945,2437,1,7.96,0,0
4647,4782,2460,1,17.65,0,0
4648,5146,4188,2,15.03,0,0
4649,1354,1778,1,14.36,0,0
4650,4984,1312,1,17.49,0,0
4651,2223,162,2,8.72,0,0
4652,2163,3657,1,14.39,0,0
4653,3262,1436,2,15.3,0,0
4654,4558,683,1,12.87,0,0
4655,4196,465,1,11.12,0,0
4656,3252,3958,3,15.74,0,0
4657,5089,3563,1,15.62,0,0
4658,3332,579,1,20.65,0,0
4659,3401,2878,2,13.79,0,0
4660,2116,1656,1,10.3,0,0
4661,462,178,2,16.43,0,0
4662,1097,3793,2,13.13,1,0
4663,2651,2097,1,17.99,0,0
4664,3251,511,1,11.85,1,0
4665,1490,2113,1,13.59,0,0
4666,1880,504,1,7.28,0,0
4667,2466,3635,1,9.89,0,0
4668,2507,2001,3,22.89,0,0
4669,345,2509,1,18.13,0,0
4670,4656,1069,2,14.42,0,0
4671,2144,3260,2,19.7,0,0
4672,3081,1700,2,13.37,0,0
4673,131,5,1,17.13,1,0
4674,526,4004,1,9.65,1,0
4675,1287,3839,1,12.54,0,0
4676,4573,4133,1,9.7,0,0
4677,4570,1960,2,13.23,0,0
4678,3270,3868,1,11.18,0,0
4679,2120,1333,1,11.61,0,0
4680,2033,3592,2,10.51,0,0
4681,1641,889,2,19.0,0,0
4682,5391,3246,1,18.06,0,0
4683,458,1422,3,16.99,1,0
4684,134,3306,2,12.15,0,0
4685,5285,3087,2,13.34,0,0
4686,1943,2104,1,14.0,1,0
4687,2913,2351,1,19.54,0,0
4688,5021,2749,1,16.25,1,0
4689,2129,3310,1,10.71,0,0
4690,2513,3620,1,17.83,0,0
4691,837,2216,1,13.46,0,0
4692,5347,2262,1,15.55,1,0
4693,3682,3836,3,9.31,0,0
4694,562,188,2,12.91,1,0
4695,4554,2669,2,15.02,0,0
4696,5451,4044,2,10.32,0,0
4697,1726,1306,1,12.51,0,0
4698,3946,4136,1,9.24,0,0
4699,4620,2550,1,11.36,0,0
4700,1772,2307,2,23.56,0,0
4701,1648,1903,1,19.11,0,0
4702,1602,306,1,10.43,0,0
4703,5143,4106,3,13.66,0,0
4704,5273,779,1,16.19,0,0
4705,3350,2097,1,13.36,1,0
4706,1869,986,1,12.2,0,0
4707,2742,3015,2,19.84,1,0
4708,3267,40,1,11.3,1,0
4709,2694,397,1,17.61,1,0
4710,2060,1707,1,12.13,0,0
4711,1934,2010,1,13.62,0,0
4712,5538,2927,2,19.33,0,0
4713,5050,2600,1,20.33,1,0
4714,1925,828,1,4.79,0,0
4715,718,3425,1,14.8,0,0
4716,2870,3723,2,16.78,0,0
4717,835,1878,1,18.53,0,0
4718,5396,270,3,17.11,0,0
4719,702,2501,1,12.83,1,0
4720,3440,2327,1,14.25,0,0
4721,4931,2019,1,4.36,0,0
4722,1813,3796,2,19.15,0,0
4723,1949,644,1,15.97,1,0
4724,3975,1312,1,18.19,1,0
4725,4382,2230,1,13.86,1,0
4726,2372,3783,2,16.15,0,0
4727,1830,2482,1,15.25,0,0
4728,5100,2349,1,13.54,0,0
4729,3159,1278,2,13.09,1,0
4730,2642,3578,1,13.77,0,0
4731,1432,278,2,16.56,0,0
4732,1402,1540,2,15.49,1,0
4733,4619,2879,1,12.18,1,0
4734,3631,2158,1,11.19,0,0
4735,3203,3683,2,12.4,0,0
4736,2982,2543,2,23.01,0,0
4737,607,2799,1,17.08,0,0
4738,4586,3639,1,8.72,0,0
4739,179,3554,2,13.78,0,0
4740,3174,1029,2,16.72,0,0
4741,3498,17,1,7.09,0,0
4742,326,2561,1,10.97,0,0
4743,2758,3255,2,21.41,1,0
4744,2649,3040,1,8.41,0,0
4745,4020,129,3,15.26,0,0
4746,2516,1958,1,13.75,0,0
4747,4054,1216,1,11.79,0,0
4748,4473,3452,1,15.99,1,0
4749,5036,2746,1,8.64,0,0
4750,3146,3742,3,16.54,1,0
4751,3928,775,1,13.88,1,0
4752,3387,2662,2,14.63,0,0
4753,1325,2429,1,18.04,0,0
4754,1652,3762,1,19.32,0,0
4755,4309,1550,1,13.44,0,0
4756,1540,1697,1,17.88,0,0
4757,4553,2810,1,14.0,0,0
4758,2662,538,2,12.06,0,0
4759,3441,120,2,11.82,0,0
4760,3629,3033,3,16.49,0,0
4761,2457,3758,1,11.85,0,0
4762,1562,2834,1,12.82,1,0
4763,1294,3467,1,10.57,1,0
4764,3230,873,2,15.25,0,0
4765,754,1648,1,13.5,1,0
4766,5192,2485,2,18.7,1,0
4767,3404,2080,2,19.03,0,0
4768,2356,4165,1,16.44,1,0
4769,4610,446,2,13.24,0,0
4770,1916,479,2,11.6,1,0
4771,3504,1062,2,11.14,0,0
4772,2479,1734,1,10.14,0,0
4773,3414,3919,3,16.18,0,0
4774,3514,1270,1,9.56,0,0
4775,3789,3799,1,16.04,0,0
4776,3841,4012,3,11.58,0,0
4777,739,2284,2,18.66,0,0
4778,3322,21,1,16.32,0,0
4779,4019,3061,3,20.77,0,0
4780,5485,1971,2,12.24,0,0
4781,2046,2482,3,17.8,1,0
4782,3857,961,3,20.71,0,0
4783,2996,3964,2,15.86,1,0
4784,2161,1380,3,17.92,0,0
4785,3358,2790,1,7.13,0,0
4786,280,947,1,13.46,0,0
4787,748,2062,1,13.05,0,0
4788,534,3914,2,11.13,1,0
4789,2509,3610,1,14.5,0,0
4790,3154,1985,2,14.32,1,0
4791,5078,209,1,14.85,0,0
4792,354,3332,1,15.01,0,0
4793,4006,2856,2,20.6,0,0
4794,3277,1163,3,14.52,0,0
4795,3433,3935,1,14.97,1,0
4796,2480,2107,2,16.25,1,0
4797,3350,2097,2,17.54,0,0
4798,4561,977,1,13.74,0,0
4799,2232,614,3,15.23,0,0
4800,4199,2523,1,6.95,0,0
4801,872,3287,1,14.12,0,0
4802,3539,3752,1,11.56,0,0
4803,2954,2371,2,11.62,1,0
4804,2270,2677,1,8.77,1,0
4805,2512,1131,2,12.96,0,0
4806,97,2887,2,22.89,0,0
4807,3330,2621,1,18.12,1,0
4808,2792,660,1,16.18,0,0
4809,394,160,2,17.86,0,0
4810,3223,1699,3,17.28,0,0
4811,1024,986,1,21.2,1,0
4812,2631,1524,1,7.65,0,0
4813,2961,1070,2,17.29,1,0
4814,4727,2592,1,13.05,1,0
4815,2657,3042,1,15.35,1,0
4816,3381,1033,1,11.36,0,0
4817,61,2344,1,12.08,0,0
4818,2613,834,1,14.27,0,0
4819,530,1079,1,13.73,1,0
4820,4302,3017,1,18.25,0,0
4821,1461,3331,1,12.79,0,0
4822,637,4058,3,16.43,0,0
4823,1681,1664,1,13.14,0,0
4824,8,1903,1,16.24,0,0
4825,198,3497,1,9.75,0,0
4826,5252,3354,2,14.78,0,0
4827,4600,1038,1,11.98,0,0
4828,1921,3460,2,16.39,0,0
4829,2300,3608,1,16.01,0,0
4830,2090,1526,2,21.92,0,0
4831,2594,2092,2,18.79,1,0
4832,4797,1726,1,16.71,1,0
4833,151,124,1,13.31,0,0
4834,1689,2763,2,19.15,0,0
4835,3714,1796,2,15.16,0,0
4836,4590,3642,2,18.18,1,0
4837,4280,700,1,19.7,0,0
4838,4960,1149,1,15.59,0,0
4839,1594,3410,2,17.47,0,0
4840,3382,3824,1,12.64,0,0
4841,2853,2852,1,11.83,0,0
4842,1981,3706,1,9.54,0,0
4843,243,2447,2,13.52,0,0
4844,1697,3081,1,14.91,0,0
4845,1821,3647,2,14.09,0,0
4846,2663,350,3,19.42,0,0
4847,3329,2345,1,16.01,0,0
4848,3388,3839,1,14.68,0,0
4849,4112,3493,2,18.18,0,0
4850,3577,3298,1,8.49,0,0
4851,1819,1108,2,10.18,0,0
4852,3216,1671,4,21.07,0,0
4853,3965,3236,1,15.14,1,0
4854,3254,1431,2,13.72,0,0
4855,3809,2889,3,22.1,0,0
4856,1507,2830,2,14.89,0,0
4857,5406,1685,1,5.32,0,0
4858,694,68,1,9.95,1,0
4859,1193,3059,1,8.51,0,0
4860,396,3347,1,13.53,1,0
4861,2084,466,1,15.61,1,0
4862,945,2517,2,10.47,1,0
4863,636,2615,1,15.04,0,0
4864,2062,2941,1,18.97,0,0
4865,4290,1608,2,18.82,0,0
4866,4747,842,2,12.29,1,0
4867,2229,3247,2,13.96,1,0
4868,2708,3711,1,10.95,0,0
4869,1146,844,3,24.0,0,0
4870,2690,1506,1,16.14,0,0
4871,2095,3544,1,13.14,0,0
4872,2522,827,1,18.69,0,0
4873,3437,3671,1,14.64,0,0
4874,5573,537,1,16.33,0,0
4875,3306,81,1,13.71,1,0
4876,3390,2109,2,12.08,0,0
4877,1220,604,1,11.75,1,0
4878,103,2783,1,12.57,0,0
4879,3193,189,1,14.23,0,0
4880,3750,3880,2,10.31,0,0
4881,2323,1974,1,18.65,0,0
4882,3127,1139,1,16.91,0,0
4883,3434,2161,3,18.14,1,0
4884,670,3665,1,20.55,0,0
4885,2276,864,3,19.4,1,0
4886,5071,2135,2,4.57,0,0
4887,3021,2317,2,13.6,0,0
4888,4429,2793,1,18.82,0,0
4889,4640,298,1,11.59,0,0
4890,1088,905,3,19.82,0,0
4891,2872,2980,2,20.7,0,0
4892,4690,316,1,14.36,0,0
4893,2638,3415,1,15.93,1,0
4894,145,865,1,17.84,0,0
4895,4669,4051,1,17.68,0,0
4896,2652,1512,2,17.58,0,0
4897,3269,3072,2,18.85,0,0
4898,4443,3421,1,15.87,0,0
4899,2162,3120,1,11.54,0,0
4900,5350,845,1,15.68,1,0
4901,5271,2917,1,15.44,1,0
4902,1765,503,1,9.64,0,0
4903,3799,2037,1,13.71,0,0
4904,5024,2729,2,19.55,0,0
4905,346,545,2,13.2,0,0
4906,3378,1735,1,12.89,0,0
4907,2860,205,1,15.7,0,0
4908,213,4164,1,14.64,0,0
4909,896,27,1,15.27,0,0
4910,2505,1565,1,16.22,0,0
4911,3219,2161,2,18.69,0,0
4912,779,157,1,12.65,0,0
4913,2864,1745,2,14.12,0,0
4914,2684,2626,1,13.35,0,0
4915,5208,596,1,15.31,1,0
4916,3015,1277,2,17.33,0,0
4917,1871,1084,1,13.68,0,0
4918,583,2171,2,11.6,1,0
4919,2187,2759,3,18.78,0,0
4920,1295,2451,2,11.57,1,0
4921,4197,2635,1,19.27,0,0
4922,3711,4002,3,22.55,0,0
4923,1940,1171,1,6.91,0,0
4924,5451,4044,2,18.95,0,0
4925,4116,1989,1,12.89,0,0
4926,1993,2764,2,14.79,0,0
4927,4191,4174,3,19.7,1,0
4928,3108,630,1,12.8,1,0
4929,2886,3566,1,13.0,0,0
4930,3484,1915,1,10.62,0,0
4931,5376,1985,2,20.21,1,0
4932,624,386,2,16.96,0,0
4933,4737,706,1,8.6,0,0
4934,125,3828,1,13.75,1,0
4935,4458,1529,1,17.09,0,0
4936,4707,1229,1,17.33,0,0
4937,4523,2231,3,19.5,0,0
4938,3054,2181,1,14.93,1,0
4939,2939,1986,2,15.49,1,0
4940,1577,1790,1,13.5,1,0
4941,4653,1856,2,13.77,0,0
4942,5448,2982,2,15.53,0,0
4943,2849,2845,2,18.91,1,0
4944,1513,867,1,12.96,0,0
4945,2211,2416,1,5.87,1,0
4946,3640,1708,1,8.82,0,0
4947,1701,696,1,17.6,0,0
4948,4281,1876,3,21.6,1,0
4949,4330,507,2,11.94,0,0
4950,4676,702,1,10.16,1,0
4951,3560,3546,2,15.32,0,0
4952,1884,1920,2,14.28,0,0
4953,4033,1861,3,22.85,1,0
4954,434,1335,3,20.68,0,0
4955,2978,3363,1,10.55,1,0
4956,4005,1495,1,14.64,1,0
4957,5020,4077,1,12.71,0,0
4958,2349,321,1,18.42,0,0
4959,5371,2861,1,11.84,0,0
4960,365,1434,2,17.0,1,0
4961,1092,2242,1,18.04,0,0
4962,3293,1767,1,18.19,1,0
4963,2279,99,2,16.65,0,0
4964,234,815,1,11.91,0,0
4965,4921,3507,1,11.08,0,0
4966,3015,1277,2,12.25,0,0
4967,3227,1647,2,13.43,1,0
4968,613,2260,1,18.57,1,0
4969,3048,3155,2,15.52,1,0
4970,4252,3848,1,8.59,1,0
4971,3371,3730,2,16.43,0,0
4972,3938,963,3,14.67,1,0
4973,1931,3799,2,16.14,0,0
4974,1340,1543,1,11.38,1,0
4975,5067,4192,1,11.83,1,0
4976,5384,50,2,21.61,0,0
4977,1818,1116,2,15.18,0,0
4978,4235,2814,1,17.77,0,0
4979,4943,2712,1,14.96,0,0
4980,2309,3113,1,13.4,1,0
4981,15,3756,1,23.04,0,0
4982,1118,2087,1,12.97,0,0
4983,2929,206,1,16.67,1,0
4984,2410,1979,1,12.98,1,0
4985,1698,1872,1,20.7,0,0
4986,3030,2858,2,15.07,1,0
4987,105,1945,1,7.21,0,0
4988,4937,1835,1,14.4,0,0
4989,3882,3404,2,14.92,1,0
4990,3543,1496,1,14.06,0,0
4991,796,3978,2,8.35,1,0
4992,5467,4068,1,18.3,1,0
4993,1339,1928,2,14.58,0,0
4994,1821,3647,2,16.62,0,0
4995,1739,1444,1,12.95,0,0
4996,2249,3956,2,11.29,0,0
4997,3776,3570,2,13.94,1,0
4998,3768,2118,1,13.68,0,0
4999,2464,594,1,13.21,0,0
5000,4478,3073,1,17.04,0,0
5001,1903,1218,2,12.16,0,0
5002,4553,2810,1,14.39,0,0
5003,3528,3474,1,16.72,0,0
5004,3633,2273,1,11.5,0,0
5005,2824,3673,2,12.64,0,0
5006,2628,1991,4,22.74,0,0
5007,1225,2300,2,18.32,1,0
5008,3016,2815,1,17.53,1,0
5009,5171,1920,1,13.86,0,0
5010,3725,3451,2,16.79,0,0
5011,5214,2552,1,15.1,0,0
5012,3280,1126,1,10.94,0,0
5013,2207,3424,1,12.81,1,0
5014,3901,3988,1,14.51,0,0
5015,1465,3718,3,20.46,0,0
5016,3241,2874,2,17.82,0,0
5017,3619,3857,4,20.0,0,0
5018,4657,3115,2,16.75,0,0
5019,3791,660,1,18.18,1,0
5020,2213,1595,1,18.28,0,0
5021,4896,26,3,15.27,1,0
5022,2810,3813,1,19.54,0,0
5023,455,4044,2,12.6,0,0
5024,4577,3535,1,17.15,1,0
5025,1277,3892,2,20.32,1,0
5026,2427,3750,1,10.48,0,0
5027,1228,2356,3,13.57,1,0
5028,516,1298,4,23.36,0,0
5029,1643,1630,1,11.73,1,0
5030,5410,3600,1,13.55,0,0
5031,2189,1231,1,11.92,0,0
5032,2141,922,1,12.16,0,0
5033,3513,3842,1,13.65,0,0
5034,3825,3755,1,15.44,1,0
5035,861,3362,1,9.96,0,0
5036,3533,3719,1,15.67,0,0
5037,3278,4113,1,15.29,0,0
5038,1935,4016,3,15.94,0,0
5039,2903,388,1,17.01,0,0
5040,5167,4063,1,11.57,0,0
5041,3641,1476,3,18.67,1,0
5042,1131,2078,2,16.13,0,0
5043,1889,2908,2,19.76,0,0
5044,1806,344,2,14.62,0,0
5045,4341,3276,1,18.76,0,0
5046,353,3151,3,16.05,0,0
5047,5510,3649,1,18.12,1,0
5048,540,2584,1,12.52,0,0
5049,1628,3204,1,10.41,0,0
5050,2426,1020,1,11.16,1,0
5051,1014,1838,2,13.96,0,0
5052,1681,1664,2,11.72,0,0
5053,2578,1849,1,12.88,0,0
5054,3683,633,1,10.68,0,0
5055,1864,419,1,16.31,0,0
5056,4381,1586,1,10.51,0,0
5057,5243,2312,1,8.28,0,0
5058,4567,2828,1,18.33,1,0
5059,5546,1066,1,12.7,0,0
5060,2255,552,1,7.33,0,0
5061,4099,2388,3,15.23,0,0
5062,2245,3384,2,15.32,0,0
5063,1537,2900,1,12.64,0,0
5064,428,1904,2,15.43,0,0
5065,1181,92,3,21.56,0,0
5066,1645,4057,2,15.02,0,0
5067,5550,1033,1,12.75,0,0
5068,278,708,1,4.94,0,0
5069,3286,3183,3,12.84,0,0
5070,4024,1750,3,9.73,0,0
5071,3206,602,1,18.85,0,0
5072,3935,3356,3,18.47,0,0
5073,3193,189,1,11.88,0,0
5074,2873,815,1,16.17,1,0
5075,5046,187,2,15.64,0,0
5076,2860,205,1,8.67,0,0
5077,3420,1820,1,5.03,0,0
5078,3226,2445,3,16.0,0,0
5079,5071,2135,2,11.87,0,0
5080,515,1906,1,12.49,0,0
5081,4292,3898,2,11.84,0,0
5082,895,1140,1,14.67,1,0
5083,3019,1519,1,13.03,0,0
5084,4644,2,2,21.91,0,0
5085,3235,2044,2,14.16,1,0
5086,3119,2464,2,10.35,0,0
5087,397,1463,3,14.26,0,0
5088,4344,2578,2,20.14,0,0
5089,2355,2962,2,14.7,0,0
5090,2882,561,1,11.77,1,0
5091,640,1082,1,14.37,1,0
5092,4339,1108,1,13.27,0,0
5093,3690,3272,1,15.29,0,0
5094,5147,4165,1,15.62,0,0
5095,1694,41,1,13.6,0,0
5096,5467,4068,1,14.97,0,0
5097,1371,651,2,12.06,0,0
5098,3924,880,3,10.44,1,0
5099,411,439,1,15.09,0,0
5100,325,251,2,14.13,0,0
5101,5465,4086,3,17.77,0,0
5102,2753,2111,1,13.52,0,0
5103,2693,1258,1,7.91,0,0
5104,3383,1062,1,15.58,0,0
5105,5429,2476,1,16.64,0,0
5106,412,4149,1,8.9,1,0
5107,5379,2297,1,6.23,1,0
5108,1382,4123,1,6.85,0,0
5109,4231,1630,3,17.64,0,0
5110,3136,3810,1,16.66,0,0
5111,1834,3990,1,15.31,0,0
5112,151,124,1,14.7,0,0
5113,401,2321,1,15.44,0,0
5114,1848,1653,1,15.14,1,0
5115,315,1680,2,16.75,0,0
5116,5023,1788,1,7.04,1,0
5117,555,528,1,18.16,0,0
5118,2519,942,1,15.85,0,0
5119,447,1820,1,17.39,0,0
5120,4424,2347,1,6.33,0,0
5121,4601,1318,3,20.63,0,0
5122,1377,3872,2,11.42,0,0
5123,3952,842,1,12.9,1,0
5124,5262,3355,1,16.13,0,0
5125,2392,1303,2,8.38,1,0
5126,3071,2130,1,13.63,0,0
5127,5234,370,2,19.77,0,0
5128,120,776,1,10.88,0,0
5129,1314,3811,1,11.83,1,0
5130,2097,2978,3,10.91,0,0
5131,4170,614,3,24.01,0,0
5132,1050,425,4,15.52,0,0
5133,5035,2043,1,15.01,0,0
5134,221,645,1,16.85,1,0
5135,4928,1415,2,15.8,0,0
5136,5104,1002,1,11.26,1,0
5137,2609,3798,1,18.7,0,0
5138,5372,1980,1,12.49,0,0
5139,3908,3760,2,11.72,0,0
5140,4240,725,1,16.19,0,0
5141,3971,177,1,10.0,0,0
5142,5191,3738,2,11.29,0,0
5143,1654,2623,1,11.82,0,0
5144,4357,3401,1,9.35,1,0
5145,3011,2428,1,16.21,1,0
5146,1181,92,1,17.8,0,0
5147,2608,1033,2,15.97,0,0
5148,5271,2917,2,17.89,1,0
5149,3965,3236,1,10.91,1,0
5150,2956,4015,2,14.79,0,0
5151,3295,2417,2,12.31,0,0
5152,32,2014,1,4.13,0,0
5153,3455,456,2,19.66,0,0
5154,4305,2074,2,19.26,0,0
5155,918,3006,1,14.1,0,0
5156,2335,381,1,16.84,0,0
5157,2646,2329,1,7.39,0,0
5158,4499,1291,1,13.53,1,0
5159,2918,1023,2,11.93,0,0
5160,1345,639,1,13.38,0,0
5161,4652,2957,1,15.41,0,0
5162,3511,2048,1,16.89,0,0
5163,4131,3424,1,13.29,0,0
5164,5589,3447,3,18.23,1,0
5165,785,732,1,12.21,0,0
5166,3163,9,1,20.57,0,0
5167,2335,381,1,12.75,0,0
5168,1954,3877,1,16.19,1,0
5169,336,2647,1,18.68,0,0
5170,1582,2306,1,11.31,1,0
5171,3700,3425,1,9.77,1,0
5172,4249,3737,2,18.51,0,0
5173,1412,2168,2,14.85,0,0
5174,2885,1134,1,15.97,0,0
5175,1754,1686,1,11.99,0,0
5176,1279,2296,1,21.27,0,0
5177,2045,951,2,21.13,0,0
5178,4314,3604,3,18.82,0,0
5179,3348,352,1,14.37,0,0
5180,1506,2416,3,21.22,0,0
5181,866,154,2,9.21,0,0
5182,1830,2482,1,13.93,1,0
5183,2753,2111,1,12.86,0,0
5184,3534,949,1,17.1,0,0
5185,1948,3813,2,13.86,0,0
5186,4553,2810,2,12.19,0,0
5187,4317,3963,2,16.19,0,0
5188,4916,2524,3,22.56,0,0
5189,1586,4056,1,9.44,0,0
5190,662,3607,3,19.17,0,0
5191,3692,4054,1,8.01,0,0
5192,4569,4078,1,15.31,1,0
5193,4136,3052,1,12.88,1,0
5194,261,4073,1,19.17,1,0
5195,4278,3807,1,9.77,0,0
5196,665,211,3,20.57,1,0
5197,711,2575,1,7.41,0,0
5198,2783,2094,3,14.09,1,0
5199,385,495,2,9.92,0,0
5200,118,2599,1,14.66,0,0
5201,1354,1778,1,7.29,0,0
5202,4435,1964,1,15.03,0,0
5203,1928,3826,2,8.39,0,0
5204,1070,174,3,19.23,1,0
5205,3823,3803,1,11.75,0,0
5206,2426,1020,1,11.91,0,0
5207,1648,1903,1,13.61,0,0
5208,302,2939,4,17.09,1,0
5209,629,538,2,15.97,0,0
5210,4269,1932,2,15.07,1,0
5211,2926,1015,1,7.47,0,0
5212,5143,4106,1,18.59,1,0
5213,3198,613,2,18.72,0,0
5214,2212,1404,1,11.25,1,0
5215,4368,1993,2,17.86,1,0
5216,1927,3282,3,18.89,1,0
5217,4964,3238,1,16.64,1,0
5218,1785,1395,1,10.62,0,0
5219,1812,807,1,12.8,0,0
5220,1081,917,2,17.24,0,0
5221,2797,1219,2,16.73,0,0
5222,3808,2907,2,16.51,0,0
5223,4364,3222,1,17.88,0,0
5224,4618,2990,1,15.53,0,0
5225,2123,242,1,13.15,0,0
5226,5226,3752,1,10.79,0,0
5227,1775,1362,1,18.66,1,0
5228,3200,3346,3,17.18,1,0
5229,783,4036,1,14.21,0,0
5230,1994,3592,2,6.56,0,0
5231,1392,3701,2,10.51,1,0
5232,4780,2407,2,15.2,0,0
5233,1534,2681,3,13.48,0,0
5234,2918,1023,2,14.03,0,0
5235,5547,3957,1,12.24,0,0
5236,2737,4009,2,14.26,0,0
5237,5448,2982,2,15.94,0,0
5238,5591,4067,1,10.32,1,0
5239,1347,341,1,15.69,1,0
5240,321,1580,1,14.92,0,0
5241,3282,4150,1,15.54,0,0
5242,3858,2948,1,10.9,0,0
5243,2050,3691,1,13.18,0,0
5244,3485,3649,2,16.46,0,0
5245,5196,172,1,11.36,1,0
5246,3768,2118,1,5.42,0,0
5247,2236,1478,2,15.03,1,0
5248,2880,102,1,18.24,0,0
5249,845,2587,2,14.6,1,0
5250,1214,1229,1,15.44,1,0
5251,4247,2566,2,18.63,0,0
5252,2038,880,1,16.14,1,0
5253,2461,3296,1,16.13,0,0
5254,4939,2814,1,16.53,0,0
5255,5119,654,1,11.17,0,0
5256,3448,102,1,13.98,0,0
5257,1134,2546,1,15.44,1,0
5258,3173,2147,2,13.99,0,0
5259,4527,52,1,18.26,1,0
5260,4217,3560,2,11.97,1,0
5261,4608,1600,2,14.88,0,0
5262,3544,2152,2,12.46,1,0
5263,263,2558,1,12.04,0,0
5264,4836,2842,1,15.98,0,0
5265,3951,2477,2,13.45,0,0
5266,1494,3707,2,16.53,0,0
5267,1719,1969,2,13.69,0,0
5268,2989,555,1,12.29,1,0
5269,2827,2540,1,10.08,1,0
5270,670,3665,3,21.07,0,0
5271,1032,108,1,10.89,0,0
5272,1149,3475,1,11.51,1,0
5273,2925,3972,1,13.0,0,0
5274,4887,3462,1,7.15,1,0
5275,4985,2598,1,21.67,0,0
5276,3667,1700,1,14.16,0,0
5277,1120,3988,1,13.05,0,0
5278,2079,2336,2,17.11,1,0
5279,795,2272,1,15.91,0,0
5280,1113,414,1,12.65,0,0
5281,200,2687,1,15.94,1,0
5282,520,2661,1,17.56,0,0
5283,2231,3977,2,13.36,0,0
5284,1710,3411,1,9.52,1,0
5285,5567,484,1,17.64,0,0
5286,1809,2943,2,13.22,0,0
5287,190,3933,2,14.66,0,0
5288,4342,1278,1,16.78,0,0
5289,1241,1448,3,14.99,0,0
5290,2050,3691,1,12.53,0,0
5291,3614,3508,1,10.58,0,0
5292,1802,1012,1,13.38,0,0
5293,4781,637,1,11.53,0,0
5294,3860,3760,1,12.28,1,0
5295,4947,3691,2,11.95,0,0
5296,861,3362,1,13.58,0,0
5297,2953,3860,1,16.48,0,0
5298,3082,77,1,12.91,1,0
5299,4596,2961,1,15.26,0,0
5300,1000,616,2,10.76,0,0
5301,2917,1211,1,4.11,0,0
5302,2608,1033,1,14.74,0,0
5303,785,732,1,11.84,0,0
5304,5595,1022,1,10.81,1,0
5305,5432,2615,3,16.4,0,0
5306,3864,4095,1,12.62,0,0
5307,2962,33,1,14.34,0,0
5308,2628,1991,2,16.52,0,0
5309,5553,3670,2,11.75,0,0
5310,2409,3086,3,21.92,0,0
5311,4639,1014,2,20.4,0,0
5312,406,2625,1,18.69,0,0
5313,1053,3677,1,17.57,0,0
5314,1231,3185,1,17.38,0,0
5315,1864,419,1,14.49,0,0
5316,2716,3155,1,16.24,1,0
5317,3001,1158,3,21.48,0,0
5318,285,1762,1,13.24,1,0
5319,2486,820,1,8.86,0,0
5320,4641,184,2,14.58,0,0
5321,5051,3197,3,18.82,0,0
5322,4444,2987,1,10.59,0,0
5323,3541,1531,2,9.26,0,0
5324,57,1257,3,16.96,0,0
5325,51,1293,3,20.62,0,0
5326,3833,243,2,11.29,0,0
5327,2211,2416,1,18.62,1,0
5328,1439,2556,1,14.17,0,0
5329,2575,2946,1,11.67,0,0
5330,990,1555,1,10.92,0,0
5331,1055,1433,2,21.57,1,0
5332,927,3900,2,19.86,0,0
5333,66,2467,2,18.57,0,0
5334,533,2140,1,20.76,0,0
5335,4110,2610,1,9.05,1,0
5336,4431,282,1,11.95,0,0
5337,2851,2496,1,12.82,0,0
5338,1780,91,2,16.38,0,0
5339,3933,3684,1,17.88,1,0
5340,4441,3957,1,10.25,0,0
5341,1140,806,1,12.64,0,0
5342,2143,1796,4,23.36,0,0
5343,3166,1405,1,16.55,0,0
5344,5008,3916,1,14.32,0,0
5345,2218,1917,1,17.34,0,0
5346,637,4058,2,13.62,0,0
5347,4392,4046,3,23.68,1,0
5348,1957,1377,1,9.23,0,0
5349,5279,1119,1,15.43,0,0
5350,297,860,1,12.76,1,0
5351,4236,1704,3,20.46,0,0
5352,385,495,2,19.65,0,0
5353,3790,2421,2,15.93,0,0
5354,5273,779,2,8.49,1,0
5355,3897,144,2,19.66,0,0
5356,721,4066,1,13.1,0,0
5357,1578,305,1,15.79,0,0
5358,1903,1218,1,13.42,0,0
5359,1369,3530,2,10.7,0,0
5360,5146,4188,2,11.95,1,0
5361,2773,589,1,13.03,0,0
5362,480,671,1,10.49,0,0
5363,3550,1502,2,8.9,1,0
5364,3662,3768,1,13.64,0,0
5365,2542,420,1,13.41,0,0
5366,242,1019,1,16.52,0,0
5367,3471,1403,3,24.57,0,0
5368,1509,225,1,14.93,1,0
5369,3373,2345,1,10.94,0,0
5370,2898,1073,1,11.75,1,0
5371,3921,1435,4,22.12,0,0
5372,2409,3086,1,11.83,0,0
5373,5081,1407,1,15.78,1,0
5374,3168,2849,1,6.63,0,0
5375,5065,3894,2,18.08,1,0
5376,4632,2207,1,15.99,1,0
5377,3767,2719,1,14.45,0,0
5378,2400,2376,1,13.34,0,0
5379,425,2001,2,18.55,0,0
5380,2654,3434,1,17.65,0,0
5381,5376,1985,2,19.77,0,0
5382,1509,225,1,15.25,0,0
5383,5156,1469,2,8.77,0,0
5384,326,2561,3,13.92,0,0
5385,2148,560,3,14.07,1,0
5386,2707,148,2,12.59,0,0
5387,325,251,3,8.02,1,0
5388,1427,1599,3,15.95,1,0
5389,5352,1335,2,14.81,0,0
5390,3283,3372,1,14.64,0,0
5391,2909,2696,1,10.63,0,0
5392,4246,2058,3,15.4,1,0
5393,1223,3779,1,11.55,0,0
5394,2403,992,1,12.2,1,0
5395,2696,49,2,11.15,1,0
5396,1770,479,2,18.04,0,0
5397,4561,977,2,13.27,1,0
5398,3856,1748,2,12.21,1,0
5399,2227,2240,2,10.61,1,0
5400,1370,2993,2,14.42,0,0
5401,4729,1247,2,15.53,0,0
5402,5183,1797,1,15.13,0,0
5403,5588,1568,1,13.44,0,0
5404,5002,1970,1,13.19,0,0
5405,4875,3898,1,15.98,1,0
5406,4096,1647,1,13.3,0,0
5407,352,2862,2,17.49,0,0
5408,4137,704,1,20.86,0,0
5409,3915,1612,1,9.31,0,0
5410,4799,3599,1,9.24,0,0
5411,4075,32,1,8.71,1,0
5412,1099,601,2,13.69,0,0
5413,4894,3291,2,21.17,0,0
5414,3883,2637,2,20.15,0,0
5415,5142,2798,1,21.37,0,0
5416,10,2170,1,6.88,0,0
5417,5097,1765,1,14.25,0,0
5418,1550,1656,1,13.36,0,0
5419,156,2495,2,13.85,0,0
5420,5013,3282,1,12.48,1,0
5421,1519,2715,1,8.61,0,0
5422,1421,185,2,14.1,0,0
5423,796,3978,1,10.48,1,0
5424,1900,799,1,8.37,0,0
5425,1220,604,2,16.12,0,0
5426,562,188,1,14.55,0,0
5427,5382,2147,1,13.3,1,0
5428,4010,1689,1,16.68,1,0
5429,5011,987,1,19.39,0,0
5430,210,1541,3,17.65,1,0
5431,4167,3098,1,11.33,0,0
5432,1223,3779,1,12.83,1,0
5433,4361,71,1,12.43,0,0
5434,2946,3248,1,10.75,0,0
5435,2687,150,3,11.97,1,0
5436,6,154,2,11.66,1,0
5437,964,1556,1,20.65,1,0
5438,4866,2242,1,18.45,0,0
5439,4402,1993,1,19.97,0,0
5440,937,4137,2,16.17,1,0
5441,4903,2655,1,14.47,0,0
5442,1620,771,1,11.8,1,0
5443,4967,2219,3,14.33,1,0
5444,571,1359,2,17.61,0,0
5445,1794,2216,2,17.98,0,0
5446,3517,3908,3,17.41,0,0
5447,1832,2405,1,10.56,0,0
5448,4453,3681,2,14.72,1,0
5449,11,218,1,15.11,1,0
5450,4732,2646,1,12.17,0,0
5451,2054,3707,1,8.25,0,0
5452,4728,1492,3,20.26,0,0
5453,2633,3977,2,16.43,0,0
5454,1941,1794,1,14.81,0,0
5455,519,2047,1,15.05,1,0
5456,2601,3905,2,10.74,0,0
5457,4856,2487,1,11.48,0,0
5458,3467,3849,1,9.78,0,0
5459,3800,2108,2,19.86,0,0
5460,4570,1960,2,14.1,0,0
5461,1281,1734,1,14.72,0,0
5462,621,348,1,9.16,1,0
5463,818,2087,1,12.96,0,0
5464,5149,764,2,12.48,0,0
5465,1763,363,2,8.64,0,0
5466,2085,91,2,21.94,0,0
5467,5325,593,2,14.86,0,0
5468,3265,372,1,18.21,0,0
5469,4956,4094,1,13.48,0,0
5470,2048,2104,1,10.4,0,0
5471,4046,2720,1,15.11,0,0
5472,520,2661,1,11.24,1,0
5473,1115,1415,1,19.47,1,0
5474,1981,3706,2,10.81,0,0
5475,3990,1062,1,8.65,1,0
5476,2099,520,1,12.98,0,0
5477,2354,605,2,17.0,0,0
5478,146,3637,1,16.29,0,0
5479,3810,1544,1,20.71,0,0
5480,5369,2734,2,13.55,0,0
5481,1109,1285,2,14.32,0,0
5482,4053,1085,2,21.4,0,0
5483,4154,3994,1,13.1,0,0
5484,2682,614,1,16.63,1,0
5485,1802,1012,1,8.52,1,0
5486,3443,4147,1,16.51,0,0
5487,4305,2074,1,21.8,1,0
5488,2702,913,3,13.76,0,0
5489,2115,634,1,9.14,1,0
5490,3296,798,2,14.07,0,0
5491,925,3935,2,11.75,1,0
5492,4499,1291,1,13.15,0,0
5493,216,1900,1,12.07,0,0
5494,4945,660,1,14.76,0,0
5495,1167,739,3,22.69,1,0
5496,3686,1499,3,17.48,1,0
5497,3864,4095,1,19.46,1,0
5498,38,655,1,9.97,0,0
5499,1006,2158,2,15.66,0,0
5500,3203,3683,1,11.1,1,0
5501,1004,3808,4,24.75,0,0
5502,2875,792,1,10.7,1,0
5503,2457,3758,1,10.99,1,0
5504,5561,4045,1,11.26,0,0
5505,1784,3323,1,11.95,0,0
5506,1138,175,1,15.87,0,0
5507,272,1988,1,17.02,1,0
5508,48,609,1,14.23,0,0
5509,3511,2048,1,10.4,0,0
5510,3458,2159,2,14.82,1,0
5511,1851,3537,2,13.81,0,0
5512,3942,3363,1,11.33,0,0
5513,3900,2172,2,18.39,1,0
5514,4216,2760,1,14.71,0,0
5515,1504,4011,2,16.68,0,0
5516,5057,4121,1,16.37,1,0
5517,272,1988,1,17.25,0,0
5518,798,2466,1,15.65,0,0
5519,2505,1565,1,11.13,1,0
5520,3567,2603,1,17.23,1,0
5521,1630,3571,1,17.59,1,0
5522,3017,967,1,8.04,0,0
5523,5133,2464,3,21.34,1,0
5524,4591,3908,1,11.6,0,0
5525,3341,2465,3,21.46,0,0
5526,1749,1286,2,13.41,1,0
5527,1853,2857,1,19.22,0,0
5528,4269,1932,1,13.25,1,0
5529,4002,132,2,18.16,0,0
5530,4171,4124,1,12.58,1,0
5531,1033,3057,2,16.76,0,0
5532,5082,2175,1,14.17,1,0
5533,1466,3314,1,19.68,0,0
5534,3148,406,1,10.88,0,0
5535,1760,398,2,12.75,0,0
5536,5045,2032,1,18.42,1,0
5537,2271,277,2,10.74,1,0
5538,2327,2103,1,16.39,0,0
5539,2579,2705,1,8.61,0,0
5540,753,1954,1,8.21,0,0
5541,369,4178,1,17.28,0,0
5542,868,1708,1,16.3,0,0
5543,153,121,1,21.06,0,0
5544,3624,282,1,10.5,0,0
5545,3904,4019,1,20.25,0,0
5546,425,2001,1,13.4,1,0
5547,2224,3232,3,16.98,0,0
5548,4137,704,1,9.41,0,0
5549,4594,3040,1,14.27,0,0
5550,5049,4075,1,15.44,0,0
5551,2727,3545,2,14.5,1,0
5552,4007,472,2,13.3,1,0
5553,1982,229,2,19.96,0,0
5554,2414,421,2,20.89,0,0
5555,1273,1240,1,12.35,1,0
5556,1063,275,1,11.93,0,0
5557,3421,1097,1,15.65,0,0
5558,4669,4051,3,17.84,0,0
5559,3405,3466,1,17.18,0,0
5560,2062,2941,1,14.25,1,0
5561,2616,2383,1,14.19,0,0
5562,493,1546,3,21.39,0,0
5563,2477,180,1,12.97,1,0
5564,5391,3246,2,9.14,0,0
5565,864,1561,1,15.07,0,0
5566,1196,3144,1,12.26,1,0
5567,1834,3990,1,18.94,0,0
5568,3419,4101,2,13.39,0,0
5569,2264,1412,2,16.01,0,0
5570,559,2151,1,15.63,0,0
5571,3319,4103,2,11.93,1,0
5572,1684,1520,1,13.58,0,0
5573,3030,2858,1,17.03,0,0
5574,4946,307,1,18.46,0,0
5575,361,3452,1,18.89,0,0
5576,1970,2765,1,14.83,1,0
5577,701,364,1,7.73,1,0
5578,513,2013,1,19.07,1,0
5579,4385,797,1,8.87,0,0
5580,1672,429,2,11.38,0,0
5581,1833,2511,2,17.08,0,0
5582,122,1025,1,14.0,0,0
5583,4705,1396,2,17.58,0,0
5584,1199,671,3,16.78,0,0
5585,4742,3132,1,13.05,0,0
5586,3574,2293,1,9.94,1,0
5587,3336,2833,1,14.19,1,0
5588,1467,2996,1,10.92,1,0
5589,3085,2790,1,14.66,0,0
5590,258,2917,1,11.5,0,0
5591,4287,3141,1,16.83,0,0
5592,557,3611,1,10.89,0,0
5593,3433,3935,2,16.06,0,0
5594,3218,1419,1,13.05,0,0
5595,4982,2358,1,15.25,1,0
5596,1734,3800,1,15.31,0,0
5597,4525,102,1,9.18,0,0
5598,4094,2359,2,19.97,1,0
5599,890,3187,1,14.97,0,0
5600,3963,2298,1,12.61,0,0
5601,5054,207,1,19.11,1,0
5602,4280,700,2,17.08,1,0
5603,1296,1972,2,9.78,1,0
5604,4272,3325,2,16.83,0,0
5605,1721,3254,1,14.09,0,0
5606,1696,1310,1,15.93,0,0
5607,4710,2890,2,15.3,0,0
5608,4765,3793,2,8.67,0,0
5609,5489,1927,1,12.79,0,0
5610,3524,3909,1,14.95,0,0
5611,411,439,2,12.94,0,0
5612,1564,1525,2,7.76,0,0
5613,5242,375,1,11.87,1,0
5614,4025,2286,2,13.22,0,0
5615,1600,1440,2,19.47,0,0
5616,3886,133,1,17.64,0,0
5617,2141,922,1,12.16,0,0
5618,233,3279,1,6.22,0,0
5619,3317,294,1,10.86,1,0
5620,1987,2908,2,11.7,0,0
5621,2303,1117,2,19.38,0,0
5622,1277,3892,3,19.14,0,0
5623,5440,3913,1,11.37,0,0
5624,2030,3964,2,14.13,0,0
5625,5542,1021,1,22.28,0,0
5626,3871,1579,1,15.12,0,0
5627,3045,2990,1,14.66,0,0
5628,2387,1827,1,19.38,0,0
5629,5511,1576,1,14.08,1,0
5630,957,3596,1,12.12,1,0
5631,4728,1492,2,11.3,0,0
5632,5429,2476,1,16.04,0,0
5633,3319,4103,1,15.68,0,0
5634,725,543,1,8.02,1,0
5635,602,2281,1,13.28,0,0
5636,1607,4109,1,16.62,0,0
5637,5179,2591,1,17.5,0,0
5638,4516,1400,1,15.39,0,0
5639,3171,2443,1,11.52,0,0
5640,4780,2407,2,9.1,1,0
5641,4596,2961,3,17.59,0,0
5642,1241,1448,3,19.22,1,0
5643,5100,2349,1,16.09,0,0
5644,5555,3141,1,12.36,1,0
5645,3326,2613,2,13.23,0,0
5646,2383,1936,1,18.78,0,0
5647,4,237,1,14.42,1,0
5648,101,1680,1,13.64,1,0
5649,4407,2301,2,17.08,0,0
5650,1938,1631,2,10.49,0,0
5651,356,277,3,16.26,1,0
5652,5375,827,1,12.81,0,0
5653,5242,375,2,11.68,0,0
5654,5435,1666,3,15.64,0,0
5655,3959,2300,3,15.23,0,0
5656,3671,2415,1,10.75,1,0
5657,2250,706,1,21.75,1,0
5658,5072,1625,2,14.44,0,0
5659,2309,3113,1,7.38,0,0
5660,5599,1536,1,16.38,1,0
5661,3285,3129,1,14.46,0,0
5662,1723,740,1,11.97,0,0
5663,503,117,2,13.88,1,0
5664,4049,550,2,14.93,1,0
5665,5059,72,1,5.45,1,0
5666,4148,2730,1,15.34,0,0
5667,171,4159,1,21.66,0,0
5668,5037,593,1,13.67,0,0
5669,627,2274,1,16.11,0,0
5670,3559,3636,1,15.5,0,0
5671,15,3756,1,11.06,1,0
5672,2204,3635,1,9.4,0,0
5673,1961,3395,1,6.56,1,0
5674,1967,2722,1,12.25,1,0
5675,5544,3321,2,21.37,0,0
5676,2206,2147,2,17.03,1,0
5677,3059,2918,1,12.44,0,0
5678,3036,1447,1,11.21,0,0
5679,2336,2549,2,8.02,0,0
5680,1093,122,2,18.69,0,0
5681,922,788,2,13.36,1,0
5682,1916,479,1,20.33,0,0
5683,2225,2841,1,15.3,0,0
5684,4132,311,1,13.58,0,0
5685,4872,3030,2,18.13,0,0
5686,4386,4074,1,15.33,0,0
5687,1169,4145,1,18.85,0,0
5688,2200,3621,2,17.42,0,0
5689,4352,2165,3,20.28,0,0
5690,3920,1723,1,18.88,1,0
5691,4229,857,1,10.27,0,0
5692,1380,123,1,16.05,0,0
5693,5281,4091,1,20.85,0,0
5694,2154,457,1,13.4,0,0
5695,1784,3323,2,14.81,1,0
5696,1475,3611,2,16.68,0,0
5697,1876,2447,2,17.37,1,0
5698,4110,2610,1,11.02,0,0
5699,4779,443,1,18.47,1,0
5700,3728,730,1,15.67,0,0
5701,1273,1240,2,21.57,1,0
5702,2494,425,2,18.19,1,0
5703,199,1828,2,16.78,0,0
5704,2764,2026,3,19.39,1,0
5705,4905,1043,1,12.23,0,0
5706,1513,867,2,12.29,0,0
5707,4788,3047,2,8.87,0,0
5708,3877,2756,1,10.64,0,0
5709,4306,3809,1,10.4,0,0
5710,949,2851,1,19.01,1,0
5711,3411,301,1,14.05,1,0
5712,3992,1088,1,16.29,0,0
5713,1060,303,1,15.06,1,0
5714,3072,2014,1,8.45,0,0
5715,1174,1094,1,16.56,0,0
5716,5136,2081,1,18.11,0,0
5717,807,4103,1,14.14,1,0
5718,5320,3222,2,16.38,0,0
5719,4521,2183,1,17.83,1,0
5720,2327,2103,1,11.85,0,0
5721,136,2377,1,8.29,0,0
5722,2707,148,1,18.42,0,0
5723,1059,214,2,18.28,0,0
5724,5531,796,1,16.4,0,0
5725,4756,1856,1,15.66,0,0
5726,4437,2354,1,8.95,0,0
5727,3574,2293,2,13.9,0,0
5728,778,2897,1,19.12,0,0
5729,4476,810,1,15.64,1,0
5730,2364,517,3,17.51,0,0
5731,4311,877,2,16.38,0,0
5732,3669,2628,1,14.23,0,0
5733,1160,1033,1,6.62,0,0
5734,1986,3640,1,10.65,0,0
5735,4072,3512,3,15.74,0,0
5736,4918,4107,1,10.06,0,0
5737,4774,1411,2,14.86,0,0
5738,1363,3816,2,15.69,0,0
5739,1490,2113,1,18.7,0,0
5740,2888,1745,2,9.33,0,0
5741,3058,96,3,21.47,1,0
5742,886,1901,1,15.65,0,0
5743,3535,1294,2,17.25,0,0
5744,3597,845,1,17.83,0,0
5745,5250,92,3,18.24,0,0
5746,4444,2987,1,8.47,0,0
5747,440,1636,1,14.73,0,0
5748,2166,138,1,16.03,0,0
5749,4369,3298,1,13.31,0,0
5750,3608,163,1,20.36,0,0
5751,4858,150,1,18.14,0,0
5752,2087,2448,1,16.94,0,0
5753,4516,1400,1,9.6,0,0
5754,662,3607,1,13.31,0,0
5755,2093,3861,1,13.91,0,0
5756,3728,730,2,11.53,0,0
5757,2702,913,1,7.12,0,0
5758,515,1906,1,13.0,1,0
5759,5200,3631,1,14.15,0,0
5760,4056,1418,1,13.24,0,0
5761,2874,2423,1,14.23,0,0
5762,626,2871,1,13.98,0,0
5763,4246,2058,1,9.66,1,0
5764,2460,3733,1,17.89,0,0
5765,5326,173,1,9.87,0,0
5766,2667,386,2,13.42,0,0
5767,2365,1477,1,8.06,1,0
5768,4705,1396,2,13.28,0,0
5769,1595,1642,1,18.04,1,0
5770,1086,2911,2,9.9,0,0
5771,1603,3876,1,15.82,0,0
5772,2105,121,1,15.94,0,0
5773,3508,2561,1,13.83,0,0
5774,1215,3415,1,15.09,1,0
5775,3075,1083,1,15.67,0,0
5776,3814,4086,3,14.2,0,0
5777,1851,3537,2,15.98,0,0
5778,3933,3684,1,11.19,0,0
5779,3974,3017,3,17.07,0,0
5780,3353,2251,1,16.83,0,0
5781,2695,1437,1,15.79,0,0
5782,3089,2325,1,7.84,1,0
5783,1280,3158,1,7.61,0,0
5784,237,4079,2,21.02,1,0
5785,2954,2371,2,10.48,0,0
5786,780,3352,3,21.1,0,0
5787,4391,3980,4,18.6,0,0
5788,4586,3639,2,17.83,0,0
5789,2581,1263,1,14.05,0,0
5790,3592,103,1,9.38,0,0
5791,1694,41,1,18.95,0,0
5792,4942,674,2,11.67,0,0
5793,4320,1060,4,19.35,0,0
5794,1120,3988,1,13.9,1,0
5795,2332,241,2,11.5,0,0
5796,2771,2381,1,15.74,0,0
5797,3006,2185,2,18.72,1,0
5798,3903,91,4,21.6,0,0
5799,1350,2755,1,17.51,0,0
5800,2073,3402,1,14.7,0,0
5801,3148,406,1,10.58,0,0
5802,2608,1033,2,15.69,0,0
5803,780,3352,3,18.34,0,0
5804,3353,2251,1,15.8,0,0
5805,2016,3230,1,13.78,0,0
5806,1422,1708,2,15.34,0,0
5807,5134,673,2,16.45,0,0
5808,1364,2814,1,13.47,0,0
5809,2290,2791,1,9.63,0,0
5810,4767,3084,1,16.05,0,0
5811,3585,3517,1,17.84,0,0
5812,781,3559,1,11.4,0,0
5813,3404,2080,3,18.02,1,0
5814,5454,4149,1,12.71,0,0
5815,4142,2121,2,10.13,0,0
5816,3958,3027,1,11.52,0,0
5817,5352,1335,3,8.61,0,0
5818,4834,3093,1,7.54,0,0
5819,2171,2133,1,16.85,1,0
5820,3007,3146,1,6.28,1,0
5821,4435,1964,2,18.39,0,0
5822,2124,3999,1,12.25,1,0
5823,859,3599,2,6.76,0,0
5824,1530,3687,2,11.46,0,0
5825,2408,1816,2,15.62,0,0
5826,5523,1996,2,14.4,1,0
5827,1661,1726,1,13.32,0,0
5828,2121,549,2,14.7,0,0
5829,385,495,2,21.5,1,0
5830,1779,4073,1,19.6,1,0
5831,1067,2830,2,17.3,0,0
5832,1258,224,1,13.92,0,0
5833,2160,2563,3,15.83,1,0
5834,4788,3047,1,17.7,0,0
5835,442,1875,1,11.34,0,0
5836,252,381,2,20.79,1,0
5837,516,1298,2,15.54,1,0
5838,4996,1293,2,18.95,1,0
5839,2652,1512,2,16.91,0,0
5840,3656,3930,1,20.19,0,0
5841,5071,2135,1,15.2,1,0
5842,5399,2213,3,20.09,0,0
5843,2099,520,1,6.38,0,0
5844,2780,3262,2,19.14,1,0
5845,1602,306,2,14.36,0,0
5846,3645,1375,2,11.59,0,0
5847,3556,868,3,19.25,1,0
5848,5381,1517,1,14.64,1,0
5849,5286,184,1,12.39,1,0
5850,2084,466,1,13.65,0,0
5851,1433,3559,2,15.74,1,0
5852,5438,165,1,16.98,0,0
5853,5133,2464,1,8.38,0,0
5854,1310,593,2,16.27,0,0
5855,4311,877,1,14.35,0,0
5856,1253,1672,1,5.54,1,0
5857,3238,2027,1,13.23,1,0
5858,1706,270,3,7.36,0,0
5859,5152,832,1,18.22,0,0
5860,5253,344,1,11.41,0,0
5861,5487,1078,3,17.17,1,0
5862,2651,2097,1,15.29,0,0
5863,4493,362,2,13.74,0,0
5864,4473,3452,1,13.57,1,0
5865,621,348,1,16.17,0,0
5866,3444,2829,1,13.38,0,0
5867,5459,1132,1,8.56,0,0
5868,2834,1818,1,14.83,1,0
5869,1149,3475,2,14.38,0,0
5870,2651,2097,1,10.01,1,0
5871,2603,879,1,15.26,1,0
5872,5088,217,1,15.34,0,0
5873,2572,1135,2,22.95,0,0
5874,4511,289,3,18.94,0,0
5875,852,3977,2,10.41,0,0
5876,746,3943,2,17.54,0,0
5877,1011,1732,1,15.51,0,0
5878,3172,2977,1,12.09,1,0
5879,1451,1089,1,13.07,0,0
5880,1216,4143,2,17.44,0,0
5881,806,2819,1,13.74,1,0
5882,540,2584,1,8.01,0,0
5883,3999,1082,1,14.83,1,0
5884,5529,3801,2,16.63,0,0
5885,2384,3702,1,12.36,0,0
5886,4211,1147,1,12.36,0,0
5887,3911,1273,1,17.04,0,0
5888,3467,3849,1,15.46,1,0
5889,2477,180,1,14.23,0,0
5890,2655,1066,1,19.8,0,0
5891,5402,925,2,12.27,0,0
5892,3181,912,2,15.21,0,0
5893,2888,1745,1,12.96,0,0
5894,394,160,1,10.26,0,0
5895,2924,718,1,16.93,1,0
5896,2750,2076,1,12.49,1,0
5897,2277,45,1,13.52,0,0
5898,1582,2306,1,13.22,1,0
5899,190,3933,1,15.44,0,0
5900,639,1198,1,15.94,1,0
5901,995,3009,1,13.69,0,0
5902,5349,4098,1,18.21,1,0
5903,1020,3541,2,15.87,0,0
5904,4373,1313,3,18.44,1,0
5905,1329,3500,1,18.63,1,0
5906,857,990,2,12.28,0,0
5907,82,3908,2,13.92,0,0
5908,3134,3032,1,15.39,0,0
5909,4514,279,1,16.03,0,0
5910,2003,2613,1,13.44,0,0
5911,441,3240,2,13.54,1,0
5912,4916,2524,2,12.34,0,0
5913,1616,2557,2,13.35,0,0
5914,3477,358,3,19.85,0,0
5915,1725,3099,2,17.73,0,0
5916,775,1837,1,13.04,0,0
5917,3644,941,2,11.14,0,0
5918,3200,3346,1,12.83,0,0
5919,4021,2422,1,18.43,1,0
5920,2057,3086,1,14.3,0,0
5921,4327,496,2,9.68,1,0
5922,660,1610,2,14.4,0,0
5923,1170,3720,2,7.32,0,0
5924,2223,162,1,17.25,0,0
5925,4305,2074,2,11.35,0,0
5926,2068,2304,1,13.91,1,0
5927,2278,1382,1,14.43,0,0
5928,5501,3915,2,16.59,1,0
5929,2833,1304,2,12.9,0,0
5930,727,2422,2,20.65,0,0
5931,2694,397,2,13.79,0,0
5932,519,2047,1,8.98,1,0
5933,1887,94,3,16.81,0,0
5934,1116,736,1,12.36,0,0
5935,1228,2356,1,14.94,1,0
5936,4091,1092,2,20.32,0,0
5937,1981,3706,1,12.12,0,0
5938,2030,3964,1,15.28,1,0
5939,2640,1913,1,7.92,0,0
5940,1053,3677,3,17.76,0,0
5941,600,845,1,12.86,0,0
5942,1277,3892,2,14.65,1,0
5943,3706,340,1,9.32,1,0
5944,4365,30,1,11.94,0,0
5945,2995,3591,1,23.55,0,0
5946,2031,130,1,15.71,1,0
5947,4724,3959,3,16.83,0,0
5948,3801,1279,2,19.03,0,0
5949,1522,2604,1,16.73,0,0
5950,691,1829,1,22.89,1,0
5951,1536,3980,2,8.61,0,0
5952,3833,243,1,13.02,0,0
5953,2975,867,2,11.73,0,0
5954,2597,2755,2,11.79,0,0
5955,3216,1671,2,12.18,0,0
5956,1599,3638,3,23.13,0,0
5957,1328,3323,2,13.98,0,0
5958,4148,2730,1,13.22,0,0
5959,3063,552,1,15.96,0,0
5960,3147,111,1,10.69,0,0
5961,1821,3647,3,21.39,0,0
5962,1865,1958,1,14.51,1,0
5963,3730,2167,1,13.34,0,0
5964,3362,549,1,14.27,1,0
5965,3814,4086,3,11.34,1,0
5966,5272,274,1,12.81,1,0
5967,361,3452,2,14.53,1,0
5968,5107,3164,1,14.71,0,0
5969,1842,1169,1,10.31,0,0
5970,4254,3133,1,12.06,0,0
5971,1196,3144,2,12.59,0,0
5972,2688,1757,3,15.89,0,0
5973,5460,2431,1,11.0,1,0
5974,180,1709,1,14.31,0,0
5975,760,736,2,14.32,0,0
5976,5104,1002,1,9.92,1,0
5977,2966,1753,1,18.08,0,0
5978,5078,209,2,14.65,0,0
5979,1375,760,1,11.14,0,0
5980,1335,2435,1,11.82,0,0
5981,3937,2653,1,7.77,0,0
5982,1239,2958,2,15.02,0,0
5983,4985,2598,1,8.84,0,0
5984,1542,3392,2,16.25,0,0
5985,2554,476,1,16.47,1,0
5986,983,592,1,12.06,0,0
5987,2052,2685,1,16.69,0,0
5988,5441,2902,1,13.77,0,0
5989,5392,3617,1,11.76,1,0
5990,1096,4038,2,17.64,0,0
5991,4635,1703,2,17.35,0,0
5992,955,1387,1,10.19,0,0
5993,4682,1102,2,13.46,0,0
5994,1147,3841,1,13.8,0,0
5995,2524,3826,1,13.51,0,0
5996,2150,752,2,19.58,0,0
5997,3359,1928,2,15.98,0,0
5998,4908,4080,1,10.44,1,0
5999,392,4000,2,17.1,0,0
6000,3430,3757,4,17.26,0,0
6001,3177,3177,1,9.0,0,0
6002,1591,267,1,13.75,0,0
6003,5338,1512,1,17.63,0,0
6004,3935,3356,2,15.46,0,0
6005,3508,2561,1,16.22,0,0
6006,1042,2478,1,10.25,0,0
6007,1224,589,3,15.18,0,0
6008,1787,1251,3,17.27,1,0
6009,5058,561,1,12.77,0,0
6010,3584,89,2,21.36,0,0
6011,5480,3424,1,8.73,0,0
6012,4431,282,1,10.81,0,0
6013,2781,380,2,15.71,1,0
6014,4526,1453,1,18.8,0,0
6015,385,495,2,16.57,0,0
6016,2337,2219,3,16.89,0,0
6017,2251,350,1,13.79,1,0
6018,2034,2211,2,11.3,0,0
6019,4465,985,1,8.18,0,0
6020,2850,1442,3,16.57,0,0
6021,5423,14,1,14.42,0,0
6022,5206,1873,1,16.52,0,0
6023,3097,4080,2,17.35,0,0
6024,2998,1428,1,18.82,0,0
6025,1404,1114,1,16.56,0,0
6026,5288,3876,1,7.85,0,0
6027,19,1261,1,10.18,0,0
6028,4757,1314,4,11.71,0,0
6029,4608,1600,4,19.21,0,0
6030,2447,1369,2,14.01,0,0
6031,3688,3059,1,11.26,0,0
6032,4914,1528,1,16.59,1,0
6033,1068,2092,2,15.47,1,0
6034,1415,3446,1,14.1,0,0
6035,1086,2911,1,10.46,1,0
6036,4542,228,1,12.23,1,0
6037,848,3213,1,8.78,1,0
6038,875,2709,1,9.79,0,0
6039,1775,1362,2,20.07,0,0
6040,5245,2030,1,8.62,0,0
6041,673,2142,3,17.99,0,0
6042,319,3580,2,17.6,0,0
6043,2694,397,1,17.4,0,0
6044,5178,3705,2,14.5,0,0
6045,4812,3212,1,8.89,1,0
6046,5454,4149,1,12.83,0,0
6047,4045,3155,2,15.92,0,0
6048,4445,3869,2,17.98,0,0
6049,5540,3768,1,13.81,0,0
6050,4952,1657,1,19.6,0,0
6051,1968,676,2,15.78,0,0
6052,4127,649,1,14.25,0,0
6053,227,111,1,19.38,0,0
6054,532,3323,2,15.77,0,0
6055,2805,2279,1,16.22,0,0
6056,3575,136,2,13.94,0,0
6057,1595,1642,1,11.41,1,0
6058,897,1735,1,12.24,1,0
6059,3704,3440,1,19.43,0,0
6060,541,3895,1,12.93,1,0
6061,2357,2895,2,12.11,0,0
6062,1256,2182,2,18.05,1,0
6063,576,204,2,13.59,0,0
6064,274,499,2,16.15,0,0
6065,5064,1140,1,14.75,0,0
6066,4304,3632,1,12.68,0,0
6067,487,58,2,18.36,0,0
6068,693,1273,1,10.76,1,0
6069,2130,3800,2,15.4,0,0
6070,589,2249,3,18.48,0,0
6071,1164,791,1,15.67,1,0
6072,2946,3248,1,14.84,0,0
6073,3405,3466,2,16.46,0,0
6074,70,3192,1,16.23,1,0
6075,2003,2613,1,11.44,0,0
6076,2287,3964,1,20.9,1,0
6077,4338,2657,1,14.61,0,0
6078,2129,3310,1,16.1,0,0
6079,5414,2585,1,11.1,0,0
6080,2643,3795,1,15.64,1,0
6081,927,3900,1,17.36,0,0
6082,3989,3204,2,10.63,1,0
6083,4339,1108,1,9.46,0,0
6084,2533,1846,2,20.04,1,0
6085,3813,2227,2,19.67,0,0
6086,750,556,1,9.95,0,0
6087,2554,476,2,10.66,0,0
6088,5227,1918,1,6.19,0,0
6089,1535,3256,2,15.4,0,0
6090,3397,1499,1,13.56,0,0
6091,4378,1550,1,12.14,0,0
6092,63,3895,3,11.31,0,0
6093,2927,4122,1,7.51,1,0
6094,26,3915,2,17.4,1,0
6095,5107,3164,1,15.65,0,0
6096,3306,81,1,10.25,0,0
6097,104,1032,1,20.14,0,0
6098,2375,3105,1,10.51,0,0
6099,63,3895,1,14.28,1,0
6100,4485,3956,1,17.79,0,0
