id,passenger_id,flight_id,fare_class,purchase_channel,ticket_price,ancillaries_spend
1,2151,368,0,2,205.05,72.82
2,929,396,1,0,453.33,1.79
3,2716,532,0,0,626.99,20.89
4,237,910,0,1,386.1,8.32
5,3138,303,0,0,292.12,46.67
6,154,1024,0,1,199.02,71.32
7,3524,273,0,2,420.46,35.06
8,1903,434,2,0,376.75,36.26
9,2139,489,1,2,241.87,67.83
10,2170,142,2,2,166.8,20.29
11,218,706,1,0,310.53,40.21
12,3623,948,1,0,411.6,24.63
13,605,266,0,3,247.72,3.59
14,433,96,1,3,417.01,8.05
15,3756,471,0,0,278.75,16.16
16,2374,645,0,0,140.01,9.4
17,1952,831,1,2,1178.35,84.04
18,929,396,1,1,517.55,35.18
19,1261,205,1,3,177.41,31.81
20,1537,1144,1,2,978.83,21.32
21,962,977,0,0,70.64,10.97
22,3334,486,1,3,600.22,74.19
23,1459,1184,0,1,164.59,19.97
24,3235,645,0,1,138.92,39.16
25,952,924,0,3,145.8,41.52
26,3915,36,1,2,223.58,32.45
27,1012,135,0,2,260.34,64.04
28,974,148,0,0,219.27,37.79
29,1370,717,0,1,234.08,26.99
30,2110,764,2,2,417.87,39.0
31,2634,914,0,3,147.71,35.02
32,2014,247,0,0,320.15,61.57
33,2733,1057,2,0,1914.14,50.67
34,1061,391,0,1,387.31,5.01
35,3929,415,1,1,394.95,11.71
36,2947,134,0,1,237.91,38.95
37,2675,773,0,3,404.76,9.99
38,655,37,2,3,901.09,57.16
39,3272,1064,0,1,586.58,29.17
40,1951,374,1,2,248.33,21.04
41,2983,879,0,1,315.21,19.94
42,151,1058,0,2,205.14,42.13
43,3919,523,1,2,533.47,24.77
44,1428,78,1,3,581.71,11.95
45,2113,1104,2,0,321.64,23.61
46,3743,397,1,1,422.41,24.14
47,4113,815,0,0,79.15,54.93
48,609,1065,0,1,115.2,44.27
49,1709,591,1,0,420.86,45.64
50,729,544,0,1,188.2,55.01
51,1293,174,0,1,269.86,34.28
52,4195,1089,1,0,562.05,12.2
53,3245,853,0,1,172.55,29.16
54,1476,857,0,1,595.46,3.62
55,886,652,1,1,258.3,25.23
56,300,111,0,3,315.47,25.51
57,1257,402,0,0,740.61,22.22
58,2669,285,2,1,1806.88,24.15
59,3094,830,0,1,210.86,55.6
60,2043,216,0,1,532.97,8.2
61,2344,271,1,2,365.13,39.08
62,4033,832,0,2,267.72,40.39
63,3895,60,1,0,1251.29,32.86
64,1154,219,0,1,177.03,24.85
65,3658,877,1,1,251.19,25.82
66,2467,228,0,0,212.96,24.88
67,3490,1116,1,3,619.72,34.06
68,1262,502,0,3,826.66,33.06
69,759,608,0,2,442.87,66.95
70,3192,72,0,0,337.83,29.53
71,3411,1047,0,1,381.27,35.63
72,362,942,0,3,161.56,11.92
73,3601,602,0,1,175.38,103.26
74,3162,1097,0,0,204.0,33.33
75,2728,844,0,1,375.13,46.86
76,3021,900,1,1,382.18,21.5
77,2814,976,1,0,534.05,41.84
78,1335,451,0,0,157.32,7.02
79,837,320,0,3,385.14,22.97
80,358,31,0,0,341.42,7.64
81,1996,124,0,2,261.14,9.12
82,3908,336,1,0,544.73,18.38
83,930,306,0,1,690.02,37.05
84,867,988,0,3,667.47,18.69
85,2442,629,0,0,90.66,63.68
86,42,189,1,0,280.7,56.72
87,3720,832,2,2,723.06,59.43
88,1180,1041,0,0,101.73,18.56
89,3658,877,1,3,182.28,61.01
90,3977,523,1,0,429.98,4.36
91,2080,1160,0,0,118.56,45.12
92,2569,495,2,1,369.32,12.73
93,2812,526,1,1,346.68,47.98
94,107,65,0,3,269.95,15.53
95,868,186,2,1,873.67,62.43
96,2082,558,1,3,288.5,44.76
97,2887,459,2,0,1546.47,34.56
98,2268,991,1,0,780.57,33.13
99,2663,515,0,2,119.92,58.54
100,4044,511,1,0,228.39,25.71
101,1680,554,0,2,157.17,98.61
102,887,111,0,1,279.96,1.06
103,2783,402,2,1,1838.59,25.25
104,1032,856,1,1,262.1,56.2
105,1945,565,0,1,144.14,43.07
106,3880,907,1,3,439.01,17.43
107,4029,299,0,0,190.23,45.71
108,1,626,0,1,160.16,90.87
109,2225,23,0,0,302.06,20.71
110,1242,271,0,2,225.99,49.26
111,3100,1170,1,3,610.55,31.09
112,804,65,0,0,205.41,31.94
113,67,710,0,1,262.65,12.13
114,4197,703,1,0,564.71,5.07
115,2382,1124,2,0,690.18,147.68
116,2375,21,0,1,79.53,4.22
117,403,934,1,1,921.45,14.93
118,2599,1128,2,0,772.52,107.76
119,1377,272,0,2,131.65,10.52
120,776,1026,0,2,220.17,10.04
121,2689,1139,0,0,79.78,22.02
122,1025,801,0,1,230.7,46.2
123,570,171,2,2,630.1,73.05
124,2857,436,0,1,199.25,50.99
125,3828,8,2,0,999.84,42.02
126,323,1161,1,0,260.9,65.86
127,4065,364,1,0,545.19,62.05
128,1622,842,2,0,357.17,86.85
129,2379,51,0,0,340.35,37.24
130,9,974,1,2,176.19,4.05
131,5,999,0,0,58.91,2.28
132,3847,578,0,2,242.6,26.65
133,3081,267,0,3,129.71,19.9
134,3306,678,1,0,252.47,128.24
135,985,620,2,0,1868.18,32.87
136,2377,983,0,1,231.31,39.71
137,2702,798,1,3,270.36,10.08
138,4101,140,0,2,180.86,14.18
139,4118,353,0,1,450.1,40.07
140,3876,764,0,1,72.14,21.91
141,3295,754,2,2,325.95,27.92
142,754,371,0,0,121.05,55.19
143,101,467,1,2,219.13,24.55
144,3209,730,1,0,584.11,2.71
145,865,1124,2,0,640.77,17.63
146,3637,590,0,2,241.29,40.22
147,3701,817,0,2,245.18,47.19
148,305,419,0,3,387.23,10.82
149,235,1043,2,3,1410.31,37.72
150,864,983,0,0,252.7,15.26
151,124,946,0,3,353.18,33.03
152,1671,61,0,0,363.52,30.91
153,121,451,0,2,163.47,22.83
154,2208,783,1,0,208.89,35.57
155,3000,1003,0,3,354.71,8.36
156,2495,307,0,2,222.53,26.25
157,304,958,0,0,462.61,47.61
158,2226,765,1,0,207.12,15.07
159,483,760,0,2,171.86,7.35
160,3057,521,0,1,125.82,78.22
161,332,793,1,1,555.3,41.24
162,3444,718,1,2,283.57,67.69
163,153,403,0,3,191.67,17.94
164,2001,61,0,1,302.44,33.88
165,3053,534,0,0,380.76,23.4
166,995,706,0,1,99.37,50.72
167,661,561,0,0,247.98,46.25
168,2537,1162,0,0,287.99,44.97
169,3951,139,0,2,174.39,20.48
170,3477,1101,1,0,983.61,129.48
171,4159,611,0,0,45.0,21.54
172,2993,836,1,3,345.88,138.86
173,3956,381,1,1,438.68,49.03
174,90,952,0,1,326.34,6.29
175,1857,639,0,2,67.98,40.21
176,2165,409,2,2,1687.4,25.47
177,1544,511,0,1,122.54,43.12
178,475,106,0,1,445.48,20.46
179,3554,706,0,2,201.02,17.02
180,1709,591,0,0,341.06,14.72
181,3366,1183,0,3,432.12,16.45
182,1003,1176,1,2,278.0,47.71
183,3814,1129,1,0,276.02,12.63
184,2196,243,1,0,577.18,26.14
185,3663,637,2,3,1007.45,60.62
186,2025,261,2,3,845.96,13.39
187,3672,301,1,0,281.46,50.25
188,3705,136,0,0,204.32,18.59
189,2129,865,0,1,293.32,15.23
190,3933,404,2,0,405.24,35.47
191,1027,475,2,0,401.44,51.48
192,749,392,0,3,224.91,53.18
193,4107,615,0,2,265.07,30.28
194,3710,600,1,2,533.72,19.08
195,164,851,0,3,328.86,34.95
196,58,212,1,0,359.9,19.87
197,4010,249,1,2,134.77,24.58
198,3497,1010,1,0,251.16,5.91
199,1828,1099,0,0,353.63,1.83
200,2687,581,1,0,845.06,28.38
201,793,1004,1,3,477.07,65.48
202,2235,203,0,1,260.01,14.16
203,2667,1153,0,2,380.69,9.1
204,1467,1012,0,2,252.7,50.97
205,672,264,0,0,379.65,25.98
206,1450,1067,0,1,360.45,24.52
207,1704,367,1,3,145.42,15.23
208,1778,688,1,2,202.91,50.51
209,3529,1094,0,3,187.72,13.24
210,1541,863,1,2,232.44,37.12
211,403,934,2,0,1513.79,30.38
212,2307,492,1,2,213.81,18.88
213,4164,459,0,3,684.06,45.59
214,3293,1009,0,2,298.92,64.1
215,2443,799,1,3,338.05,20.28
216,1900,371,0,3,180.51,60.1
217,3169,385,0,2,185.96,47.88
218,3723,1091,1,0,639.11,31.03
219,3135,290,0,2,212.35,20.48
220,3754,980,0,0,202.42,59.44
221,645,1083,1,0,948.78,7.1
222,16,965,0,1,350.84,68.55
223,3235,645,0,3,111.21,80.28
224,3649,426,0,0,123.22,18.12
225,1093,694,0,0,198.99,37.59
226,3770,630,0,1,229.59,17.37
227,111,49,0,0,401.7,5.0
228,2150,780,1,1,328.11,56.64
229,3011,651,0,0,89.81,25.72
230,2231,1077,0,2,323.42,21.32
231,2612,935,0,2,193.27,9.77
232,1163,891,0,2,216.77,15.08
233,3279,711,0,0,366.76,90.12
234,815,372,0,2,134.47,31.76
235,909,164,0,2,156.72,35.55
236,1743,599,0,1,110.46,37.46
237,4079,410,2,0,1889.78,27.59
238,1592,785,0,0,145.22,44.03
239,3300,170,0,0,309.84,4.3
240,26,695,0,2,318.38,24.51
241,161,708,0,1,321.71,26.37
242,1019,209,1,0,652.9,26.17
243,2447,1114,0,1,548.04,101.29
244,2339,1052,1,0,1172.18,22.19
245,1348,27,0,0,150.82,59.95
246,199,12,2,1,736.25,42.14
247,1106,651,0,0,102.96,6.83
248,4159,611,0,3,151.63,12.87
249,2166,277,1,1,206.59,122.45
250,385,601,2,1,360.92,53.94
251,3046,517,1,0,484.58,30.78
252,381,189,2,2,349.6,37.41
253,26,695,0,3,403.19,20.35
254,2601,1067,1,1,401.55,94.3
255,1620,1153,0,2,295.72,22.31
256,896,36,1,2,283.41,201.62
257,2443,799,1,1,309.59,1.87
258,2917,221,0,1,777.28,34.87
259,308,317,0,1,197.54,17.53
260,1014,399,2,2,1755.67,59.32
261,4073,1113,0,0,112.81,59.62
262,3630,607,0,1,377.23,0.0
263,2558,52,1,0,286.9,27.66
264,902,757,0,3,406.43,26.16
265,2853,483,1,2,573.29,22.61
266,469,844,0,3,445.14,42.59
267,554,829,2,1,344.79,41.83
268,2803,167,0,3,115.0,38.2
269,1025,801,1,2,248.7,49.25
270,3327,709,0,0,259.79,46.9
271,3889,366,0,2,171.56,12.87
272,1988,569,0,0,428.8,8.42
273,828,642,1,1,497.49,43.18
274,499,1184,0,2,177.34,8.42
275,3140,145,0,0,97.62,28.49
276,1695,673,0,2,402.41,87.38
277,2181,133,0,1,161.34,39.89
278,708,1128,0,1,283.66,95.15
279,1679,546,0,2,387.12,5.13
280,947,150,0,3,186.05,51.89
281,322,106,1,1,540.15,97.44
282,301,101,0,0,84.95,27.23
283,2618,1134,1,0,977.36,43.4
284,2096,1128,2,2,826.21,91.89
285,1762,641,0,0,699.26,5.88
286,795,286,1,0,425.86,17.66
287,4060,1053,1,0,521.21,87.35
288,3801,240,0,1,362.65,41.03
289,802,245,0,3,237.9,23.61
290,3809,777,0,2,292.43,35.26
291,3173,1177,2,2,1498.44,40.42
292,1682,1034,0,0,219.2,12.15
293,425,534,1,1,619.81,72.21
294,3421,825,0,1,697.02,12.81
295,3744,1082,0,2,132.43,45.55
296,164,851,1,0,608.25,40.22
297,860,863,1,2,202.63,96.71
298,2897,691,2,0,1602.23,61.5
299,675,268,0,2,141.74,51.25
300,630,1080,1,3,270.69,27.22
301,2616,1065,1,3,282.74,6.3
302,2939,819,0,2,99.96,3.85
303,21,606,0,2,218.93,36.44
304,994,85,0,0,278.98,40.69
305,1075,679,1,1,1090.97,44.04
306,1825,590,0,1,171.66,61.56
307,1670,565,0,0,172.91,34.78
308,1482,1072,1,0,187.13,79.59
309,3759,255,0,2,715.78,20.52
310,274,294,0,2,694.98,32.29
311,3907,710,1,3,267.07,37.94
312,4072,260,1,0,328.66,9.76
313,1471,862,1,0,428.16,46.9
314,3006,1016,0,1,193.7,9.19
315,1680,554,1,0,213.18,67.4
316,2114,867,0,1,332.25,18.78
317,1695,673,0,2,475.3,52.86
318,430,1111,2,0,691.67,41.92
319,3580,431,0,0,643.4,22.88
320,18,64,0,0,200.59,17.09
321,1580,98,1,3,541.84,44.28
322,2138,865,1,0,526.63,17.21
323,1630,34,0,0,137.12,38.01
324,1871,953,0,0,399.01,7.92
325,251,597,0,0,714.43,28.54
326,2561,533,0,2,300.64,41.85
327,3198,1052,1,2,1244.09,63.43
328,1209,29,1,0,199.59,37.19
329,1071,845,0,3,120.87,7.48
330,1418,396,0,1,341.08,44.23
331,3548,858,0,2,261.46,2.67
332,3144,595,0,2,589.05,25.01
333,2943,767,0,3,198.81,27.99
334,2044,323,1,0,642.52,2.64
335,3571,746,1,2,352.92,25.81
336,2647,270,1,0,1068.06,111.35
337,660,749,1,0,244.1,44.98
338,1554,235,0,0,623.34,48.75
339,2600,261,1,0,475.89,27.5
340,1440,57,1,3,286.55,49.15
341,2559,21,2,0,269.33,85.63
342,1571,541,0,0,183.38,23.28
343,525,346,2,0,279.89,86.56
344,1560,1024,1,1,312.28,20.05
345,2509,705,0,0,215.38,52.07
346,545,118,1,2,291.28,96.79
347,4019,1020,0,0,226.72,29.03
348,3928,76,2,3,734.93,9.24
349,2425,693,2,2,334.34,21.87
350,1761,763,0,2,261.07,42.43
351,915,949,0,2,228.44,7.76
352,2862,307,0,2,253.3,16.45
353,3151,1051,0,0,119.61,11.83
354,3332,936,1,0,299.88,46.28
355,2315,357,1,0,201.24,89.88
356,277,123,1,0,567.72,35.64
357,1227,1176,1,2,236.48,15.72
358,2912,858,0,0,180.79,21.24
359,3021,900,1,3,280.81,35.51
360,473,567,1,3,1030.94,32.01
361,3452,627,2,0,753.93,35.76
362,68,174,1,0,550.07,6.37
363,690,823,2,0,435.34,24.23
364,2177,814,0,2,753.95,29.41
365,1434,154,1,0,1244.66,70.28
366,1961,58,1,0,465.08,13.79
367,891,797,0,0,434.3,35.99
368,3724,978,0,1,226.98,35.86
369,4178,514,0,1,232.39,51.64
370,2107,384,0,0,727.99,22.98
371,1422,478,1,0,607.0,17.34
372,446,228,1,0,407.04,54.91
373,2153,175,1,2,185.41,59.53
374,3577,53,1,3,391.17,170.16
375,1688,1159,0,2,582.59,22.5
376,21,606,1,0,344.92,2.98
377,417,1126,0,2,258.02,35.41
378,2787,775,0,0,173.51,16.59
379,2349,405,1,1,499.04,24.28
380,2124,153,2,2,791.84,30.84
381,1023,505,1,2,491.26,21.28
382,757,929,1,1,294.26,29.64
383,2961,665,1,2,265.96,41.25
384,1216,389,1,0,256.15,30.21
385,495,3,0,0,246.4,34.5
386,1617,693,0,2,118.82,86.5
387,2073,644,2,2,1936.34,22.51
388,48,832,1,0,491.29,11.05
389,2285,32,1,2,424.84,24.1
390,1205,1155,0,0,262.91,24.31
391,3776,61,2,2,722.2,7.95
392,4000,60,1,0,1070.05,13.83
393,310,614,1,2,548.99,23.6
394,160,1109,0,0,521.74,54.98
395,1585,3,1,0,292.47,0.0
396,3347,1024,0,0,176.39,34.95
397,1463,265,1,0,547.68,36.73
398,3351,88,0,1,73.71,58.29
399,3165,828,0,0,306.35,3.37
400,4108,522,0,2,631.8,73.11
401,2321,118,0,1,184.53,16.44
402,3718,194,1,0,581.08,15.49
403,2405,363,1,0,545.48,9.04
404,3613,499,1,2,432.71,43.16
405,1069,864,2,1,1902.5,55.14
406,2625,814,2,0,1724.02,51.46
407,2853,483,0,0,391.03,45.51
408,490,1085,0,1,247.94,24.48
409,2529,643,2,2,760.21,54.67
410,766,174,0,0,325.32,18.64
411,439,928,0,2,133.64,29.72
412,4149,1006,1,3,466.04,11.85
413,3741,300,1,1,556.86,12.41
414,3178,400,0,1,212.05,7.93
415,80,395,1,2,274.01,52.24
416,1896,1098,0,0,245.71,34.23
417,1599,709,0,0,176.53,58.49
418,2393,897,0,0,326.52,47.78
419,3271,395,1,1,234.53,3.36
420,1440,57,1,3,391.42,29.35
421,976,1183,0,2,368.27,3.65
422,3425,660,0,2,100.5,79.71
423,2183,382,1,1,291.16,47.51
424,226,1159,0,0,742.13,3.49
425,2001,61,1,2,392.21,76.02
426,2979,256,1,3,307.7,63.42
427,2470,383,1,2,980.88,35.81
428,1904,894,2,3,304.8,9.47
429,2134,439,0,3,267.88,22.2
430,2616,1065,1,1,268.34,51.36
431,1983,1065,0,1,228.71,36.41
432,2236,229,0,0,316.19,24.91
433,1139,688,0,0,174.17,21.15
434,1335,451,0,1,132.34,32.07
435,3476,759,0,0,133.61,90.52
436,3750,226,0,2,155.28,27.95
437,1965,683,0,0,394.73,53.8
438,2305,568,0,1,112.57,45.24
439,357,824,2,3,448.44,25.55
440,1636,422,0,0,198.02,22.09
441,3240,357,0,0,240.6,34.28
442,1875,868,1,3,243.6,35.19
443,2460,766,0,2,742.9,13.04
444,99,892,2,1,517.1,31.39
445,3658,877,1,2,177.56,10.6
446,3921,410,1,2,1212.55,33.61
447,1820,406,2,0,470.46,62.78
448,1417,286,2,0,615.24,23.04
449,1591,1106,0,1,345.78,20.36
450,1807,979,1,1,289.23,13.24
451,2309,470,1,1,212.02,11.74
452,4045,216,1,0,946.31,27.16
453,120,219,0,0,97.56,38.43
454,788,760,0,2,211.05,35.33
455,4044,511,1,0,296.7,47.85
456,3921,410,1,0,1071.72,55.2
457,538,379,0,0,293.74,60.48
458,1422,478,1,3,653.78,15.59
459,3397,864,1,3,1260.03,16.25
460,1826,247,0,0,340.14,35.29
461,33,27,1,2,236.94,31.83
462,178,1177,2,1,1499.97,38.16
463,3811,928,2,1,426.82,8.65
464,2019,709,0,3,262.83,37.78
465,1540,904,0,2,383.78,20.0
466,3819,115,0,0,191.66,61.66
467,2386,817,1,0,307.91,19.08
468,2848,747,0,2,275.34,21.35
469,3289,695,0,3,363.59,20.48
470,1693,790,0,0,191.26,57.9
471,4099,136,1,1,349.92,36.57
472,3176,984,0,0,427.17,58.39
473,3170,630,0,2,302.32,5.08
474,3219,484,0,0,311.66,1.67
475,2316,280,0,0,282.8,41.87
476,3412,1060,1,2,190.98,18.95
477,2017,908,0,1,264.6,31.86
478,863,290,2,1,556.12,23.06
479,1168,357,0,0,150.81,24.81
480,671,317,1,0,278.65,45.58
481,3107,129,1,1,332.21,42.29
482,1133,1043,0,2,578.68,36.17
483,441,199,1,2,201.47,59.01
484,1796,106,2,0,774.3,28.37
485,3297,102,1,1,555.21,134.1
486,2960,563,2,3,488.83,15.41
487,58,212,0,3,143.79,32.08
488,1768,388,2,2,1114.16,19.33
489,625,774,0,3,129.66,9.75
490,4178,514,0,1,262.92,62.58
491,2446,895,0,2,93.58,10.41
492,2877,215,0,3,291.86,1.67
493,1546,248,1,2,1062.6,3.62
494,52,223,1,0,580.22,24.84
495,125,1081,0,0,435.15,23.47
496,641,394,0,3,755.08,25.9
497,1091,197,2,2,407.77,68.59
498,2102,641,0,1,786.63,17.54
499,3613,499,0,1,269.82,22.92
500,3043,662,0,0,246.37,4.06
501,537,791,1,2,603.33,47.42
502,887,111,1,0,382.47,48.21
503,117,253,2,2,300.26,19.96
504,1933,454,0,1,155.44,63.4
505,2401,267,0,3,108.93,22.42
506,4141,853,0,1,45.0,10.58
507,2615,127,0,3,473.6,25.34
508,2878,184,0,1,206.61,55.76
509,1813,983,0,2,265.08,36.01
510,2663,515,0,0,238.8,58.05
511,829,708,0,3,358.94,12.04
512,1283,374,0,2,142.97,26.87
513,2013,826,0,0,294.36,40.07
514,131,484,0,2,195.87,42.49
515,1906,1146,1,0,381.41,10.76
516,1298,86,1,0,513.0,43.44
517,2487,782,1,2,467.03,25.64
518,84,242,1,0,519.39,33.58
519,2047,1053,0,0,478.13,43.76
520,2661,632,0,3,375.53,22.37
521,2779,549,0,0,202.95,8.19
522,803,588,2,3,852.63,62.58
523,4,150,0,2,234.12,72.38
524,1402,103,1,0,182.7,25.3
525,3370,230,1,3,261.24,64.34
526,4004,385,1,0,147.62,22.48
527,3335,688,0,0,215.0,87.01
528,149,607,0,0,312.84,11.69
529,3823,1005,1,0,485.58,6.53
530,1079,209,0,2,312.85,0.0
531,127,643,0,1,322.05,34.35
532,3323,60,0,0,717.82,30.56
533,2140,265,0,1,379.99,31.93
534,3914,74,0,1,45.0,13.47
535,1961,58,0,0,401.28,50.11
536,507,1125,2,0,403.65,22.23
537,3401,545,1,2,608.13,55.15
538,1806,784,1,2,189.35,72.82
539,3480,347,1,0,468.74,141.67
540,2584,1148,1,3,260.22,45.99
541,3895,60,1,3,1238.84,39.43
542,1654,55,1,2,434.64,46.05
543,3259,910,0,2,264.53,49.41
544,45,85,0,3,256.47,40.39
545,1169,445,1,2,305.59,21.33
546,4126,1003,2,0,786.93,40.26
547,2086,994,1,0,454.83,29.31
548,1405,221,2,0,1806.38,51.5
549,221,942,0,2,177.9,44.82
550,1021,424,0,1,213.4,5.85
551,3059,955,0,2,161.26,17.39
552,2860,816,1,0,451.24,88.99
553,1344,219,1,0,161.41,30.33
554,3613,499,1,2,412.61,22.5
555,528,160,0,0,71.13,13.88
556,347,275,1,2,1249.07,12.91
557,3611,338,0,1,763.09,23.19
558,1211,1129,0,0,174.79,51.57
559,2151,368,0,2,75.19,1.15
560,208,1126,0,1,267.82,97.93
561,3600,319,0,2,518.49,54.24
562,188,164,0,2,230.73,24.95
563,3551,608,0,0,309.26,70.17
564,3639,1059,1,0,244.08,6.31
565,1839,592,1,2,973.2,20.81
566,795,286,0,1,277.6,18.26
567,3333,1134,0,1,562.29,33.6
568,2039,635,0,1,560.61,10.94
569,2096,1128,1,0,506.2,6.15
570,1957,276,2,0,535.78,51.31
571,1359,993,0,0,382.83,6.66
572,1522,1099,0,2,442.02,19.69
573,3024,866,1,3,479.85,33.93
574,1197,1091,1,0,611.8,27.77
575,1786,751,0,1,87.24,12.86
576,204,649,0,3,45.56,15.83
577,3316,230,1,1,242.98,49.15
578,2913,552,0,0,357.3,42.62
579,886,652,2,1,340.14,61.28
580,1934,606,0,1,263.76,34.44
581,4102,145,2,2,452.16,28.44
582,791,606,1,2,281.08,36.3
583,2171,150,0,2,212.57,95.96
584,534,364,0,0,375.92,41.02
585,300,111,1,1,553.92,69.6
586,991,375,1,0,1142.7,49.89
587,1942,606,0,2,139.03,11.17
588,1809,1121,0,1,193.06,50.12
589,2249,660,1,2,355.24,41.49
590,4049,914,0,0,122.12,18.5
591,2183,382,0,3,187.86,20.12
592,4067,342,0,2,278.27,23.46
593,354,985,0,2,47.08,8.2
594,1560,1024,0,1,212.51,25.25
595,296,1087,1,2,317.08,31.76
596,2827,872,2,2,760.89,18.29
597,2383,31,0,0,450.11,3.06
598,214,924,0,0,132.0,9.33
599,2968,28,2,0,338.97,16.27
600,845,1089,0,2,321.55,41.18
601,1564,513,0,3,206.47,54.53
602,2281,688,1,1,131.99,47.0
603,3974,662,0,2,267.64,18.14
604,1491,1086,0,1,198.81,76.16
605,3173,1177,0,0,531.64,167.27
606,2036,22,0,0,142.33,36.2
607,2799,646,1,0,855.94,51.4
608,638,385,0,2,206.68,86.93
609,3161,997,2,2,875.41,40.65
610,1612,789,0,3,215.65,11.8
611,3743,397,1,0,492.51,27.23
612,3682,512,1,2,594.22,32.19
613,2260,201,0,3,659.05,12.5
614,3047,256,1,0,269.25,15.61
615,1150,1149,1,0,429.53,23.33
616,1970,338,1,0,1082.69,30.47
617,3049,145,1,2,147.52,89.77
618,1714,105,0,3,375.92,24.88
619,3987,335,0,1,156.51,18.14
620,176,501,1,2,133.09,36.84
621,348,302,0,1,136.05,67.34
622,2699,861,0,3,170.15,44.3
623,1972,938,0,1,201.58,23.52
624,386,605,1,3,267.36,14.03
625,1355,793,0,3,434.03,15.59
626,2871,1177,0,0,600.1,0.0
627,2274,933,0,0,191.71,48.8
628,6,134,1,2,238.99,13.83
629,538,379,0,2,383.16,29.63
630,139,401,0,1,62.88,51.9
631,2735,13,2,0,884.39,109.08
632,3260,40,0,1,726.53,1.95
633,2978,878,0,2,817.25,28.04
634,1865,452,0,2,759.34,45.99
635,2618,1134,0,3,633.08,31.44
636,2615,127,0,3,313.89,20.76
637,4058,392,0,1,145.59,29.83
638,1794,417,0,0,157.22,36.9
639,1198,1105,1,0,229.68,49.08
640,1082,1022,0,0,265.42,22.63
641,2067,814,2,1,1747.59,10.58
642,936,277,1,0,223.48,34.85
643,657,581,1,0,864.46,33.23
644,2827,872,0,3,355.46,10.65
645,891,797,1,2,532.89,71.33
646,2388,949,1,0,317.07,1.22
647,3156,1079,1,2,226.6,15.05
648,35,1149,0,0,196.4,23.16
649,3296,281,2,0,734.7,19.23
650,1319,1103,1,0,836.2,46.85
651,3977,523,1,3,544.36,2.28
652,109,222,0,1,191.61,16.99
653,3684,975,0,1,192.89,22.83
654,1568,71,1,0,202.87,27.15
655,1458,782,0,0,372.39,32.17
656,1766,1086,1,1,281.17,32.23
657,1698,59,0,1,203.96,90.57
658,1980,927,1,3,435.98,66.64
659,2723,565,0,0,155.35,20.51
660,1610,693,0,0,213.91,14.92
661,2654,636,1,1,365.76,45.26
662,3607,270,2,1,1622.88,98.38
663,3073,356,1,0,469.49,21.28
664,2034,290,0,0,139.0,3.9
665,211,70,2,2,473.57,15.38
666,810,1062,0,1,342.5,14.38
667,2639,563,0,1,231.39,12.07
668,1475,89,1,1,332.66,49.55
669,3938,727,2,0,426.63,37.59
670,3665,284,0,0,195.61,29.87
671,4080,110,0,0,199.18,69.26
672,2294,15,1,3,578.85,83.51
673,2142,41,1,0,306.37,23.82
674,382,130,2,3,893.46,34.74
675,3409,149,2,0,549.6,11.75
676,1713,1153,2,1,834.58,19.29
677,694,640,1,2,209.23,31.36
678,1300,301,0,0,136.77,5.77
679,3931,925,0,2,264.23,57.27
680,2490,1017,2,2,377.27,79.55
681,2244,673,1,2,515.89,12.78
682,2573,950,2,1,1291.48,76.71
683,333,23,0,0,294.03,44.74
684,2175,1150,0,2,324.53,23.6
685,2427,488,0,0,236.22,47.21
686,2987,576,1,0,356.04,35.79
687,1242,271,2,1,655.59,13.62
688,201,733,0,1,77.16,12.59
689,2110,764,2,3,340.17,20.27
690,794,509,1,3,741.56,52.22
691,1829,935,0,1,180.82,6.26
692,3466,1039,2,0,329.54,27.06
693,1273,265,2,0,760.55,27.6
694,68,174,1,1,555.21,17.51
695,141,710,0,1,123.68,82.98
696,3077,1090,0,3,111.59,83.22
697,322,106,1,0,424.87,21.03
698,2996,15,2,1,745.76,19.45
699,2134,439,1,0,318.68,13.65
700,1928,446,0,0,228.57,13.63
701,364,492,1,3,239.29,9.22
702,2501,1003,2,1,767.35,64.58
703,3948,1095,0,3,605.53,0.65
704,2227,867,0,2,424.99,62.09
705,1283,374,1,2,223.32,89.03
706,2808,425,1,2,1042.83,12.92
707,3362,693,2,0,294.1,67.68
708,3828,8,0,3,428.08,62.84
709,2770,1127,1,0,270.87,26.27
710,2296,802,1,0,490.51,159.74
711,2575,373,0,0,296.15,13.56
712,1908,822,1,3,349.41,51.42
713,78,1020,0,0,220.2,15.07
714,37,131,2,3,437.22,36.7
715,2813,670,1,3,602.93,2.56
716,2353,19,0,1,200.2,56.21
717,1224,750,1,1,442.38,16.58
718,3425,660,1,2,296.18,38.7
719,2638,135,1,2,422.92,34.62
720,2562,457,0,0,307.68,31.63
721,4066,654,1,2,487.82,46.26
722,2885,603,0,3,109.22,34.19
723,1402,103,1,2,153.12,76.73
724,2693,586,1,1,166.33,40.91
725,543,198,1,2,241.29,30.9
726,3882,1138,0,0,324.93,26.08
727,2422,44,1,2,115.58,51.62
728,1520,496,2,2,382.78,31.31
729,281,1181,0,0,345.4,7.37
730,3180,1140,0,0,129.77,90.15
731,1774,1161,2,2,358.91,11.97
732,1034,326,0,0,197.29,21.54
733,1011,460,2,1,455.68,67.67
734,3483,622,0,2,166.08,23.62
735,1119,212,1,1,266.45,12.91
736,1837,685,0,2,303.43,0.0
737,2174,550,1,1,152.81,17.45
738,1432,676,0,1,241.82,54.09
739,2284,546,0,1,337.1,20.45
740,642,113,0,2,267.69,31.57
741,416,383,0,0,784.51,10.11
742,3337,683,0,1,380.45,42.82
743,2795,697,0,1,388.08,14.14
744,3864,449,1,0,245.53,82.68
745,3770,630,0,1,262.07,0.0
746,3943,388,0,3,510.72,60.8
747,3463,239,0,2,215.92,44.72
748,2062,519,1,0,311.07,11.96
749,2128,1074,2,2,751.68,64.4
750,556,127,0,1,346.35,39.76
751,91,216,1,0,980.52,16.7
752,2365,186,0,1,400.07,34.64
753,1954,303,0,1,425.66,25.01
754,1648,457,2,2,800.09,102.16
755,955,646,1,3,988.06,24.07
756,1032,856,0,0,233.35,90.48
757,1546,248,0,0,686.44,6.83
758,893,986,0,2,145.01,46.7
759,233,830,0,1,152.11,12.46
760,736,119,2,0,333.3,50.09
761,3487,92,2,2,511.27,2.69
762,3411,1047,0,2,359.34,53.64
763,3696,999,0,1,193.25,18.92
764,817,1013,0,0,634.84,74.54
765,389,987,2,0,666.89,77.61
766,3393,328,1,3,509.69,27.85
767,413,272,0,3,178.3,98.59
768,2029,204,1,0,499.27,43.24
769,1648,457,1,2,487.23,7.96
770,3991,1176,1,2,263.88,18.77
771,4106,363,0,0,276.17,37.38
772,2265,635,1,2,1047.98,28.8
773,3800,535,2,0,439.03,18.26
774,1259,180,1,2,561.2,17.27
775,1837,685,0,0,396.65,27.79
776,1985,1065,1,2,282.33,9.26
777,595,681,1,0,472.74,17.9
778,2897,691,2,0,1605.62,38.08
779,157,377,0,1,420.2,75.21
780,3352,748,1,1,511.44,109.36
781,3559,384,1,3,1151.68,22.83
782,2597,552,0,1,323.82,18.31
783,4036,203,0,0,274.49,44.95
784,1730,287,1,2,938.18,25.96
785,732,100,0,2,374.65,34.04
786,3929,415,0,0,330.54,29.93
787,2115,826,0,0,304.88,13.23
788,4128,330,0,1,55.2,29.64
789,1866,992,1,2,551.97,25.18
790,2304,154,0,0,735.95,15.51
791,774,195,0,2,145.78,19.66
792,2615,127,0,2,378.78,52.94
793,2033,723,0,0,165.02,84.6
794,2185,811,1,2,440.49,0.0
795,2272,68,0,0,489.88,87.36
796,3978,249,0,0,140.82,3.17
797,3091,740,2,0,472.35,29.97
798,2466,694,0,2,147.98,35.53
799,3676,960,0,0,583.48,65.6
800,1822,239,0,0,140.92,8.11
801,509,340,0,1,749.33,18.83
802,2107,384,2,1,1782.57,9.0
803,3927,1127,0,0,307.63,32.74
804,2393,897,2,3,930.58,112.5
805,1675,967,0,2,131.1,8.74
806,2819,859,1,1,929.46,37.5
807,4103,149,1,1,398.08,79.75
808,1953,74,0,0,182.23,15.02
809,1147,581,1,2,976.11,38.47
810,3556,1148,0,0,273.08,44.9
811,627,888,1,0,438.51,32.54
812,3146,763,0,2,390.9,13.15
813,1551,805,0,0,379.37,3.8
814,2238,770,1,3,595.04,55.32
815,2642,670,2,1,869.81,17.69
816,613,1097,0,0,295.84,27.73
817,4134,578,0,3,219.85,53.61
818,2087,885,0,0,340.85,1.78
819,2772,477,0,0,639.25,22.22
820,2082,558,1,2,274.57,12.95
821,1861,439,0,0,193.34,79.75
822,203,533,1,1,492.71,75.08
823,351,732,2,2,528.81,22.86
824,3734,376,0,1,150.87,0.0
825,4182,1116,0,2,317.54,9.78
826,2785,569,0,2,284.57,19.59
827,2480,380,1,2,308.31,62.28
828,4087,402,1,1,1282.73,19.45
829,1049,699,1,2,451.41,8.67
830,1852,660,0,1,189.33,14.59
831,1278,553,2,0,463.68,20.23
832,4036,203,0,0,218.94,23.57
833,704,534,2,2,947.97,64.12
834,2200,701,0,3,205.62,12.79
835,1878,1065,1,3,404.62,25.07
836,348,302,0,2,210.72,30.56
837,2216,311,0,1,755.46,21.88
838,2866,79,0,0,251.33,18.91
839,2511,7,1,2,471.14,83.8
840,590,383,2,2,1720.07,23.25
841,2438,1151,0,3,353.77,36.9
842,4150,378,1,0,598.12,40.11
843,912,207,0,0,321.41,21.89
844,2685,724,1,2,211.9,99.78
845,2587,259,1,0,963.59,33.6
846,1758,597,0,0,694.99,9.0
847,586,642,1,2,497.17,16.18
848,3213,171,1,2,401.47,63.85
849,562,922,0,2,387.41,25.13
850,3815,137,1,0,277.41,66.74
851,244,485,0,3,661.22,3.52
852,3977,523,0,0,283.45,9.78
853,1140,433,0,1,248.78,108.7
854,1631,265,0,0,303.84,32.09
855,1398,128,0,0,169.14,8.03
856,3788,564,1,0,598.52,4.24
857,990,385,1,0,221.7,2.82
858,840,261,0,3,321.83,0.47
859,3599,370,1,0,464.41,8.37
860,1663,725,1,2,390.98,41.28
861,3362,693,1,3,257.74,24.44
862,2961,665,0,0,132.36,14.56
863,1619,700,0,3,401.11,51.99
864,1561,1056,0,1,178.49,33.51
865,2496,1057,1,0,1276.72,48.8
866,154,1024,0,3,189.22,19.52
867,3212,610,0,0,307.6,13.22
868,1708,113,0,1,274.86,11.16
869,2260,201,0,1,587.64,40.77
870,2339,1052,0,2,783.4,11.16
871,4106,363,1,0,567.69,10.75
872,3287,723,0,0,199.57,31.69
873,945,247,1,0,455.28,29.37
874,3502,907,2,3,651.69,21.23
875,2709,305,0,1,89.74,23.35
876,3898,531,0,0,296.92,37.13
877,4167,245,0,1,180.04,41.04
878,1570,968,2,0,869.66,24.69
879,1203,38,1,2,104.45,63.66
880,953,1150,0,3,463.32,23.59
881,2538,1046,1,1,279.74,40.2
882,1777,238,0,1,198.16,85.34
883,2511,7,0,2,332.43,6.0
884,3190,644,1,0,1271.49,23.06
885,2668,532,1,3,1050.57,60.75
886,1901,617,0,0,293.15,53.56
887,3522,568,0,2,191.2,13.45
888,2481,257,0,2,200.18,2.08
889,1080,147,1,0,676.73,6.21
890,3187,803,0,2,63.92,47.25
891,3101,1033,1,0,1200.97,41.47
892,364,492,1,2,308.16,22.52
893,3388,556,1,2,484.39,8.32
894,1151,1001,2,2,866.6,9.58
895,1140,433,1,1,253.79,65.41
896,27,1114,0,1,647.39,25.06
897,1735,1123,2,2,302.42,45.07
898,2410,5,0,0,248.91,29.35
899,3655,359,1,0,232.67,17.83
900,2808,425,0,2,503.89,19.44
901,3281,539,2,2,310.24,33.2
902,3435,325,0,1,115.66,80.76
903,3266,736,2,0,392.78,8.69
904,468,391,1,3,566.0,22.13
905,847,708,1,3,555.93,45.9
906,3558,1094,0,2,204.56,18.46
907,2174,550,1,0,198.69,28.52
908,1753,493,1,2,358.92,24.58
909,74,822,2,2,444.09,50.31
910,3362,693,1,0,222.49,59.43
911,3679,619,1,3,348.08,32.66
912,3526,874,1,0,328.46,14.27
913,608,398,0,2,200.55,30.2
914,829,708,0,2,308.9,59.99
915,1329,894,0,3,125.42,59.67
916,3639,1059,0,0,201.3,10.58
917,1651,896,1,0,145.92,58.07
918,3006,1016,0,0,155.67,23.9
919,2006,1009,1,0,370.48,19.79
920,1020,746,2,1,381.96,24.89
921,3458,273,1,2,623.75,11.37
922,788,760,2,0,490.35,23.24
923,1277,1165,0,3,391.0,32.07
924,1169,445,0,0,143.69,0.0
925,3935,332,0,0,153.59,43.35
926,122,535,2,2,344.26,23.37
927,3900,45,1,0,527.06,24.76
928,1304,74,2,3,351.16,18.22
929,2728,844,1,0,553.85,38.67
930,1215,91,0,1,346.59,12.67
931,4062,289,0,3,87.19,20.57
932,2261,1083,0,0,587.93,34.24
933,3815,137,1,2,374.27,41.15
934,2005,222,2,1,445.06,22.0
935,3184,388,1,0,730.28,14.7
936,2313,947,2,2,1772.88,20.96
937,4137,379,2,0,868.47,30.88
938,2339,1052,1,0,1281.4,50.31
939,160,1109,0,0,486.89,15.07
940,324,867,1,1,583.21,39.09
941,2325,701,0,1,260.08,37.28
942,2322,349,2,2,583.67,60.29
943,618,1009,0,2,320.33,13.01
944,2852,599,1,2,228.7,23.82
945,2517,1098,1,0,397.43,53.5
946,1246,238,1,0,320.98,54.94
947,3168,295,1,0,275.06,27.67
948,141,710,1,0,370.61,50.32
949,2851,440,1,2,923.45,27.08
950,2453,261,0,0,406.05,4.28
951,3812,547,0,2,334.81,39.91
952,583,5,0,2,225.21,41.93
953,2809,712,2,0,706.45,76.3
954,3250,120,1,2,527.9,23.9
955,1387,98,0,0,379.95,6.25
956,4144,43,0,1,422.24,24.08
957,3596,838,0,2,174.36,47.85
958,2270,336,1,0,645.5,25.46
959,3235,645,0,1,117.37,19.05
960,1430,207,0,3,312.43,35.85
961,664,119,1,0,259.69,33.81
962,3769,458,0,2,748.16,82.28
963,1697,953,0,1,335.9,29.58
964,1556,20,2,1,832.07,43.5
965,216,279,1,1,547.7,2.45
966,2390,346,1,1,166.99,43.41
967,2771,528,0,1,619.28,25.38
968,1889,416,0,3,384.91,9.57
969,120,219,1,3,199.04,20.88
970,2700,821,1,1,269.26,73.19
971,2021,342,1,0,548.69,39.35
972,243,341,0,0,334.47,51.88
973,1451,334,0,0,123.48,6.81
974,3052,1024,0,0,180.31,9.11
975,1719,915,0,1,244.47,126.38
976,1789,866,1,0,424.23,36.93
977,1309,885,1,0,617.99,60.56
978,4078,127,0,2,287.58,11.44
979,3300,170,0,3,328.27,13.77
980,2850,642,0,2,303.97,69.94
981,1028,768,1,2,228.09,32.57
982,1607,852,2,0,914.86,11.73
983,592,22,1,2,171.06,13.67
984,1448,828,0,0,271.16,22.34
985,3522,568,0,2,198.32,6.19
986,1911,338,1,3,1126.99,51.86
987,3289,695,0,0,358.42,1.15
988,2711,740,1,2,240.82,24.38
989,3608,1022,2,2,426.12,73.41
990,1555,594,0,2,334.28,50.12
991,1262,502,2,2,1760.07,65.62
992,1578,875,1,3,312.64,46.11
993,3894,246,0,3,391.99,14.1
994,3661,447,1,0,210.27,8.11
995,3009,155,2,1,888.88,38.84
996,2878,184,1,0,330.42,31.95
997,773,39,1,2,287.1,26.27
998,2195,581,0,0,615.12,50.13
999,99,892,1,0,375.34,56.3
1000,616,37,1,2,484.55,21.7
1001,2740,374,0,0,201.69,17.33
1002,3670,79,1,2,502.62,15.04
1003,680,56,0,1,431.04,11.84
1004,3808,467,1,0,218.42,65.61
1005,3985,439,0,1,191.77,12.99
1006,2158,314,0,2,263.07,49.1
1007,2591,934,1,1,1009.21,52.06
1008,1202,859,1,2,979.58,23.06
1009,1050,197,0,1,288.52,21.03
1010,219,61,0,0,328.22,16.34
1011,1732,823,1,1,216.32,57.34
1012,2257,796,0,0,336.46,31.05
1013,3133,613,1,2,322.66,20.52
1014,1838,161,1,1,522.61,71.51
1015,1108,535,2,2,318.6,102.42
1016,2207,460,1,0,276.07,69.3
1017,3918,915,0,3,389.62,35.1
1018,716,28,1,3,229.51,27.02
1019,457,50,1,1,225.3,6.02
1020,3541,423,0,2,424.85,5.66
1021,3210,642,1,0,448.96,15.53
1022,2136,407,0,0,181.89,24.82
1023,2580,1018,0,3,135.17,21.72
1024,986,1030,0,2,655.75,25.2
1025,625,774,0,0,152.38,28.19
1026,3867,678,0,2,219.63,18.77
1027,4152,967,1,0,217.6,28.13
1028,1432,676,0,1,335.0,63.15
1029,2586,1136,0,0,255.42,40.22
1030,2687,581,2,1,1327.15,66.34
1031,3742,1080,0,0,105.35,21.52
1032,108,413,0,0,341.23,13.36
1033,3057,521,1,0,254.45,63.84
1034,3927,1127,1,3,296.46,10.24
1035,1083,212,0,0,199.87,37.17
1036,4090,1144,0,0,629.28,69.1
1037,2103,632,0,1,338.28,6.61
1038,4092,734,0,3,301.8,16.68
1039,1883,247,0,0,412.19,78.86
1040,253,820,0,0,161.03,57.32
1041,3262,517,0,0,348.35,63.08
1042,2478,1111,0,1,216.21,46.59
1043,2946,624,0,0,216.72,5.73
1044,2582,1083,1,0,972.51,24.48
1045,818,587,1,2,360.89,6.67
1046,964,762,1,1,377.65,56.9
1047,1053,48,0,2,165.99,64.58
1048,3569,1041,0,3,165.98,14.94
1049,3660,320,0,2,310.53,42.49
1050,425,534,0,0,410.27,46.38
1051,136,450,0,0,198.43,85.35
1052,764,1015,0,0,162.68,15.87
1053,3677,457,0,0,341.57,67.63
1054,2635,1011,1,1,515.82,24.93
1055,1433,499,0,0,319.7,32.15
1056,2350,496,0,1,153.55,30.04
1057,2822,720,0,1,123.98,111.43
1058,2455,712,0,0,290.08,44.11
1059,214,924,2,3,422.74,20.71
1060,303,1016,1,0,225.85,42.36
1061,3237,546,0,1,371.33,52.94
1062,3332,936,0,3,202.32,20.22
1063,275,619,1,2,184.87,33.94
1064,1912,832,0,0,292.1,19.56
1065,1532,701,0,1,301.19,11.81
1066,1538,877,2,0,358.34,28.24
1067,2830,1111,0,1,229.11,6.49
1068,2092,8,0,0,366.51,61.0
1069,2964,1099,0,2,392.26,30.19
1070,174,555,0,0,508.52,26.23
1071,396,566,1,0,318.86,8.87
1072,2439,89,0,0,172.18,46.61
1073,1135,875,0,3,166.55,14.86
1074,792,1062,0,1,326.68,42.99
1075,2937,434,0,1,172.65,59.93
1076,3617,705,0,3,171.65,6.41
1077,1601,971,0,2,660.35,28.95
1078,191,176,0,0,148.26,86.29
1079,624,157,0,2,215.78,39.48
1080,1706,259,0,0,663.84,9.6
1081,917,827,0,1,349.97,74.85
1082,603,860,0,1,169.52,8.93
1083,650,1051,2,0,312.5,13.44
1084,943,1057,1,0,1166.1,16.89
1085,3401,545,0,1,393.37,33.32
1086,2911,521,0,0,154.68,28.22
1087,235,1043,1,1,899.93,25.63
1088,905,652,0,3,204.36,75.31
1089,963,1014,0,1,303.78,33.08
1090,3344,948,0,0,210.31,31.92
1091,2316,280,0,2,306.67,34.19
1092,2242,1055,0,1,638.27,18.83
1093,122,535,0,0,126.54,54.55
1094,848,1182,0,1,257.76,14.53
1095,2932,587,0,1,203.76,9.22
1096,4038,666,1,0,205.59,51.22
1097,3793,973,1,1,181.26,7.1
1098,892,558,0,3,237.48,93.23
1099,601,116,0,1,190.19,51.25
1100,2664,605,1,0,146.23,15.3
1101,2486,438,0,1,174.32,11.44
1102,159,101,1,2,236.0,88.25
1103,2835,1125,0,3,255.44,10.98
1104,831,1025,0,0,384.6,6.18
1105,3265,762,0,0,131.07,22.07
1106,787,287,0,3,666.86,13.72
1107,1247,442,0,2,165.56,121.41
1108,1799,32,0,0,253.94,32.2
1109,1285,21,0,2,45.0,20.44
1110,1904,894,0,0,45.0,31.86
1111,1591,1106,0,0,270.35,43.53
1112,1607,852,0,0,388.78,9.42
1113,414,29,0,2,140.76,27.17
1114,2579,1103,0,0,682.93,89.73
1115,1415,296,0,0,199.42,8.99
1116,736,119,2,1,262.4,21.85
1117,590,383,1,1,1154.6,75.43
1118,2087,885,0,0,434.94,14.55
1119,2962,345,0,0,288.87,34.73
1120,3988,69,1,2,300.27,135.78
1121,2399,583,0,1,763.17,111.82
1122,3736,895,0,2,121.33,21.52
1123,1534,291,0,0,208.05,26.72
1124,3672,301,1,1,393.41,25.01
1125,697,846,0,0,196.37,55.53
1126,2612,935,0,0,221.27,118.32
1127,928,663,0,0,177.58,4.31
1128,353,869,0,1,374.34,16.28
1129,3994,383,0,2,718.38,38.65
1130,2187,1147,1,2,589.23,27.86
1131,2078,1092,0,1,774.12,27.31
1132,267,1046,1,0,269.91,89.73
1133,2004,1033,0,2,734.79,18.75
1134,2546,794,1,1,1261.47,16.35
1135,1492,203,0,0,192.79,60.91
1136,2114,867,0,2,343.64,3.0
1137,635,19,0,0,188.95,59.7
1138,175,913,2,2,597.54,102.74
1139,2197,844,0,2,344.22,40.45
1140,806,360,0,1,585.94,28.2
1141,2401,267,2,1,323.7,16.76
1142,1614,686,0,2,353.42,15.45
1143,4007,126,0,0,778.48,39.05
1144,1388,427,1,3,206.4,87.32
1145,1188,27,0,0,177.36,34.21
1146,844,236,0,3,201.96,19.28
1147,3841,481,0,3,211.04,33.21
1148,3505,679,2,0,1578.76,22.28
1149,3475,673,0,3,393.88,13.14
1150,2903,18,0,3,238.88,18.89
1151,2162,565,0,2,184.01,23.29
1152,586,642,0,3,379.72,31.01
1153,2815,11,0,2,164.29,41.23
1154,3133,613,2,2,431.08,20.47
1155,706,436,0,2,165.38,42.03
1156,1292,365,2,1,842.57,76.73
1157,997,919,0,0,288.49,53.67
1158,1651,896,2,0,269.83,136.67
1159,1372,901,0,0,409.93,26.17
1160,1033,286,0,0,221.41,5.19
1161,215,148,0,3,259.15,9.98
1162,3119,1056,0,3,182.87,17.39
1163,1695,673,2,0,824.96,47.1
1164,791,606,1,0,347.22,45.3
1165,60,978,0,2,115.57,32.01
1166,3028,372,0,3,130.12,32.06
1167,739,921,2,0,326.41,49.06
1168,1393,1052,0,2,704.29,46.67
1169,4145,982,1,0,223.0,36.16
1170,3720,832,1,0,511.42,18.95
1171,1387,98,0,0,324.61,59.36
1172,4161,534,0,0,347.57,28.37
1173,3365,456,1,3,496.88,15.66
1174,1094,111,0,0,328.38,33.81
1175,2009,137,0,2,241.28,15.93
1176,2390,346,0,1,174.26,24.39
1177,1460,725,0,2,221.82,34.28
1178,227,1196,0,1,693.02,31.46
1179,2340,337,2,1,279.28,22.08
1180,963,1014,0,0,356.8,33.38
1181,92,546,0,2,351.91,74.63
1182,2947,134,1,0,314.14,3.23
1183,1137,932,0,0,658.0,15.4
1184,1704,367,0,0,141.26,42.51
1185,3151,1051,0,3,63.51,70.7
1186,3798,662,0,2,350.47,35.82
1187,490,1085,0,0,308.77,67.32
1188,1913,3,0,1,130.48,22.79
1189,23,888,0,3,235.42,39.27
1190,423,581,1,0,966.15,15.53
1191,1725,334,2,3,451.91,74.06
1192,2564,310,0,3,284.31,21.54
1193,3059,955,0,3,175.99,67.57
1194,832,382,0,2,70.07,21.03
1195,430,1111,0,3,284.13,44.23
1196,3144,595,1,1,791.63,30.99
1197,2862,307,0,0,237.8,45.3
1198,3177,186,0,0,316.44,40.27
1199,671,317,0,0,201.28,67.02
1200,1819,444,1,0,449.82,53.06
1201,1043,471,2,1,750.57,52.0
1202,244,485,1,3,1077.89,28.27
1203,2221,735,0,2,336.07,6.79
1204,3213,171,0,1,300.7,0.2
1205,3488,549,2,2,447.6,79.91
1206,3847,578,0,1,170.2,49.54
1207,3864,449,0,2,121.59,13.6
1208,199,12,2,2,647.67,34.69
1209,1138,577,0,1,232.22,21.78
1210,3877,1125,1,3,392.73,22.62
1211,2819,859,0,2,684.12,16.07
1212,2512,253,0,0,170.9,55.22
1213,3884,720,0,0,160.71,22.6
1214,1229,894,0,3,175.64,64.01
1215,3415,23,0,3,320.08,16.52
1216,4143,856,1,0,261.08,32.89
1217,4061,1026,0,0,268.26,27.09
1218,2202,256,1,2,246.57,32.87
1219,1993,468,2,0,898.03,77.79
1220,604,210,2,2,394.33,43.12
1221,1996,124,0,0,256.19,31.21
1222,3406,92,0,3,296.04,74.59
1223,3779,624,1,0,248.77,7.72
1224,589,351,0,3,264.66,20.01
1225,2300,1058,0,3,148.84,71.03
1226,2131,341,0,0,261.94,3.87
1227,88,133,0,3,124.65,49.49
1228,2356,628,0,2,199.65,25.66
1229,1307,1072,1,0,225.0,77.48
1230,134,334,0,3,124.52,58.15
1231,3185,567,0,1,592.04,24.43
1232,74,822,0,0,164.17,54.0
1233,349,1112,1,3,1004.68,23.43
1234,3553,249,1,0,214.07,50.0
1235,4153,567,1,2,1057.8,29.91
1236,3474,369,0,0,156.38,41.95
1237,4146,140,0,0,190.41,30.77
1238,1842,676,2,1,754.86,23.74
1239,2958,853,2,2,169.78,28.65
1240,3060,933,0,0,171.75,37.35
1241,1448,828,0,2,336.81,13.42
1242,1537,1144,1,3,1060.92,12.93
1243,4175,122,0,0,402.06,24.73
1244,2455,712,1,1,412.52,21.29
1245,1885,737,2,1,654.49,49.58
1246,2969,154,0,0,756.47,12.24
1247,1117,1007,0,0,183.53,10.95
1248,49,128,1,2,263.71,44.19
1249,386,605,1,1,188.49,7.73
1250,1578,875,0,1,214.69,28.64
1251,638,385,0,0,121.26,14.41
1252,3725,183,0,1,134.22,107.5
1253,1672,420,1,2,404.69,34.49
1254,1584,726,1,3,214.34,27.36
1255,287,997,2,2,779.33,24.39
1256,2182,203,0,1,223.98,0.0
1257,39,79,0,0,380.41,31.14
1258,224,537,0,2,157.53,19.82
1259,73,510,1,2,317.28,66.73
1260,114,231,0,2,190.16,27.83
1261,2269,456,1,2,613.5,98.38
1262,1635,782,0,1,266.31,27.98
1263,1905,1164,0,1,208.13,23.13
1264,21,606,0,3,235.4,1.65
1265,3894,246,0,2,307.0,11.8
1266,3289,695,0,0,306.69,1.34
1267,1895,12,1,0,513.29,5.18
1268,763,557,1,0,258.4,9.54
1269,2923,1118,2,0,408.94,22.85
1270,1385,665,0,0,231.92,25.3
1271,3786,407,2,0,356.93,56.31
1272,2412,938,2,0,603.12,15.32
1273,1240,547,0,0,283.44,13.5
1274,1907,973,0,0,151.9,22.87
1275,3041,611,2,0,390.66,32.18
1276,1764,1102,0,2,158.17,21.18
1277,3892,451,1,2,173.24,25.98
1278,2604,364,2,1,669.77,117.33
1279,2296,802,1,2,509.41,13.85
1280,3158,1117,0,1,297.06,42.05
1281,1734,66,1,0,585.98,76.68
1282,1180,1041,0,1,195.53,56.64
1283,464,993,2,1,887.52,27.16
1284,24,99,0,1,314.44,13.4
1285,3052,1024,1,1,358.39,43.52
1286,1490,838,2,2,398.15,13.87
1287,3839,622,0,0,244.36,62.23
1288,453,455,1,0,910.44,43.46
1289,1928,446,1,2,394.15,22.82
1290,197,103,0,1,99.4,12.49
1291,290,1099,0,0,467.57,29.51
1292,1556,20,0,1,345.59,10.14
1293,3980,425,0,0,702.72,42.11
1294,3467,201,0,1,638.5,11.74
1295,2451,170,0,3,369.64,14.68
1296,1972,938,0,3,305.46,20.74
1297,2746,860,0,0,161.72,0.0
1298,2666,806,0,2,303.38,32.0
1299,3493,678,1,0,350.92,24.36
1300,1860,303,1,1,577.8,54.67
1301,3677,457,0,2,272.4,42.85
1302,4118,353,0,2,426.76,6.05
1303,128,465,0,0,357.42,27.91
1304,987,336,0,3,318.02,30.08
1305,894,1091,1,2,558.78,16.96
1306,331,161,1,0,486.92,138.14
1307,3941,270,2,0,1629.04,39.61
1308,2537,1162,0,1,352.53,75.55
1309,911,192,1,0,1009.13,15.05
1310,593,816,0,2,221.47,13.41
1311,1187,847,1,1,159.85,16.03
1312,3514,985,0,3,127.32,27.59
1313,3606,1128,2,3,961.96,160.19
1314,3811,928,2,3,479.83,32.17
1315,1470,630,0,0,330.72,12.57
1316,350,1097,2,0,524.39,57.56
1317,3877,1125,0,0,230.54,129.58
1318,1280,391,1,0,570.54,57.83
1319,2516,635,0,2,773.02,12.81
1320,3272,1064,0,2,617.34,45.15
1321,437,194,0,3,361.97,30.82
1322,2255,1088,0,0,782.3,33.56
1323,1204,36,2,0,481.05,23.35
1324,2220,403,0,0,249.11,67.94
1325,2429,677,0,3,179.44,22.39
1326,1562,874,1,2,317.32,75.56
1327,2334,1187,2,2,705.93,24.44
1328,3323,60,2,1,1770.09,38.79
1329,3500,931,1,1,255.96,55.85
1330,1927,819,2,0,341.12,112.11
1331,1916,889,2,0,1325.36,57.41
1332,3889,366,0,1,192.67,35.27
1333,1568,71,0,0,121.5,115.06
1334,4113,815,0,0,194.87,0.0
1335,2435,455,0,1,612.98,25.21
1336,2595,940,2,2,1440.57,23.47
1337,3878,589,1,0,266.6,36.96
1338,4004,385,0,1,98.15,37.8
1339,1928,446,0,3,254.55,27.31
1340,1543,812,0,1,719.9,26.13
1341,3643,543,1,0,287.11,69.92
1342,3514,985,1,0,289.64,24.59
1343,2686,327,1,0,292.65,49.93
1344,1507,1185,1,3,653.95,53.72
1345,639,872,1,0,440.36,32.04
1346,983,123,0,2,422.02,14.77
1347,341,353,2,1,1020.29,22.06
1348,3913,960,0,2,607.13,33.24
1349,3058,206,2,2,763.21,79.9
1350,2755,948,0,0,234.04,21.4
1351,69,584,1,0,278.6,6.21
1352,1593,726,0,1,74.51,9.8
1353,973,791,1,2,611.53,41.11
1354,1778,688,1,0,169.63,39.86
1355,1180,1041,0,0,197.31,23.76
1356,1955,595,0,0,600.77,78.75
1357,2349,405,1,0,530.41,41.65
1358,913,838,2,2,419.6,41.24
1359,959,858,0,0,97.75,69.56
1360,2487,782,0,1,236.4,29.69
1361,3213,171,0,3,354.73,7.41
1362,1431,14,0,1,107.8,44.04
1363,3816,965,2,0,790.16,21.66
1364,2814,976,1,0,528.51,37.04
1365,2156,648,2,0,947.44,14.79
1366,3631,976,0,2,314.87,71.77
1367,2697,643,0,2,383.48,34.98
1368,31,166,0,1,225.98,65.51
1369,3530,380,0,2,152.12,18.52
1370,2993,836,0,3,132.9,42.76
1371,651,998,0,0,49.9,63.0
1372,3258,856,1,1,292.85,61.85
1373,2387,1122,0,0,394.9,22.29
1374,510,47,0,0,359.0,14.8
1375,760,596,0,1,131.12,10.68
1376,1802,627,0,3,311.44,40.46
1377,3872,1022,1,0,292.67,36.32
1378,1341,298,0,2,712.05,26.36
1379,1023,505,1,2,527.34,8.36
1380,123,468,0,0,387.49,19.66
1381,4128,330,0,3,134.22,17.76
1382,4123,280,0,2,312.57,31.15
1383,2825,83,2,0,1912.94,27.47
1384,51,612,0,0,260.09,14.29
1385,3779,624,2,0,457.9,29.68
1386,3352,748,0,0,308.08,40.36
1387,3757,743,1,2,349.76,22.59
1388,2476,1126,1,0,289.69,33.07
1389,4196,82,1,3,224.16,23.32
1390,2528,210,0,2,204.78,8.32
1391,139,401,1,0,244.97,38.36
1392,3701,817,0,1,212.03,6.9
1393,780,501,0,0,45.0,36.93
1394,375,833,1,3,357.07,31.34
1395,3914,74,0,1,132.55,27.99
1396,1768,388,1,0,749.05,74.46
1397,3953,71,0,0,154.17,7.27
1398,182,1079,1,1,142.16,10.48
1399,235,1043,0,2,533.71,24.13
1400,3882,1138,1,2,558.26,23.39
1401,1250,616,0,2,422.76,3.24
1402,1540,904,0,0,385.18,27.75
1403,3122,367,0,3,83.97,9.61
1404,1114,1109,2,3,1513.24,33.22
1405,1061,391,0,3,357.29,13.49
1406,548,335,2,1,489.95,11.78
1407,919,622,0,0,264.43,12.84
1408,3003,123,0,2,332.71,81.68
1409,817,1013,2,0,1405.2,43.22
1410,645,1083,1,0,988.34,6.22
1411,3018,763,2,1,877.4,32.67
1412,2168,83,0,0,765.64,17.83
1413,702,996,0,2,243.28,41.85
1414,1513,524,1,3,430.38,73.02
1415,3446,384,0,0,731.32,59.85
1416,2155,247,0,1,295.88,23.2
1417,3716,582,0,0,319.77,63.47
1418,2707,727,1,2,284.17,15.19
1419,961,189,0,1,147.85,37.82
1420,3636,131,0,1,281.86,36.24
1421,185,714,0,2,160.22,32.93
1422,1708,113,0,0,248.22,35.09
1423,85,628,0,2,170.67,47.68
1424,1389,667,0,1,208.13,100.2
1425,1378,829,1,0,312.0,81.74
1426,2444,851,0,0,232.6,33.76
1427,1599,709,0,1,243.98,7.42
1428,376,1018,0,0,115.08,31.67
1429,1122,73,0,0,187.8,51.47
1430,155,799,1,2,292.37,20.92
1431,688,695,0,0,240.95,5.58
1432,278,1103,0,0,624.23,8.33
1433,3559,384,0,1,681.49,46.71
1434,1383,57,0,1,179.38,22.52
1435,975,857,1,3,1092.1,12.2
1436,1004,1120,0,0,323.16,33.11
1437,2659,114,0,0,230.11,58.1
1438,1200,27,0,0,138.63,38.19
1439,2556,406,2,1,427.64,26.71
1440,2934,1164,0,0,115.6,16.56
1441,3412,1060,1,3,277.26,10.65
1442,2571,958,0,0,323.57,29.59
1443,2297,432,0,0,360.06,13.14
1444,2865,406,1,1,254.71,25.31
1445,716,28,1,0,225.8,12.83
1446,4072,260,2,3,639.46,36.24
1447,1752,998,0,3,198.4,120.2
1448,2244,673,1,2,539.31,42.63
1449,2860,816,0,2,249.01,37.62
1450,2440,762,1,1,228.36,47.09
1451,1089,438,0,2,223.54,32.57
1452,3300,170,1,3,473.34,56.42
1453,3618,25,0,2,233.76,12.44
1454,4160,720,1,1,247.67,31.84
1455,4196,82,2,2,293.72,10.68
1456,2766,713,0,1,159.34,27.56
1457,2795,697,0,2,403.59,50.45
1458,2476,1126,2,0,468.77,97.07
1459,1320,1067,0,1,395.92,39.69
1460,2118,468,0,3,308.86,0.0
1461,3331,182,0,0,334.92,44.69
1462,1409,425,0,0,721.44,26.07
1463,2232,580,0,0,201.63,27.83
1464,910,471,0,0,385.41,7.68
1465,3718,194,1,1,547.61,31.85
1466,3314,691,0,3,674.98,25.82
1467,2996,15,1,3,488.78,123.0
1468,3759,255,1,2,1102.55,19.59
1469,1222,76,0,3,274.61,37.41
1470,403,934,0,0,579.56,20.41
1471,200,953,0,2,399.87,10.97
1472,1496,33,2,2,371.13,60.73
1473,2125,626,2,0,390.61,68.87
1474,2221,735,1,0,466.51,29.08
1475,3611,338,1,0,1045.36,74.54
1476,2883,692,1,3,373.67,23.3
1477,958,1170,1,0,500.91,46.07
1478,3652,132,0,1,368.45,33.16
1479,1584,726,0,0,45.0,1.57
1480,165,108,0,0,554.83,24.67
1481,3652,132,0,0,334.69,40.85
1482,1973,182,0,2,363.43,3.13
1483,2513,76,0,3,283.42,58.83
1484,1531,225,1,2,1015.34,63.75
1485,1838,161,0,2,330.63,28.34
1486,2746,860,0,1,91.82,41.33
1487,497,940,0,2,590.22,15.19
1488,2824,582,0,2,312.91,4.27
1489,1611,1026,0,3,304.07,11.42
1490,2113,1104,2,1,253.41,15.58
1491,2337,831,0,2,810.27,47.24
1492,1065,697,2,0,750.63,11.45
1493,2729,126,1,0,1241.39,22.35
1494,3707,645,2,1,311.08,37.96
1495,1503,191,0,2,274.22,5.47
1496,3720,832,0,0,259.43,57.2
1497,3887,1106,1,0,546.74,40.49
1498,3280,794,0,2,754.95,62.22
1499,1836,921,0,0,155.52,26.86
1500,1885,737,0,0,235.64,36.25
1501,956,1005,1,1,519.0,6.32
1502,2336,17,0,0,733.76,41.13
1503,2515,1148,0,1,134.04,23.9
1504,4011,104,1,2,229.36,8.82
1505,1903,434,0,2,195.36,16.33
1506,2416,145,0,2,70.63,13.4
1507,2830,1111,0,1,335.48,11.52
1508,314,63,1,3,372.57,28.85
1509,225,1003,0,0,400.3,34.4
1510,3507,283,0,0,235.88,27.67
1511,996,742,0,1,240.98,35.79
1512,1874,742,0,2,247.04,15.25
1513,867,988,1,0,1095.49,38.77
1514,4021,1159,1,2,1082.45,24.97
1515,3072,1103,1,1,969.45,69.25
1516,3186,707,0,1,371.63,11.64
1517,4037,1137,0,3,82.6,31.19
1518,3299,806,1,0,543.8,32.47
1519,2715,463,0,1,368.44,43.87
1520,849,608,1,3,677.03,10.03
1521,2534,7,0,3,358.98,14.49
1522,2604,364,0,0,315.9,65.6
1523,157,377,0,0,338.04,22.18
1524,2294,15,1,2,479.58,52.58
1525,2810,15,0,1,267.68,8.66
1526,1822,239,2,2,465.93,64.43
1527,3435,325,1,2,203.56,21.33
1528,2945,1002,1,2,364.43,22.86
1529,1309,885,0,0,412.43,26.51
1530,3687,1044,0,0,584.7,11.66
1531,3867,678,1,1,281.51,49.9
1532,3586,119,0,1,100.74,23.93
1533,2738,333,0,1,320.2,25.86
1534,2681,1046,0,0,208.64,9.23
1535,3256,573,0,1,83.24,11.85
1536,3980,425,0,3,679.9,22.81
1537,2900,1124,0,2,217.49,28.92
1538,1916,889,1,1,924.25,33.55
1539,2330,955,1,0,187.93,90.98
1540,1697,953,2,3,976.11,8.94
1541,2184,117,1,0,504.37,82.63
1542,3392,14,0,2,190.12,42.08
1543,466,540,1,2,321.73,32.5
1544,3663,637,0,2,286.99,19.33
1545,603,860,1,2,303.75,12.99
1546,4071,290,0,1,203.69,35.67
1547,1416,360,0,0,582.86,53.68
1548,2204,366,0,3,151.46,26.0
1549,1641,156,1,1,638.35,23.03
1550,1656,1186,0,1,98.0,18.23
1551,719,847,0,2,246.92,39.87
1552,96,572,1,1,282.77,8.06
1553,2303,801,1,2,272.72,16.6
1554,953,1150,0,2,480.2,20.08
1555,1285,21,0,0,221.18,46.81
1556,1098,286,1,1,487.1,17.59
1557,3080,277,1,0,261.36,36.71
1558,1940,7,0,2,242.01,146.83
1559,3563,381,0,0,327.53,18.6
1560,2015,1135,1,2,238.78,87.46
1561,3585,584,2,1,471.82,30.71
1562,2834,879,0,0,365.11,14.02
1563,2383,31,0,3,319.21,61.11
1564,1525,209,0,1,447.09,17.46
1565,1056,939,0,3,429.25,44.08
1566,819,1034,0,0,121.36,24.62
1567,2861,1175,1,0,913.89,11.73
1568,1695,673,0,2,391.39,54.91
1569,302,1098,0,1,283.29,15.83
1570,1838,161,0,0,288.63,42.59
1571,1938,288,0,2,393.5,51.85
1572,1684,347,2,0,777.52,6.36
1573,358,31,1,1,542.09,25.66
1574,735,827,0,0,246.06,29.15
1575,3863,400,0,2,143.26,68.92
1576,107,65,0,0,187.26,81.91
1577,1790,469,0,3,239.98,25.34
1578,305,419,1,2,533.52,10.94
1579,1699,1043,0,1,516.86,41.84
1580,1871,953,0,2,365.45,2.08
1581,2136,407,1,2,279.84,48.68
1582,2306,199,1,0,235.61,26.34
1583,543,198,1,2,310.13,38.69
1584,3305,491,0,1,178.34,15.35
1585,2997,699,0,2,320.83,66.87
1586,4056,489,2,1,462.26,61.56
1587,2630,849,0,1,711.43,52.69
1588,2644,572,0,2,200.81,16.09
1589,4015,847,1,3,255.69,22.04
1590,3308,141,0,2,266.72,17.55
1591,267,1046,0,1,57.93,16.63
1592,4087,402,0,2,755.81,22.57
1593,333,23,1,1,528.47,50.35
1594,3410,988,0,0,722.57,72.21
1595,1642,84,2,0,398.82,21.18
1596,2736,698,1,2,570.6,40.8
1597,3165,828,0,2,393.72,43.82
1598,3606,1128,2,0,836.06,10.64
1599,3638,476,1,0,133.01,54.58
1600,1440,57,2,3,458.9,15.12
1601,1631,265,0,2,283.86,59.4
1602,306,860,0,1,144.08,28.36
1603,3876,764,0,0,66.88,13.97
1604,1628,278,0,0,405.17,20.16
1605,1723,526,0,2,199.01,52.85
1606,1751,1063,1,2,252.31,25.46
1607,4109,47,0,0,342.53,11.93
1608,1649,171,1,0,409.63,31.22
1609,332,793,2,2,846.14,20.95
1610,828,642,0,0,417.3,56.46
1611,1042,999,0,2,154.82,36.71
1612,4030,1062,2,3,929.2,60.95
1613,3495,888,0,1,275.35,10.42
1614,1424,229,1,2,420.41,22.87
1615,61,672,0,0,185.58,18.87
1616,2557,649,0,3,194.31,25.6
1617,707,783,1,0,259.78,56.98
1618,2511,7,0,0,214.46,32.83
1619,3436,24,2,0,2115.79,39.44
1620,771,913,1,1,387.84,81.09
1621,2032,520,0,2,113.76,79.71
1622,1018,389,1,2,286.77,22.6
1623,1431,14,0,0,154.87,11.18
1624,2616,1065,0,3,166.25,14.83
1625,763,557,0,0,83.02,31.43
1626,542,1004,1,0,589.49,23.36
1627,2334,1187,0,3,340.82,27.51
1628,3204,136,1,1,347.24,100.2
1629,2049,1037,0,0,159.24,44.97
1630,3571,746,0,1,183.4,20.51
1631,1353,675,1,1,156.13,16.4
1632,3347,1024,0,1,94.07,33.31
1633,3494,296,0,2,131.83,10.36
1634,834,973,1,2,233.4,85.87
1635,934,171,0,0,268.9,21.66
1636,1586,972,0,0,154.05,28.17
1637,204,649,0,0,91.56,11.92
1638,368,67,0,0,151.61,82.44
1639,2430,949,0,0,161.79,22.09
1640,2875,348,0,1,362.66,27.59
1641,889,436,1,0,278.34,28.87
1642,2807,1044,0,0,684.71,25.03
1643,1630,34,0,2,183.67,48.74
1644,1780,1169,1,3,361.0,68.86
1645,4057,971,1,2,990.6,31.91
1646,5,999,1,2,178.94,6.25
1647,3423,661,0,2,167.58,32.95
1648,1903,434,0,1,174.14,77.21
1649,716,28,1,3,204.16,72.8
1650,1267,816,0,1,301.4,8.87
1651,1630,34,1,2,280.54,10.49
1652,3762,1110,0,3,279.96,24.48
1653,2550,710,2,1,410.84,5.11
1654,2623,287,0,0,631.51,0.0
1655,1049,699,0,2,412.78,28.26
1656,1077,358,0,0,131.49,22.66
1657,2071,316,2,3,380.66,92.23
1658,1585,3,1,3,301.82,62.37
1659,144,423,0,1,465.04,14.26
1660,2922,413,0,0,364.82,7.81
1661,1726,1199,2,1,1517.08,16.52
1662,3890,360,1,0,853.25,47.08
1663,2027,821,0,1,177.21,46.32
1664,2975,950,1,2,955.05,3.78
1665,3795,338,1,2,1033.35,114.29
1666,4115,281,2,0,715.04,59.33
1667,2977,684,1,2,189.59,62.43
1668,3303,9,0,1,189.48,70.93
1669,1292,365,2,0,849.72,40.09
1670,1177,242,0,1,292.66,0.0
1671,1951,374,1,2,271.35,4.77
1672,429,8,0,0,470.74,21.05
1673,2050,474,0,1,412.18,33.47
1674,46,828,2,3,828.22,10.42
1675,889,436,0,3,165.79,23.07
1676,3664,74,1,2,264.97,109.03
1677,2442,629,0,1,181.9,18.95
1678,152,636,0,3,197.66,8.45
1679,715,626,0,0,135.53,22.41
1680,46,828,1,1,550.4,19.81
1681,1664,451,0,1,197.97,30.74
1682,2748,321,2,0,610.33,96.63
1683,3620,474,0,0,343.53,33.43
1684,1520,496,0,1,211.99,52.98
1685,1230,641,0,3,778.34,22.58
1686,4103,149,0,0,161.97,0.0
1687,2116,681,1,0,452.16,17.4
1688,1339,370,2,3,756.04,15.82
1689,2763,464,0,1,246.07,54.31
1690,3271,395,2,2,433.09,24.1
1691,2852,599,0,0,104.57,12.84
1692,3963,1121,1,3,281.9,0.0
1693,489,1048,0,3,411.79,11.61
1694,41,1055,0,2,814.9,74.15
1695,4071,290,0,1,222.62,36.66
1696,1310,826,0,2,259.56,22.7
1697,3081,267,0,1,288.98,41.47
1698,1872,1010,0,0,167.21,24.13
1699,3816,965,2,2,876.56,38.91
1700,2271,1023,0,0,380.71,6.23
1701,696,230,0,2,130.25,18.49
1702,1509,781,1,0,210.45,17.76
1703,2269,456,0,1,248.73,20.88
1704,3694,369,0,2,251.03,6.86
1705,4150,378,1,0,594.64,32.17
1706,270,250,2,0,615.02,53.28
1707,4131,800,0,1,196.81,14.0
1708,3712,325,0,2,114.06,27.36
1709,3031,641,1,1,1234.63,63.33
1710,3411,1047,0,1,288.61,60.52
1711,1880,935,2,1,397.66,28.17
1712,3509,992,1,1,554.17,50.0
1713,1745,925,1,0,444.56,11.12
1714,2008,786,2,0,677.41,51.22
1715,2643,468,1,2,569.01,60.12
1716,1298,86,0,2,276.1,5.23
1717,1831,980,1,0,330.53,31.15
1718,3340,955,0,1,138.25,45.83
1719,1969,336,2,3,932.5,44.13
1720,2682,82,0,2,119.01,6.96
1721,3254,1172,0,1,166.45,14.9
1722,1003,1176,1,1,242.98,39.29
1723,740,237,1,0,558.94,35.17
1724,2771,528,1,0,981.66,24.9
1725,3099,556,1,3,522.78,27.93
1726,1306,708,0,1,288.7,33.25
1727,3560,1017,0,3,112.49,54.87
1728,3763,630,1,3,475.93,19.73
1729,4146,140,1,2,332.83,104.6
1730,2416,145,0,0,160.44,67.75
1731,3600,319,0,0,462.66,26.27
1732,2954,96,1,3,309.22,28.69
1733,3993,981,1,0,237.07,54.33
1734,3800,535,0,0,108.13,30.72
1735,1533,961,1,0,469.61,79.58
1736,3785,760,1,2,276.87,46.39
1737,504,610,1,2,399.71,23.32
1738,3669,1081,0,2,366.41,26.19
1739,1444,162,0,0,565.39,22.18
1740,2705,208,0,0,272.3,45.23
1741,2253,411,0,0,302.56,15.2
1742,2290,79,1,0,422.78,47.29
1743,798,998,0,0,176.6,8.27
1744,634,723,2,2,361.38,32.43
1745,3457,888,0,1,292.26,44.59
1746,2583,785,0,3,175.08,64.01
1747,1967,559,0,2,145.32,27.12
1748,263,435,1,2,294.64,0.86
1749,1286,62,2,2,670.22,22.19
1750,3615,647,2,2,1357.12,31.34
1751,3876,764,0,0,132.1,14.85
1752,3489,473,1,0,1281.4,23.2
1753,861,1021,0,1,152.08,57.77
1754,1686,27,0,3,120.69,9.62
1755,2531,309,2,2,769.03,50.75
1756,3459,197,1,1,275.17,44.2
1757,239,879,1,0,534.65,36.45
1758,3603,1125,2,2,444.62,49.83
1759,3797,469,0,2,327.0,61.57
1760,398,872,0,1,244.67,34.5
1761,2468,288,1,0,506.28,43.57
1762,809,409,0,0,706.56,20.68
1763,363,4,0,2,316.93,22.86
1764,1126,250,1,3,457.71,9.38
1765,503,430,0,0,713.14,45.87
1766,3198,1052,0,3,873.21,57.19
1767,1619,700,0,0,344.48,18.47
1768,710,521,2,0,297.17,16.91
1769,2543,1029,1,1,294.55,18.98
1770,479,467,0,1,217.23,34.36
1771,2284,546,0,3,441.94,13.08
1772,2307,492,0,2,213.46,21.26
1773,2703,1167,0,0,208.04,57.01
1774,2991,465,1,1,572.64,7.83
1775,1362,706,1,2,305.99,23.29
1776,182,1079,2,0,371.66,46.82
1777,539,18,0,1,204.52,57.45
1778,1033,286,0,3,254.36,18.1
1779,4073,1113,1,1,278.82,24.84
1780,91,216,0,2,649.39,3.38
1781,3698,612,2,0,456.28,32.17
1782,954,771,1,2,610.04,0.03
1783,914,1108,1,2,292.42,23.78
1784,3323,60,1,1,1144.19,74.43
1785,1395,505,1,1,416.36,50.49
1786,128,465,0,2,380.13,19.22
1787,1251,232,2,0,187.7,79.0
1788,1060,407,0,3,204.95,10.87
1789,3777,425,0,0,663.13,76.95
1790,265,394,0,0,670.4,37.07
1791,3665,284,2,2,501.55,51.39
1792,1043,471,2,0,756.52,15.45
1793,2679,547,0,0,348.74,9.4
1794,2216,311,1,1,1141.38,35.03
1795,3361,2,0,1,289.38,35.15
1796,3686,809,2,0,441.93,12.95
1797,53,790,1,0,239.5,12.05
1798,3689,494,1,0,191.24,4.76
1799,3262,517,0,3,388.69,0.0
1800,3462,1065,0,3,176.96,20.35
1801,4072,260,2,2,544.12,41.59
1802,1012,135,0,1,359.94,1.02
1803,2302,534,0,1,406.56,4.73
1804,2737,1103,0,2,638.83,19.76
1805,424,784,0,3,187.61,6.33
1806,344,646,1,1,1007.02,5.67
1807,427,1144,2,0,1525.95,81.71
1808,646,687,1,2,220.68,12.43
1809,2943,767,1,2,268.75,53.14
1810,3871,861,1,0,233.11,17.0
1811,3810,378,0,1,344.86,11.67
1812,807,501,1,2,156.05,34.86
1813,3796,588,0,0,305.78,28.82
1814,1327,159,0,2,278.27,16.38
1815,3800,535,1,0,283.85,56.46
1816,135,255,0,2,691.49,29.7
1817,2470,383,0,0,652.0,41.11
1818,1116,979,0,0,74.97,13.11
1819,1108,535,0,0,203.8,17.11
1820,3948,1095,0,2,629.81,90.42
1821,3647,27,0,0,133.12,71.44
1822,3842,1013,0,0,537.87,17.76
1823,3412,1060,0,1,133.2,26.68
1824,1643,208,1,1,465.61,23.68
1825,328,256,1,0,214.95,28.48
1826,141,710,2,1,428.35,20.52
1827,530,748,0,0,361.08,38.9
1828,3034,988,0,2,633.52,20.95
1829,1946,807,1,1,516.53,84.64
1830,2482,177,0,0,107.92,71.24
1831,1359,993,0,2,351.98,80.84
1832,2405,363,0,2,435.96,43.85
1833,2511,7,0,0,261.13,82.56
1834,3990,619,0,0,114.29,70.22
1835,2945,1002,0,0,196.94,31.7
1836,2288,694,1,0,284.05,22.94
1837,922,1106,0,0,399.34,4.98
1838,524,771,0,1,262.6,29.1
1839,3748,1025,1,0,548.88,53.9
1840,3314,691,2,0,1517.78,54.09
1841,2740,374,0,1,200.76,28.89
1842,1169,445,1,0,251.79,65.2
1843,1049,699,1,0,503.93,9.76
1844,1179,889,1,2,924.41,33.07
1845,3453,396,1,2,583.38,24.32
1846,2758,753,2,0,544.56,29.11
1847,1725,334,1,1,232.28,21.01
1848,1653,287,1,1,967.94,43.69
1849,2172,715,0,2,724.3,54.18
1850,1764,1102,1,0,296.52,8.77
1851,3537,1026,0,1,245.81,45.93
1852,1324,1004,0,1,349.44,37.93
1853,2857,436,0,3,238.33,124.53
1854,3959,903,2,1,359.27,39.68
1855,2975,950,0,0,628.76,129.49
1856,1215,91,0,0,332.09,9.09
1857,1453,722,1,3,332.68,113.05
1858,1133,1043,0,1,509.0,16.19
1859,3249,810,1,2,239.95,34.89
1860,2351,18,1,1,367.68,33.01
1861,3737,359,0,0,130.17,55.85
1862,2026,970,0,2,83.85,13.04
1863,283,959,1,0,562.55,67.51
1864,419,368,0,0,200.15,56.91
1865,1958,371,0,1,105.21,25.89
1866,1437,1175,2,3,1567.03,53.96
1867,506,1169,2,1,447.31,25.21
1868,2951,576,0,2,165.45,9.05
1869,986,1030,1,0,951.1,12.49
1870,321,675,0,0,193.57,46.42
1871,1084,718,0,0,178.49,22.23
1872,2142,41,1,1,314.32,14.76
1873,3452,627,1,2,520.71,23.12
1874,3462,1065,1,3,244.02,98.81
1875,3790,430,1,0,1007.29,26.19
1876,2447,1114,0,0,695.72,17.95
1877,1116,979,1,1,239.79,19.7
1878,3928,76,1,1,434.05,45.68
1879,3658,877,0,3,201.02,28.92
1880,504,610,0,0,333.73,64.71
1881,3055,244,1,0,543.43,24.01
1882,653,220,1,0,186.36,36.71
1883,1339,370,2,1,692.69,24.84
1884,1920,513,0,2,160.67,47.22
1885,4171,352,0,1,306.96,12.92
1886,100,601,0,2,116.23,10.93
1887,94,1045,1,1,562.72,30.6
1888,3213,171,1,3,512.3,40.52
1889,2908,567,0,0,587.01,20.41
1890,4011,104,1,0,214.17,18.93
1891,378,507,1,0,238.2,14.94
1892,389,987,1,0,477.41,65.34
1893,1775,1023,0,2,364.13,19.45
1894,4195,1089,0,0,402.85,13.24
1895,2997,699,0,2,361.23,33.16
1896,811,954,0,1,150.96,22.02
1897,1145,474,0,0,474.96,52.5
1898,3245,853,1,1,170.05,59.84
1899,1696,59,1,1,371.27,51.35
1900,799,896,2,1,368.35,29.2
1901,3980,425,1,0,1078.85,29.04
1902,4139,831,1,2,1078.79,20.13
1903,1218,750,1,0,498.24,49.93
1904,2610,771,0,2,374.33,21.25
1905,1096,407,0,1,146.48,1.02
1906,471,3,1,1,342.18,35.06
1907,2834,879,0,2,416.62,34.1
1908,3704,126,0,1,842.34,14.86
1909,1644,753,0,3,369.08,6.91
1910,1374,576,0,0,156.14,11.51
1911,2256,645,0,1,122.66,108.03
1912,497,940,0,2,569.6,3.23
1913,748,893,0,3,341.84,6.96
1914,338,1059,0,3,215.07,14.58
1915,984,1023,1,0,474.75,58.98
1916,479,467,0,3,267.76,72.49
1917,423,581,1,0,943.22,8.92
1918,3574,234,0,0,170.49,39.15
1919,2729,126,0,1,815.31,17.46
1920,1713,1153,0,0,323.59,11.93
1921,3460,433,0,0,155.8,26.33
1922,634,723,2,0,385.46,38.14
1923,1158,988,0,0,716.52,44.95
1924,3326,256,1,3,98.09,23.46
1925,828,642,0,0,384.13,26.39
1926,372,142,0,0,110.01,18.36
1927,3282,913,1,0,274.25,15.6
1928,3826,635,0,3,757.81,37.87
1929,3280,794,1,0,1183.6,12.58
1930,850,961,0,2,328.16,19.54
1931,3799,835,1,1,206.46,76.42
1932,1317,773,0,1,349.89,14.85
1933,1922,435,0,0,194.5,42.17
1934,2010,111,0,0,350.43,71.37
1935,4016,279,0,1,331.74,64.81
1936,822,324,0,2,310.34,4.81
1937,876,1034,0,1,99.49,16.93
1938,1631,265,0,0,279.3,11.79
1939,670,144,0,0,255.2,27.49
1940,1171,841,0,0,486.2,44.57
1941,1794,417,0,2,216.0,66.16
1942,2904,1133,0,0,214.13,21.72
1943,2104,987,0,0,310.06,36.11
1944,2314,677,0,0,133.0,83.51
1945,29,838,0,2,157.04,79.4
1946,281,1181,0,0,331.05,14.59
1947,373,590,0,1,128.43,26.21
1948,3813,652,1,2,193.27,3.5
1949,644,779,2,0,480.84,75.61
1950,377,220,1,0,213.95,48.22
1951,3944,130,1,3,576.68,33.49
1952,1554,235,2,0,1694.39,9.85
1953,959,858,0,0,198.35,73.16
1954,3877,1125,0,0,246.08,2.84
1955,945,247,2,2,756.7,17.32
1956,2449,392,0,0,115.54,68.73
1957,1377,272,0,1,132.35,38.52
1958,2645,62,0,1,210.51,14.87
1959,2598,790,1,1,306.49,12.69
1960,3373,9,1,1,331.78,39.29
1961,3395,947,1,0,1029.11,1.13
1962,3332,936,0,3,275.02,0.65
1963,2615,127,1,0,543.34,38.29
1964,2047,1053,0,1,473.92,2.02
1965,2926,776,0,3,202.12,25.24
1966,470,374,0,0,135.11,46.1
1967,2722,444,2,1,645.0,2.18
1968,676,318,1,1,547.14,29.91
1969,2483,177,1,2,298.17,31.41
1970,2765,946,2,1,738.1,14.28
1971,818,587,0,2,327.69,51.37
1972,852,756,2,1,847.24,47.89
1973,2586,1136,1,0,444.6,25.7
1974,1404,978,0,2,189.34,15.87
1975,1982,1126,0,1,301.92,54.81
1976,1249,51,0,0,310.4,54.5
1977,1539,581,0,1,602.93,57.3
1978,109,222,0,2,227.55,34.17
1979,1165,449,0,0,138.52,25.8
1980,1676,138,1,0,172.82,31.89
1981,3706,808,0,0,224.2,3.67
1982,229,1002,0,0,270.27,33.28
1983,1193,518,0,1,629.91,10.46
1984,875,42,0,2,69.12,101.55
1985,525,346,0,0,136.43,32.46
1986,3640,905,1,1,241.52,21.0
1987,2908,567,0,2,697.14,30.92
1988,3876,764,0,1,85.16,9.51
1989,696,230,1,3,286.3,10.16
1990,2791,860,1,2,294.9,52.19
1991,790,67,0,1,128.99,18.21
1992,1321,119,0,2,131.95,19.87
1993,2764,1082,0,1,65.95,15.17
1994,3592,1121,1,0,85.84,48.86
1995,1304,74,1,1,214.72,77.09
1996,3032,324,0,2,161.89,24.97
1997,3837,125,0,3,806.19,11.69
1998,1407,905,2,0,447.73,44.12
1999,3534,804,0,0,109.66,13.96
2000,3383,319,1,0,683.38,38.13
2001,1676,138,2,0,354.24,31.94
2002,2454,1097,0,1,296.41,23.48
2003,2613,412,0,0,439.94,15.25
2004,75,85,0,0,165.8,0.21
2005,4191,64,1,0,347.87,20.09
2006,3813,652,1,0,215.73,21.37
2007,2625,814,1,1,1156.64,54.29
2008,2336,17,1,0,1001.64,8.66
2009,3862,519,0,1,143.49,7.88
2010,1820,406,0,0,160.55,111.74
2011,3432,156,2,2,805.24,42.35
2012,2735,13,0,0,350.59,8.18
2013,1517,589,2,0,406.47,30.62
2014,609,1065,0,3,178.95,46.34
2015,804,65,0,1,195.25,31.65
2016,3230,200,0,2,413.91,4.62
2017,3174,43,1,2,616.25,110.0
2018,3168,295,0,0,178.46,10.24
2019,2555,1008,0,0,313.96,35.17
2020,1543,812,0,3,741.99,32.11
2021,1220,1077,1,2,406.67,19.81
2022,978,241,0,2,450.19,11.49
2023,2422,44,2,2,334.7,65.48
2024,3481,432,0,2,369.0,15.78
2025,3368,17,2,0,1486.48,19.84
2026,2477,1071,0,0,389.34,0.64
2027,3861,450,1,2,242.56,40.89
2028,3082,1186,0,1,62.2,27.45
2029,887,111,2,0,790.92,10.05
2030,3964,134,0,0,209.55,42.82
2031,130,66,0,3,333.91,44.78
2032,396,566,1,1,261.9,47.33
2033,3592,1121,1,0,219.47,8.42
2034,2211,1109,0,0,413.46,21.99
2035,353,869,0,1,330.25,25.64
2036,2236,229,0,1,298.31,12.14
2037,1511,1039,1,2,196.29,30.17
2038,880,478,0,1,352.96,23.18
2039,1171,841,0,1,338.19,32.54
2040,1055,326,0,0,133.38,18.58
2041,1744,439,2,0,588.49,35.75
2042,1476,857,1,0,962.75,68.38
2043,1945,565,1,1,268.11,46.48
2044,1116,979,0,1,135.63,31.93
2045,951,353,1,2,736.73,10.27
2046,2482,177,0,3,164.37,16.17
2047,1711,490,1,1,103.4,46.08
2048,2104,987,0,2,396.96,19.36
2049,2157,221,0,1,664.72,51.96
2050,3691,356,0,0,201.32,39.03
2051,783,173,2,1,1130.4,48.59
2052,2685,724,2,1,357.04,34.15
2053,2541,40,1,2,1080.65,71.84
2054,3707,645,0,0,164.04,32.03
2055,3721,79,0,3,452.28,13.66
2056,3450,733,0,2,241.01,0.19
2057,3086,405,0,1,318.19,77.89
2058,802,245,1,1,419.34,21.37
2059,1457,1081,1,2,685.82,18.67
2060,1707,460,0,1,227.04,129.31
2061,4042,600,1,1,398.42,50.56
2062,2941,1128,2,1,776.37,88.02
2063,796,901,0,2,425.08,57.89
2064,3582,539,1,3,92.39,40.0
2065,1779,1016,0,0,45.0,5.66
2066,1500,567,1,2,988.27,57.68
2067,62,1166,0,2,206.46,50.56
2068,2304,154,2,0,1841.72,21.74
2069,4084,459,1,3,996.04,35.55
2070,2322,349,2,0,586.25,2.19
2071,834,973,1,1,127.53,49.04
2072,3155,706,0,2,212.5,40.27
2073,3402,877,1,0,274.65,7.59
2074,2789,159,0,0,399.32,70.77
2075,3655,359,2,2,343.63,15.87
2076,3670,79,1,1,425.6,57.48
2077,2630,849,1,2,1077.53,26.52
2078,3798,662,1,0,506.44,41.51
2079,2336,17,1,1,891.92,14.14
2080,2157,221,1,1,1107.16,71.27
2081,46,828,1,0,518.25,85.99
2082,4070,582,1,0,638.17,23.82
2083,2580,1018,0,1,86.6,33.02
2084,466,540,1,0,194.24,8.9
2085,91,216,1,0,1021.13,35.91
2086,3452,627,0,3,325.74,27.99
2087,2448,961,1,0,485.79,3.24
2088,368,67,2,3,541.86,159.93
2089,2407,817,0,1,143.47,55.7
2090,1526,944,1,0,347.09,48.2
2091,3204,136,0,1,211.08,14.95
2092,884,1087,0,1,135.62,67.21
2093,3861,450,0,0,186.31,104.12
2094,3651,1193,0,0,188.4,32.72
2095,3544,485,0,3,614.61,23.62
2096,1588,168,0,0,297.89,84.64
2097,2978,878,0,3,904.68,23.65
2098,2149,840,0,3,368.8,39.36
2099,520,142,1,0,241.95,32.15
2100,327,1183,0,0,341.54,11.45
2101,2046,832,2,2,683.21,51.32
2102,2086,994,1,2,503.36,57.23
2103,2259,948,0,3,180.07,16.54
2104,2016,193,0,1,364.89,53.98
2105,121,451,1,0,257.03,81.81
2106,1897,451,0,1,175.07,42.26
2107,2531,309,0,1,316.11,26.36
2108,3552,995,2,2,851.2,37.98
2109,1120,1078,2,0,1771.82,57.7
2110,3582,539,2,1,265.52,40.79
2111,1456,419,0,0,244.53,17.26
2112,801,29,0,2,45.0,18.59
2113,1666,184,0,1,314.35,14.21
2114,1521,75,0,2,678.79,14.98
2115,634,723,0,2,138.55,56.57
2116,1656,1186,0,0,182.15,96.95
2117,238,187,2,0,649.85,109.86
2118,3425,660,1,0,250.42,28.3
2119,1280,391,0,0,404.72,31.26
2120,1333,1117,0,3,372.87,19.23
2121,549,843,0,3,203.98,17.02
2122,2371,1113,1,1,268.66,24.83
2123,242,97,0,2,96.44,16.87
2124,3999,989,0,2,148.94,88.29
2125,1698,59,1,0,180.38,6.11
2126,182,1079,1,0,266.32,32.03
2127,2246,958,1,2,573.91,27.67
2128,64,1068,0,1,92.15,36.68
2129,3310,1078,0,0,692.03,35.49
2130,3800,535,0,0,171.06,22.78
2131,2619,76,1,0,419.18,18.12
2132,2254,684,0,2,284.4,26.36
2133,1865,452,0,0,861.62,78.5
2134,3256,573,0,0,177.05,25.62
2135,3779,624,0,0,178.29,20.77
2136,2989,308,0,1,175.65,38.7
2137,1696,59,0,0,122.78,39.65
2138,2461,200,0,0,320.72,10.37
2139,1365,509,2,1,951.66,44.09
2140,3731,860,1,3,274.55,63.08
2141,922,1106,1,0,537.55,43.3
2142,298,209,1,2,556.69,36.91
2143,1796,106,0,0,320.51,62.48
2144,3260,40,0,3,743.79,23.85
2145,168,1159,0,2,755.86,23.08
2146,2083,791,0,0,328.05,18.33
2147,2484,285,0,0,679.28,22.88
2148,560,325,1,0,244.69,55.5
2149,3493,678,0,2,132.27,0.0
2150,752,358,0,2,106.79,75.25
2151,2964,1099,0,1,441.38,8.36
2152,1679,546,0,0,439.51,1.59
2153,2961,665,0,0,177.82,35.84
2154,457,50,1,1,251.19,51.05
2155,243,341,1,0,469.96,14.42
2156,343,467,0,0,245.46,36.54
2157,2496,1057,0,0,824.04,59.69
2158,1044,1119,1,0,286.18,29.83
2159,366,513,1,0,130.3,37.66
2160,2563,362,0,0,314.15,2.34
2161,1380,945,2,0,1585.25,30.18
2162,3120,833,0,1,152.34,14.54
2163,3657,247,0,0,323.94,3.69
2164,2395,256,1,2,185.3,26.12
2165,1519,403,0,2,308.98,22.46
2166,138,970,2,1,353.05,67.18
2167,228,1176,0,0,212.35,8.54
2168,128,465,1,0,703.2,9.7
2169,245,374,0,0,181.89,66.88
2170,2344,271,0,0,258.29,18.44
2171,2133,1087,0,1,243.56,37.16
2172,2393,897,0,0,306.22,28.1
2173,206,81,1,1,395.14,72.21
2174,1917,976,0,1,366.48,65.01
2175,3195,164,1,0,274.27,16.36
2176,3582,539,0,2,85.85,9.36
2177,3838,12,1,1,447.81,17.47
2178,1067,217,0,3,683.25,25.62
2179,1551,805,0,0,302.27,19.98
2180,269,89,1,0,217.4,17.16
2181,3703,448,0,3,456.77,59.07
2182,3168,295,0,1,211.94,20.6
2183,2147,611,0,0,143.94,48.04
2184,2814,976,0,0,323.76,37.13
2185,3850,1185,1,1,659.05,29.95
2186,4013,343,1,0,159.72,21.84
2187,2759,700,0,0,381.62,16.68
2188,801,29,0,2,132.5,12.21
2189,1231,980,1,0,191.64,18.31
2190,1595,623,2,2,530.39,81.16
2191,508,994,1,1,484.12,19.33
2192,1982,1126,0,2,237.14,39.23
2193,1954,303,0,2,366.66,34.12
2194,3866,948,0,2,230.03,9.99
2195,3997,452,0,0,808.04,51.48
2196,3092,793,1,0,656.37,17.12
2197,490,1085,0,0,308.32,8.31
2198,2329,416,0,2,324.4,32.01
2199,3907,710,1,0,264.35,95.39
2200,3621,760,1,2,269.33,37.0
2201,2691,239,2,3,497.13,7.27
2202,3558,1094,1,2,258.3,51.86
2203,1516,611,0,2,144.97,17.73
2204,3635,162,0,0,581.16,104.91
2205,2036,22,1,1,219.43,63.7
2206,2147,611,1,0,308.43,19.05
2207,3424,951,1,1,353.74,16.97
2208,1896,1098,1,1,460.0,46.13
2209,1925,77,0,0,249.42,13.69
2210,352,129,0,0,155.62,63.32
2211,2416,145,2,2,452.86,25.23
2212,1404,978,2,0,373.05,71.79
2213,1595,623,0,3,225.86,36.99
2214,3635,162,1,3,1000.51,31.07
2215,966,1040,2,0,332.11,37.18
2216,2496,1057,1,3,1331.61,18.83
2217,654,581,1,0,938.17,59.42
2218,1917,976,0,0,375.8,39.47
2219,833,909,2,2,765.33,7.96
2220,3601,602,2,0,396.27,15.82
2221,2113,1104,0,1,192.52,2.4
2222,4029,299,0,3,179.65,19.84
2223,162,944,0,2,195.2,43.58
2224,3232,648,1,0,727.61,66.97
2225,2841,954,0,1,139.17,7.28
2226,3267,1193,1,3,261.55,58.62
2227,2240,61,0,3,369.22,24.68
2228,2607,1082,1,2,179.63,49.77
2229,3247,177,0,0,136.78,57.52
2230,2257,796,1,1,481.85,11.04
2231,3977,523,0,3,345.76,59.93
2232,614,67,1,0,207.02,58.74
2233,3584,508,0,2,87.59,25.84
2234,3081,267,1,3,305.87,19.47
2235,1968,635,0,0,639.73,10.78
2236,1478,127,0,1,409.33,44.11
2237,1348,27,1,1,237.21,18.11
2238,207,1126,1,0,388.76,27.67
2239,3312,557,1,2,250.5,21.72
2240,1655,914,1,0,328.84,33.64
2241,3264,558,2,3,457.79,27.42
2242,44,313,1,0,1047.82,7.79
2243,1490,838,0,2,162.51,26.47
2244,1487,1181,0,2,371.25,15.52
2245,3384,191,2,1,516.42,25.71
2246,1239,167,2,0,357.92,40.13
2247,3911,848,0,0,444.94,45.31
2248,3492,998,1,1,304.61,12.48
2249,3956,381,0,2,280.01,44.95
2250,706,436,2,0,384.7,16.76
2251,350,1097,0,0,277.71,5.48
2252,2080,1160,0,0,210.04,17.03
2253,171,155,0,0,402.52,27.32
2254,1215,91,0,0,271.09,44.48
2255,552,502,1,1,975.9,85.06
2256,934,171,1,1,384.01,123.59
2257,1256,1141,0,0,275.34,24.63
2258,766,174,0,1,343.58,102.51
2259,945,247,0,1,397.3,20.65
2260,3146,763,2,2,843.6,84.46
2261,3189,983,1,2,320.93,15.1
2262,3261,127,0,1,288.94,75.68
2263,2328,1149,0,1,288.71,2.61
2264,1412,811,0,0,267.63,59.94
2265,3267,1193,1,1,257.73,51.7
2266,1248,590,1,0,149.52,10.81
2267,1938,288,0,0,352.1,3.47
2268,1188,27,1,2,277.81,8.76
2269,2395,256,0,2,177.28,17.14
2270,2677,983,0,0,165.8,73.02
2271,277,123,1,0,591.64,13.65
2272,120,219,0,0,125.75,17.17
2273,1692,871,0,0,327.31,0.72
2274,530,748,0,0,369.26,32.05
2275,4125,853,0,1,76.8,28.79
2276,864,983,1,2,346.56,4.57
2277,45,85,1,0,297.52,48.09
2278,1382,260,1,2,332.14,51.54
2279,99,892,0,0,172.68,45.82
2280,2331,375,0,3,744.13,7.21
2281,3172,1188,0,0,610.47,25.46
2282,1112,124,0,1,242.33,41.61
2283,2355,79,1,1,550.49,81.77
2284,1467,1012,1,0,443.95,23.36
2285,1056,939,2,2,837.0,14.47
2286,1348,27,0,2,89.02,37.93
2287,3964,134,2,1,364.82,9.7
2288,1877,774,0,1,223.42,23.19
2289,51,612,1,2,215.33,9.56
2290,2791,860,0,3,236.49,16.1
2291,2615,127,0,1,260.79,68.61
2292,3019,636,0,2,144.86,13.56
2293,1981,663,2,0,510.33,38.76
2294,618,1009,2,0,800.54,13.84
2295,2444,851,0,0,304.98,29.45
2296,530,748,1,2,462.03,7.27
2297,3708,1139,0,2,252.03,21.78
2298,2802,1065,2,2,504.65,41.52
2299,1854,803,0,2,176.33,22.9
2300,3608,1022,0,0,173.65,36.35
2301,3543,451,0,2,279.8,36.45
2302,4064,549,1,2,269.62,30.49
2303,1117,1007,1,0,271.97,54.94
2304,3555,164,2,2,431.56,52.31
2305,2504,830,0,0,236.95,35.87
2306,3315,866,0,1,270.06,16.22
2307,1496,33,2,3,417.8,22.53
2308,725,24,2,3,2329.09,15.59
2309,3113,525,0,3,208.85,111.65
2310,837,320,1,1,570.1,39.62
2311,2518,2,0,0,283.29,50.77
2312,2807,1044,1,0,1053.53,36.69
2313,3047,256,1,1,245.94,39.6
2314,2075,50,1,0,223.57,72.75
2315,49,128,0,1,240.66,30.59
2316,3408,627,1,2,539.6,11.92
2317,1995,155,1,2,593.54,2.29
2318,3800,535,0,1,237.57,4.69
2319,3144,595,0,1,517.99,57.75
2320,2307,492,1,0,250.24,12.24
2321,65,166,0,0,292.85,46.43
2322,1761,763,2,1,817.3,33.93
2323,1974,158,1,0,562.12,47.1
2324,2287,644,2,0,1924.94,18.41
2325,1565,47,0,0,379.01,0.0
2326,2379,51,1,1,614.5,40.52
2327,2103,632,0,1,364.17,16.36
2328,1307,1072,2,0,294.22,25.4
2329,4166,321,0,2,341.52,33.64
2330,2369,655,0,0,456.68,30.55
2331,2552,344,1,2,882.84,90.88
2332,241,1188,0,2,626.25,5.06
2333,228,1176,1,2,275.84,10.65
2334,3115,843,1,0,352.13,43.06
2335,381,189,1,3,173.33,17.52
2336,2549,907,1,2,396.86,12.11
2337,2219,462,0,0,338.3,17.84
2338,391,820,0,0,223.64,38.62
2339,3774,738,1,1,290.98,38.27
2340,974,148,0,0,230.37,13.3
2341,1678,852,0,0,441.5,16.26
2342,2232,580,0,0,203.89,16.56
2343,1814,166,1,2,441.26,50.01
2344,2139,489,0,0,155.82,4.98
2345,2474,1101,1,0,1042.92,31.5
2346,3628,1001,0,0,323.88,33.09
2347,2016,193,0,0,339.37,15.86
2348,1306,708,2,0,754.36,14.05
2349,321,675,0,2,205.07,13.61
2350,1555,594,0,1,390.34,36.77
2351,4014,1023,0,1,271.45,8.57
2352,377,220,1,2,197.65,23.15
2353,184,613,2,0,461.97,18.3
2354,605,266,0,1,252.13,31.2
2355,2962,345,0,3,321.07,6.47
2356,4165,535,2,0,419.03,20.96
2357,2895,292,2,2,557.51,48.78
2358,1659,200,0,1,383.27,54.47
2359,2956,50,0,0,114.83,47.21
2360,2135,591,1,2,470.53,33.39
2361,1777,238,1,2,230.38,24.63
2362,428,191,1,0,382.68,16.55
2363,2082,558,0,2,143.95,73.56
2364,517,402,0,0,786.02,49.54
2365,1477,452,1,3,1179.83,16.78
2366,2952,281,0,2,317.42,6.39
2367,2144,719,0,2,385.55,49.01
2368,2653,111,1,3,586.82,18.87
2369,1921,1008,1,3,482.34,19.61
2370,2798,484,2,1,524.06,7.83
2371,655,37,0,1,301.57,46.06
2372,3783,49,1,1,670.32,33.21
2373,2417,625,0,0,74.97,29.85
2374,452,271,0,0,288.38,110.05
2375,3105,578,2,2,476.44,16.74
2376,1769,603,0,1,266.81,10.62
2377,1827,940,1,1,955.67,47.18
2378,64,1068,0,3,115.39,21.82
2379,3205,793,0,2,361.98,35.68
2380,2152,687,0,3,114.6,17.67
2381,689,1053,0,0,399.5,20.68
2382,1289,51,0,0,339.88,30.53
2383,1936,156,0,2,395.73,8.37
2384,3702,1078,0,1,668.5,12.6
2385,1973,182,1,2,595.43,23.54
2386,1291,1180,1,0,256.04,53.65
2387,1827,940,0,1,613.31,19.47
2388,1331,812,1,0,1079.75,39.05
2389,811,954,0,0,137.6,24.36
2390,2062,519,0,1,52.46,132.3
2391,2559,21,0,0,102.16,18.33
2392,1303,348,0,1,168.76,21.34
2393,3949,222,1,0,291.68,83.29
2394,3307,612,0,1,102.9,34.46
2395,2592,607,2,2,780.82,34.06
2396,4066,654,0,1,320.87,0.0
2397,882,408,0,0,118.09,10.8
2398,3196,511,0,0,177.0,53.84
2399,3791,86,0,2,323.38,22.18
2400,2376,310,1,0,336.33,30.35
2401,3420,842,0,2,107.86,9.3
2402,1465,800,0,1,194.44,2.43
2403,992,568,2,0,580.33,37.36
2404,2887,459,1,0,1085.38,18.72
2405,1323,1031,1,3,1084.52,10.81
2406,1991,839,2,2,497.04,25.18
2407,4008,1172,2,2,386.06,19.15
2408,1816,712,1,0,405.75,30.58
2409,3086,405,0,3,406.66,8.86
2410,1979,696,1,2,361.93,16.36
2411,1159,926,0,2,73.63,17.55
2412,1705,427,1,1,149.74,16.17
2413,2989,308,1,0,297.28,14.65
2414,421,833,0,1,45.0,67.51
2415,1278,553,1,1,350.48,8.91
2416,2584,1148,0,0,184.67,72.46
2417,2210,267,0,0,152.9,34.06
2418,3175,743,1,0,364.78,7.73
2419,1116,979,1,3,258.95,14.72
2420,537,791,0,0,323.39,29.77
2421,3314,691,0,0,563.82,74.0
2422,3259,910,0,2,394.99,28.23
2423,448,781,1,2,245.94,41.64
2424,1403,444,0,1,333.52,28.63
2425,3811,928,0,0,211.45,5.06
2426,1020,746,1,0,224.18,8.59
2427,3750,226,0,1,201.58,94.51
2428,2169,193,0,1,295.0,6.13
2429,1396,1068,0,0,210.86,58.68
2430,3677,457,0,2,346.23,23.54
2431,50,536,1,0,450.62,53.86
2432,442,242,0,0,247.51,16.76
2433,1187,847,1,3,349.23,80.93
2434,2684,462,0,3,344.78,24.22
2435,1317,773,0,2,383.49,52.39
2436,2435,455,0,2,657.51,59.79
2437,3013,1110,0,0,416.79,29.91
2438,1385,665,0,2,158.86,53.49
2439,868,186,0,3,500.38,10.57
2440,4007,126,0,0,731.78,20.61
2441,267,1046,1,0,210.07,16.87
2442,3471,293,0,1,66.89,96.3
2443,1518,647,2,3,1323.66,16.6
2444,3878,589,0,3,126.22,28.23
2445,2436,1004,0,0,279.92,37.6
2446,1640,1189,1,2,474.27,53.69
2447,1369,437,0,0,135.69,53.07
2448,912,207,1,1,441.85,27.76
2449,3948,1095,0,1,590.55,19.7
2450,3773,807,1,2,492.42,11.16
2451,1500,567,1,3,1165.58,50.44
2452,2140,265,1,1,513.91,30.87
2453,1682,1034,1,1,259.32,11.34
2454,594,720,0,0,93.93,62.2
2455,1901,617,2,2,718.34,42.8
2456,2578,1182,1,2,419.08,139.83
2457,3758,240,1,0,541.7,17.27
2458,2909,371,1,2,171.52,19.04
2459,1305,487,0,1,235.48,32.18
2460,3733,592,1,1,962.7,20.66
2461,3296,281,1,1,443.23,46.72
2462,3403,288,1,3,743.48,26.5
2463,1221,579,1,1,758.07,20.66
2464,594,720,0,1,184.35,28.91
2465,452,271,1,3,310.24,79.01
2466,3635,162,1,3,983.84,26.22
2467,1066,94,1,3,496.33,44.1
2468,2774,301,1,0,260.31,35.81
2469,3261,127,0,0,362.79,50.65
2470,2031,800,1,0,205.86,31.38
2471,3772,678,1,0,235.61,34.18
2472,2813,670,0,2,437.04,11.57
2473,2101,521,0,2,125.28,65.07
2474,3412,1060,1,2,215.09,88.46
2475,1,626,0,0,207.39,104.51
2476,1003,1176,0,0,278.69,47.0
2477,180,1174,0,2,162.92,0.0
2478,1892,724,0,0,137.9,24.32
2479,1734,66,0,2,271.28,16.05
2480,2107,384,2,1,1801.06,85.44
2481,2348,647,0,1,566.45,78.09
2482,3035,452,0,3,741.92,49.83
2483,821,1128,1,2,541.89,32.31
2484,1747,28,0,0,160.78,58.78
2485,856,1115,1,2,363.41,43.11
2486,820,1072,2,1,310.63,28.17
2487,1335,451,0,1,76.27,26.6
2488,3077,1090,1,1,234.59,20.13
2489,2181,133,1,3,390.32,0.33
2490,2824,582,0,0,361.01,13.69
2491,439,928,0,0,207.09,29.32
2492,3340,955,0,0,156.71,88.97
2493,2991,465,1,0,651.55,14.19
2494,425,534,0,2,451.02,26.23
2495,3527,892,0,1,256.88,56.18
2496,789,606,1,0,355.74,41.46
2497,274,294,2,2,1606.44,19.9
2498,179,635,0,0,598.35,40.03
2499,1875,868,0,0,62.09,25.66
2500,3838,12,0,0,205.13,1.07
2501,2241,682,0,0,111.47,12.26
2502,2979,256,0,1,227.24,20.36
2503,4193,1196,0,3,626.92,7.93
2504,3739,939,0,2,371.98,39.37
2505,1565,47,0,1,404.36,36.83
2506,3750,226,2,0,321.01,31.99
2507,2001,61,0,0,391.27,22.87
2508,582,522,1,0,959.42,11.29
2509,3610,1127,1,0,256.4,82.15
2510,3705,136,1,1,310.64,20.68
2511,4096,593,0,1,235.39,14.56
2512,1131,1048,1,0,434.7,11.74
2513,3620,474,0,2,365.51,2.83
2514,946,264,1,2,520.68,94.58
2515,2131,341,0,3,422.26,82.7
2516,1958,371,1,1,209.33,27.51
2517,2930,793,0,0,328.96,19.92
2518,692,1128,0,0,337.76,21.97
2519,942,53,0,0,169.91,14.92
2520,2011,1142,0,1,139.63,40.6
2521,2560,923,2,0,1636.96,55.6
2522,827,526,2,3,575.14,37.95
2523,1066,94,0,1,333.21,68.5
2524,3826,635,0,0,556.27,19.71
2525,421,833,0,2,118.2,19.22
2526,1579,674,1,0,581.7,25.98
2527,717,915,0,3,291.52,40.22
2528,745,1039,0,1,158.86,19.44
2529,1892,724,0,1,151.1,6.37
2530,2827,872,0,2,355.19,45.6
2531,2813,670,1,0,463.2,42.11
2532,2983,879,0,2,301.39,19.53
2533,1846,589,2,0,485.89,31.28
2534,715,626,1,0,315.37,49.47
2535,824,1145,1,3,238.68,6.47
2536,1456,419,1,0,530.99,42.23
2537,3887,1106,0,0,325.14,62.17
2538,458,392,0,0,160.01,57.49
2539,3756,471,0,2,289.36,9.71
2540,3167,1184,1,0,338.81,23.43
2541,866,1022,1,0,317.46,34.63
2542,420,1038,0,0,644.09,52.58
2543,1213,1134,0,2,698.47,35.3
2544,3514,985,0,2,204.77,48.07
2545,4053,692,0,0,156.56,12.1
2546,2301,442,2,0,401.48,25.39
2547,4029,299,1,1,290.53,20.97
2548,2062,519,0,0,128.18,34.78
2549,1289,51,0,3,359.68,36.89
2550,164,851,0,3,410.17,70.4
2551,736,119,0,0,89.54,24.06
2552,3818,905,0,0,198.81,62.78
2553,2252,847,0,0,210.6,24.95
2554,476,21,0,3,244.13,77.0
2555,2601,1067,2,0,740.2,17.73
2556,2023,1119,0,0,169.2,37.16
2557,3525,60,0,2,756.66,33.33
2558,1910,257,0,2,279.18,5.15
2559,3522,568,0,0,127.21,4.8
2560,905,652,2,0,345.93,54.02
2561,4169,833,0,0,144.87,28.47
2562,4003,663,0,2,130.06,41.46
2563,4106,363,2,0,852.02,60.44
2564,1535,183,1,1,213.1,60.98
2565,2318,495,0,2,170.9,63.74
2566,1326,444,0,0,239.68,16.81
2567,3674,514,2,0,558.09,37.67
2568,4140,552,1,1,503.17,44.47
2569,1220,1077,0,2,366.43,17.23
2570,3345,410,0,3,743.39,33.73
2571,1734,66,0,1,317.57,58.97
2572,1135,875,1,1,184.8,19.38
2573,3274,642,0,0,357.92,21.64
2574,2421,622,1,1,249.61,54.56
2575,2946,624,2,2,396.76,42.86
2576,976,1183,0,3,448.83,17.28
2577,3003,123,0,1,414.42,9.93
2578,1849,723,2,0,308.67,56.27
2579,2705,208,0,2,270.64,41.61
2580,1126,250,0,0,344.75,17.6
2581,1263,807,2,0,828.46,62.06
2582,3388,556,0,0,369.94,16.75
2583,896,36,0,2,210.1,11.7
2584,3286,479,0,1,358.78,15.4
2585,1336,996,1,0,391.29,17.76
2586,1837,685,0,0,312.7,72.38
2587,2881,413,1,2,514.67,12.0
2588,437,194,0,3,288.44,72.81
2589,2301,442,0,2,132.63,62.77
2590,1154,219,2,2,284.63,29.4
2591,637,785,0,0,142.36,16.68
2592,3178,400,1,1,294.8,19.53
2593,3095,320,0,3,431.57,68.64
2594,2092,8,2,2,1041.36,25.79
2595,1550,764,0,2,208.46,6.01
2596,608,398,0,0,249.79,38.25
2597,2755,948,2,2,466.97,35.86
2598,1213,1134,1,0,1083.23,35.99
2599,1370,717,0,2,135.59,29.23
2600,1152,497,0,2,652.94,24.37
2601,3905,1022,0,2,342.67,16.97
2602,2456,569,0,0,356.88,20.99
2603,879,1155,0,2,195.92,8.92
2604,1440,57,1,1,335.75,3.19
2605,2940,649,0,0,45.0,12.27
2606,1021,424,1,0,357.13,9.44
2607,2430,949,0,2,286.1,4.71
2608,1033,286,0,2,248.97,81.58
2609,3798,662,0,0,238.49,22.87
2610,1236,270,0,3,707.02,50.09
2611,2284,546,1,0,613.38,66.33
2612,1206,1149,0,0,265.07,36.84
2613,834,973,2,1,358.62,53.83
2614,1294,18,1,2,298.41,17.72
2615,233,830,1,1,239.23,81.55
2616,2383,31,1,1,511.65,22.25
2617,316,896,0,0,135.7,22.56
2618,1410,743,2,0,451.58,20.23
2619,2591,934,1,3,979.25,14.71
2620,1259,180,0,3,507.45,60.12
2621,2848,747,0,2,221.72,21.76
2622,3913,960,0,0,598.09,8.2
2623,321,675,0,2,180.74,17.38
2624,242,97,1,0,150.72,38.65
2625,1545,676,1,0,475.76,26.27
2626,1115,1162,0,2,286.23,0.0
2627,297,821,1,2,268.74,33.82
2628,1991,839,1,0,219.98,4.11
2629,3741,300,0,0,393.7,0.98
2630,816,679,0,3,751.8,145.88
2631,1524,1111,0,1,282.49,20.05
2632,4121,410,0,3,781.95,96.88
2633,3977,523,1,0,483.11,5.49
2634,1806,784,0,0,164.35,3.41
2635,2197,844,1,0,520.0,83.41
2636,1209,29,0,0,136.44,60.94
2637,3342,895,0,0,109.97,24.46
2638,3415,23,1,2,504.34,67.84
2639,1615,1083,0,0,628.51,17.62
2640,1913,3,0,0,122.88,37.91
2641,2179,308,0,3,197.63,128.02
2642,3578,696,0,0,217.88,13.96
2643,3795,338,0,0,714.45,7.53
2644,3036,842,1,3,278.87,10.23
2645,3696,999,0,0,203.49,45.35
2646,2329,416,1,0,498.06,13.2
2647,3102,871,0,2,240.77,21.77
2648,3784,911,1,0,337.5,12.57
2649,3040,902,0,1,262.1,21.56
2650,1415,296,2,1,385.48,51.46
2651,2097,607,2,1,701.11,14.84
2652,1512,1019,0,0,639.44,55.15
2653,2323,815,0,2,114.14,32.38
2654,3434,849,1,0,1103.31,29.36
2655,1066,94,0,1,220.17,39.65
2656,899,972,1,0,239.94,66.25
2657,3042,1135,1,0,263.59,36.37
2658,3271,395,2,2,403.74,26.42
2659,3704,126,0,3,925.85,12.65
2660,3352,748,1,3,501.51,15.78
2661,963,1014,1,0,425.98,101.96
2662,538,379,0,2,343.35,32.58
2663,350,1097,0,0,195.34,17.46
2664,2937,434,0,2,158.83,40.21
2665,627,888,0,0,240.26,53.22
2666,2350,496,2,0,380.19,23.2
2667,386,605,1,1,169.64,8.84
2668,3181,1166,1,0,298.35,41.8
2669,1094,111,1,0,596.04,13.01
2670,3792,954,1,0,259.26,29.79
2671,1329,894,0,1,131.22,41.83
2672,1325,484,0,0,285.96,13.55
2673,2793,327,1,2,217.14,50.39
2674,1882,362,0,2,288.48,54.84
2675,2833,570,1,3,319.68,6.64
2676,306,860,0,0,162.01,41.63
2677,2836,1078,1,2,1154.54,35.01
2678,3871,861,0,1,130.58,35.13
2679,2722,444,1,0,456.02,8.02
2680,846,626,1,3,359.87,55.21
2681,2819,859,0,0,647.36,58.52
2682,614,67,0,2,187.03,24.59
2683,4183,1137,1,0,283.17,63.33
2684,2626,78,0,2,322.2,22.94
2685,1371,924,1,0,220.89,41.49
2686,2067,814,0,0,618.05,1.56
2687,150,466,0,0,326.33,8.99
2688,1757,753,0,2,307.09,73.92
2689,1641,156,0,3,399.56,36.66
2690,1506,1033,0,0,750.96,19.99
2691,2349,405,0,1,355.29,117.01
2692,2407,817,0,2,184.42,4.69
2693,1258,1027,1,3,510.59,37.37
2694,397,916,1,0,541.24,41.05
2695,1437,1175,0,2,604.5,10.33
2696,49,128,0,1,124.07,8.25
2697,3694,369,1,1,228.09,41.91
2698,905,652,1,0,237.53,2.73
2699,2226,765,2,0,407.14,54.05
2700,2136,407,2,2,333.61,18.91
2701,3922,1192,0,0,259.81,38.49
2702,913,838,0,1,158.58,2.75
2703,1556,20,0,1,353.73,32.72
2704,632,948,0,0,224.51,39.36
2705,1872,1010,2,3,373.48,9.5
2706,1418,396,0,1,433.72,46.18
2707,148,413,0,1,299.35,10.37
2708,3711,30,1,0,301.01,25.17
2709,1197,1091,2,2,828.09,59.71
2710,3101,1033,0,2,716.29,8.74
2711,340,541,0,2,149.27,46.8
2712,603,860,1,1,362.57,1.96
2713,3521,719,0,0,475.54,19.23
2714,2441,1193,0,0,206.32,31.11
2715,2812,526,1,0,364.79,27.94
2716,3155,706,1,0,278.82,48.17
2717,3278,98,1,2,494.64,33.52
2718,3058,206,0,1,251.62,22.27
2719,3500,931,0,2,184.07,3.85
2720,3258,856,1,1,258.45,47.33
2721,1580,98,1,2,488.44,32.11
2722,3275,154,2,1,1893.29,72.9
2723,1527,29,0,3,76.9,40.69
2724,4093,938,0,2,280.03,33.7
2725,2941,1128,2,1,892.2,62.31
2726,2044,323,0,0,359.17,37.08
2727,3545,1193,2,0,459.18,96.17
2728,3887,1106,0,2,379.12,113.48
2729,1430,207,2,0,695.41,23.15
2730,1112,124,2,0,686.54,4.5
2731,2683,966,0,0,97.78,64.65
2732,587,292,0,2,235.13,60.02
2733,1834,615,0,3,262.06,30.76
2734,3598,1095,0,2,515.83,71.67
2735,1084,718,0,1,134.93,30.33
2736,2507,470,0,3,171.39,4.16
2737,4009,685,0,2,301.96,37.51
2738,1191,1003,0,1,361.83,16.84
2739,2595,940,1,0,896.76,40.46
2740,767,1177,0,2,595.48,11.9
2741,1883,247,1,0,559.87,27.68
2742,3015,462,1,2,439.83,44.99
2743,4186,906,1,0,285.57,55.82
2744,1125,505,0,2,342.93,41.45
2745,3022,884,0,0,120.59,35.9
2746,1615,1083,0,0,645.46,79.48
2747,550,958,0,0,328.83,39.29
2748,1997,299,1,0,220.21,38.66
2749,1600,1075,0,1,385.98,24.8
2750,2076,990,0,3,340.56,22.3
2751,1491,1086,0,3,306.43,22.75
2752,183,473,0,0,734.47,37.68
2753,2111,574,0,2,224.51,29.39
2754,4067,342,0,1,257.12,19.2
2755,2909,371,1,2,189.5,39.49
2756,1400,498,0,2,204.48,50.32
2757,3191,849,0,2,634.8,75.6
2758,3255,880,2,0,439.07,30.4
2759,161,708,1,3,523.24,28.14
2760,1132,553,1,3,425.48,39.69
2761,3629,1003,0,0,286.7,91.77
2762,1375,815,0,0,113.74,48.98
2763,819,1034,2,1,397.15,11.46
2764,2026,970,1,0,272.48,30.28
2765,1917,976,0,1,360.6,4.81
2766,771,913,0,2,356.46,30.0
2767,513,1127,2,3,418.98,1.07
2768,729,544,0,1,183.21,8.25
2769,1890,850,0,2,95.47,9.96
2770,4090,1144,1,2,967.4,45.75
2771,2381,480,1,0,215.08,65.65
2772,3359,335,0,0,203.44,14.19
2773,589,351,0,1,172.05,5.57
2774,748,893,0,1,431.66,63.82
2775,2436,1004,0,2,315.95,0.0
2776,811,954,1,0,264.22,38.94
2777,2031,800,0,2,191.38,25.45
2778,2757,47,0,1,309.94,4.93
2779,3902,28,0,0,155.47,16.8
2780,3262,517,0,0,230.04,29.48
2781,380,318,1,0,532.59,32.23
2782,3747,30,0,0,91.04,72.16
2783,2094,1145,0,0,69.65,4.89
2784,3267,1193,0,1,197.39,46.5
2785,946,264,0,2,353.95,15.96
2786,1591,1106,1,2,521.43,98.81
2787,2546,794,1,2,1231.56,28.83
2788,2666,806,1,0,572.44,33.65
2789,3390,735,0,1,343.18,50.63
2790,671,317,0,0,191.18,8.9
2791,3395,947,2,2,1618.82,19.45
2792,660,749,0,0,228.93,33.74
2793,1622,842,0,0,146.4,39.31
2794,1563,794,0,1,693.08,11.36
2795,160,1109,2,0,1300.89,109.26
2796,3685,752,0,1,173.12,13.62
2797,1219,348,1,1,519.63,32.16
2798,584,846,0,0,202.1,18.5
2799,2405,363,0,2,313.2,14.46
2800,235,1043,0,0,512.66,27.24
2801,3464,46,0,2,330.79,68.61
2802,3448,483,1,1,613.14,38.77
2803,1027,475,0,3,225.33,18.82
2804,350,1097,1,0,374.57,14.55
2805,2279,688,1,3,326.74,31.94
2806,307,1070,0,0,275.4,53.68
2807,1975,97,1,2,208.04,7.25
2808,1018,389,1,1,320.47,31.96
2809,1250,616,0,1,473.86,43.44
2810,3813,652,1,1,134.98,24.7
2811,3485,428,0,2,591.8,62.81
2812,794,509,0,3,497.45,15.54
2813,2695,1094,1,0,316.64,16.04
2814,3198,1052,0,0,764.49,3.48
2815,2584,1148,1,2,342.51,17.1
2816,1337,544,0,2,148.91,20.43
2817,1150,1149,1,0,303.28,51.69
2818,4169,833,0,2,92.74,37.18
2819,2794,742,0,1,121.13,43.15
2820,85,628,1,2,293.38,42.84
2821,319,1079,1,0,210.29,16.33
2822,3445,27,2,0,334.89,49.42
2823,60,978,0,1,123.87,33.54
2824,3673,532,0,3,744.12,0.0
2825,1222,76,0,0,257.24,61.37
2826,3786,407,2,0,376.37,153.64
2827,2540,1081,1,0,657.5,32.65
2828,515,136,0,0,228.43,19.8
2829,1117,1007,1,1,185.25,24.11
2830,3233,1005,0,0,336.67,51.94
2831,2879,363,2,2,709.98,3.47
2832,1949,117,1,2,479.6,29.87
2833,1304,74,2,2,357.04,19.59
2834,1818,423,0,2,478.67,65.97
2835,4007,126,0,1,767.37,43.67
2836,1123,213,0,1,263.9,18.4
2837,721,107,1,2,1152.74,26.04
2838,1331,812,0,0,661.79,0.16
2839,242,97,0,2,57.08,7.06
2840,3622,113,1,0,411.46,27.32
2841,3698,612,2,1,382.86,51.28
2842,4158,595,0,1,526.64,7.08
2843,1958,371,1,1,147.94,44.43
2844,4116,708,0,2,352.03,20.81
2845,236,525,0,1,161.95,20.31
2846,3056,948,1,2,329.11,38.72
2847,2063,829,1,1,250.52,24.62
2848,813,931,0,1,97.38,47.35
2849,2845,444,2,3,759.42,76.99
2850,1442,163,2,3,480.82,41.68
2851,2496,1057,0,1,845.1,53.68
2852,703,964,0,2,352.1,54.43
2853,2852,599,1,2,225.07,29.95
2854,3265,762,0,3,263.97,18.5
2855,1814,166,1,3,482.23,44.78
2856,2072,1162,1,2,467.33,32.52
2857,3833,1043,1,0,825.03,37.25
2858,3473,1047,1,0,529.98,48.03
2859,60,978,1,1,233.82,89.69
2860,205,411,0,0,240.68,11.99
2861,2161,651,1,1,198.88,29.64
2862,3673,532,1,0,959.26,40.3
2863,1709,591,1,0,384.95,31.5
2864,1745,925,0,3,377.87,35.77
2865,3653,652,2,0,361.35,23.5
2866,170,78,0,1,319.3,30.83
2867,3049,145,2,1,302.71,9.34
2868,966,1040,0,0,60.15,15.39
2869,1577,55,1,2,444.98,77.06
2870,3723,1091,0,0,342.16,5.85
2871,1038,1097,0,0,255.92,24.69
2872,2980,343,0,0,225.92,46.28
2873,815,372,0,0,164.57,40.53
2874,2423,126,0,0,709.37,28.42
2875,792,1062,1,0,604.36,34.74
2876,2058,685,0,0,294.76,17.74
2877,1663,725,0,0,293.39,42.5
2878,1779,1016,0,0,68.56,109.0
2879,3448,483,0,3,466.85,64.59
2880,102,849,0,0,603.46,86.96
2881,2941,1128,0,0,349.19,9.22
2882,561,599,0,1,94.23,47.83
2883,3,181,1,0,1067.8,60.86
2884,1304,74,2,1,309.33,25.87
2885,1134,647,0,2,514.5,37.11
2886,3566,528,0,0,761.59,6.57
2887,235,1043,0,1,538.5,59.22
2888,1745,925,1,0,482.68,11.97
2889,3047,256,1,0,234.15,14.1
2890,2850,642,0,0,320.66,9.62
2891,2694,538,0,3,166.76,35.65
2892,1424,229,0,0,292.36,16.62
2893,1514,354,1,2,197.58,59.1
2894,3475,673,0,2,338.81,16.03
2895,3541,423,2,0,1021.73,31.38
2896,463,869,0,0,322.21,81.59
2897,3839,622,0,1,236.4,3.74
2898,1073,834,0,3,245.15,72.1
2899,3286,479,0,0,377.3,69.9
2900,933,678,1,2,211.85,19.92
2901,992,568,1,1,254.56,14.94
2902,3384,191,2,1,557.47,23.73
2903,388,162,0,1,609.06,32.43
2904,3389,541,1,1,275.51,60.91
2905,6,134,2,2,452.29,12.5
2906,1455,931,1,2,195.77,68.86
2907,3750,226,2,0,402.11,14.08
2908,2321,118,0,1,85.61,61.09
2909,2696,561,0,0,337.55,5.18
2910,3007,737,1,2,457.31,59.89
2911,2296,802,1,2,406.53,13.93
2912,2352,980,0,0,144.37,20.01
2913,2351,18,0,2,215.75,40.08
2914,111,49,0,2,243.22,15.61
2915,3878,589,1,3,357.49,44.07
2916,867,988,1,1,1069.33,28.46
2917,1211,1129,0,2,165.1,12.56
2918,1023,505,0,1,354.46,49.3
2919,3139,855,2,2,316.36,42.89
2920,2037,28,0,0,128.47,14.9
2921,951,353,2,0,974.48,53.57
2922,270,250,1,0,451.73,69.88
2923,1815,772,1,2,275.17,35.74
2924,718,519,0,0,111.81,52.09
2925,3972,488,0,3,116.31,50.52
2926,1015,941,0,1,241.54,13.39
2927,4122,968,2,0,844.71,43.03
2928,2315,357,0,0,207.13,67.4
2929,206,81,0,1,291.72,42.1
2930,2224,1124,0,2,186.75,37.62
2931,3133,613,2,0,469.35,16.9
2932,1893,480,0,0,163.86,107.75
2933,2256,645,1,0,175.61,18.66
2934,1718,24,2,0,2126.18,16.21
2935,1399,178,1,0,253.71,48.29
2936,2489,932,0,2,642.53,32.51
2937,812,1200,1,2,210.68,25.07
2938,3636,131,1,0,375.35,44.72
2939,1986,257,1,1,499.08,62.42
2940,2028,736,1,1,224.31,45.62
2941,2940,649,2,3,403.74,29.96
2942,569,191,0,0,207.32,34.48
2943,121,451,1,0,166.65,26.24
2944,3720,832,1,1,481.72,25.07
2945,2291,47,0,0,415.44,8.65
2946,3248,841,0,0,385.14,34.99
2947,1319,1103,1,2,842.13,37.08
2948,2183,382,0,0,258.79,63.71
2949,3344,948,0,0,216.85,65.47
2950,43,1119,0,0,95.45,8.33
2951,3521,719,1,0,576.76,93.38
2952,2366,30,0,0,188.17,39.57
2953,3860,620,1,1,1341.92,23.1
2954,2371,1113,0,2,182.87,5.06
2955,512,880,1,1,246.37,67.63
2956,4015,847,0,0,159.92,34.14
2957,1001,851,1,0,487.99,69.38
2958,1831,980,1,2,240.18,14.95
2959,225,1003,0,2,374.07,32.66
2960,390,337,0,1,171.09,15.87
2961,1070,1025,1,1,400.02,32.73
2962,33,27,0,1,146.05,52.7
2963,717,915,1,1,472.14,26.59
2964,2347,953,0,0,428.45,56.88
2965,2320,1016,0,0,126.64,0.0
2966,1753,493,0,0,154.31,29.44
2967,723,222,0,0,152.0,7.56
2968,2035,675,0,0,87.35,25.83
2969,3930,866,1,2,370.96,14.77
2970,1667,49,1,3,512.76,39.72
2971,1300,301,0,1,297.25,11.46
2972,3339,900,0,1,117.57,7.9
2973,1892,724,0,2,193.79,11.41
2974,2108,801,2,3,472.35,19.34
2975,867,988,1,2,1141.1,18.79
2976,1659,200,1,1,584.48,64.73
2977,2913,552,0,1,397.44,34.92
2978,3363,1009,1,3,550.35,39.11
2979,2823,1144,1,0,1041.39,61.83
2980,3633,512,0,0,250.7,24.62
2981,1180,1041,2,0,328.99,11.91
2982,2543,1029,1,0,347.08,51.33
2983,1181,992,0,0,403.62,20.93
2984,2472,502,1,0,991.65,33.04
2985,3251,909,0,2,290.65,25.96
2986,169,85,0,1,176.8,22.67
2987,2372,513,0,2,150.9,65.51
2988,671,317,0,2,219.48,28.48
2989,555,849,0,2,660.87,4.62
2990,143,58,0,2,376.47,26.34
2991,3987,335,0,2,148.4,20.91
2992,3578,696,0,1,184.16,57.5
2993,953,1150,0,0,527.62,16.76
2994,3572,791,1,1,420.38,31.05
2995,3591,121,2,0,932.64,14.97
2996,3964,134,2,2,406.1,60.35
2997,683,852,0,2,415.74,10.73
2998,1428,78,0,0,394.67,90.49
2999,616,37,0,2,327.48,15.79
3000,2234,824,1,3,311.46,91.74
3001,1158,988,1,0,1059.49,33.53
3002,46,828,1,0,534.48,10.36
3003,2,416,2,2,803.13,39.69
3004,2717,503,2,1,334.04,86.76
3005,3790,430,1,1,1044.45,20.65
3006,2185,811,2,3,757.32,15.66
3007,3146,763,0,3,332.57,75.12
3008,140,181,0,0,629.19,34.22
3009,2957,748,2,3,804.71,40.73
3010,825,1066,0,2,319.14,11.66
3011,2428,959,0,1,320.43,19.46
3012,1747,28,1,0,202.04,32.46
3013,2060,262,1,2,152.6,10.19
3014,3046,517,2,0,700.7,25.51
3015,1277,1165,0,2,359.23,30.77
3016,2815,11,1,0,319.7,60.28
3017,967,113,1,2,424.28,7.26
3018,1534,291,0,1,144.66,29.99
3019,1519,403,2,0,615.84,21.01
3020,896,36,1,1,306.52,65.28
3021,2317,678,0,2,186.32,40.22
3022,1076,922,2,1,912.63,16.37
3023,1823,61,1,2,397.99,44.89
3024,3016,442,0,0,82.64,34.33
3025,1463,265,0,0,303.39,35.52
3026,3027,775,0,0,145.24,20.31
3027,2340,337,1,3,241.95,13.12
3028,1358,475,0,2,205.82,12.67
3029,1320,1067,0,2,221.8,32.16
3030,2858,766,0,0,802.48,24.24
3031,2704,1017,2,3,353.64,8.53
3032,1767,57,0,3,296.02,31.1
3033,951,353,0,3,484.38,44.46
3034,2581,701,0,2,222.97,13.31
3035,1502,457,1,1,525.36,85.05
3036,1447,714,0,2,140.21,7.25
3037,2917,221,2,0,1756.83,19.73
3038,2092,8,1,3,751.88,61.04
3039,1982,1126,0,1,208.54,45.54
3040,2565,685,0,0,338.46,3.4
3041,1612,789,0,1,363.54,35.61
3042,1553,1014,0,0,314.92,19.73
3043,844,236,2,0,396.35,47.0
3044,4140,552,2,1,798.32,46.43
3045,2990,374,1,1,239.65,119.74
3046,2553,865,0,2,384.6,48.65
3047,1125,505,1,0,491.33,26.59
3048,3155,706,0,1,179.35,14.61
3049,1910,257,1,3,517.24,1.74
3050,2569,495,0,0,173.19,14.42
3051,2393,897,0,2,296.87,19.75
3052,96,572,0,0,107.09,68.73
3053,2549,907,0,3,342.92,76.25
3054,2181,133,0,1,192.21,30.79
3055,2581,701,1,3,422.68,0.1
3056,3940,1020,1,1,246.66,37.64
3057,3136,890,0,2,718.09,3.26
3058,96,572,0,1,131.23,12.27
3059,2918,1161,1,0,329.31,7.9
3060,2995,374,0,1,145.09,15.68
3061,797,768,0,0,183.84,86.18
3062,3287,723,2,0,284.08,11.74
3063,552,502,0,2,556.44,2.49
3064,2116,681,0,2,221.07,13.36
3065,735,827,2,0,805.49,33.45
3066,2674,557,1,3,362.38,10.91
3067,2584,1148,1,3,352.58,32.54
3068,2426,1127,1,3,267.16,10.16
3069,3121,1056,0,0,180.0,15.99
3070,2632,490,0,2,85.01,7.37
3071,2130,701,1,0,401.94,26.99
3072,2014,247,0,0,385.56,27.64
3073,2988,255,0,1,692.1,9.6
3074,1937,568,1,1,223.97,16.14
3075,1083,212,0,2,250.41,21.88
3076,1329,894,0,0,155.72,43.32
3077,1683,821,1,0,291.01,42.39
3078,3632,745,1,3,972.7,33.45
3079,2975,950,1,2,902.85,40.55
3080,1510,358,0,3,211.1,10.78
3081,1700,484,2,0,564.86,35.69
3082,77,22,2,3,390.2,31.62
3083,3847,578,0,0,172.4,48.86
3084,1066,94,0,1,273.97,31.71
3085,2790,373,1,0,441.16,34.39
3086,768,539,0,0,45.0,23.65
3087,2129,865,0,1,384.34,9.05
3088,2404,279,0,1,397.86,39.65
3089,2325,701,1,2,372.56,24.53
3090,2689,1139,0,3,273.33,8.1
3091,3351,88,2,1,326.17,41.11
3092,1359,993,0,1,363.81,9.88
3093,3530,380,0,0,128.57,30.14
3094,4001,236,0,0,161.7,6.71
3095,3274,642,0,0,374.01,86.85
3096,3292,163,1,0,347.98,46.18
3097,4080,110,2,0,351.74,19.94
3098,3707,645,2,3,338.18,47.65
3099,2453,261,0,3,344.42,38.78
3100,1742,551,0,0,173.99,16.73
3101,2151,368,0,2,232.9,72.03
3102,213,259,0,2,663.32,119.14
3103,184,613,0,0,140.66,34.35
3104,3071,170,1,2,400.04,33.33
3105,2639,563,0,2,151.69,25.31
3106,4115,281,2,0,650.98,20.74
3107,1675,967,1,0,274.87,51.89
3108,630,1080,1,3,239.15,19.19
3109,3365,456,0,1,315.52,38.55
3110,23,888,0,3,225.04,40.52
3111,686,378,1,2,505.94,39.17
3112,3241,563,0,0,122.68,46.5
3113,2740,374,1,2,204.28,21.79
3114,1956,59,1,1,350.52,22.23
3115,4105,834,0,0,144.88,119.94
3116,1780,1169,0,1,223.37,48.0
3117,2809,712,0,2,312.76,27.68
3118,3092,793,1,1,508.47,12.86
3119,2464,124,1,1,454.91,15.43
3120,2596,72,1,1,578.91,48.12
3121,1296,372,0,0,119.48,30.11
3122,29,838,0,0,167.63,55.81
3123,3697,686,1,1,540.21,29.64
3124,2402,612,0,2,145.85,59.95
3125,3021,900,0,2,147.36,21.45
3126,2722,444,0,1,299.51,33.67
3127,1139,688,1,0,301.08,50.51
3128,1022,793,2,0,841.72,43.49
3129,1983,1065,1,0,241.02,48.79
3130,82,185,0,1,265.48,29.5
3131,3218,1037,2,1,489.0,17.78
3132,1688,1159,1,2,1087.41,83.93
3133,2908,567,2,0,1572.42,56.99
3134,3032,324,0,1,161.5,50.07
3135,1587,95,1,1,199.77,6.65
3136,3810,378,2,2,857.18,73.5
3137,1996,124,0,1,208.94,0.0
3138,1278,553,1,0,355.86,41.33
3139,208,1126,0,3,278.45,16.54
3140,2073,644,0,0,675.75,56.41
3141,1319,1103,2,0,1456.87,35.21
3142,598,955,1,0,189.14,52.06
3143,2964,1099,0,2,376.16,6.26
3144,2869,1007,2,1,418.2,47.93
3145,1449,396,1,1,486.42,42.48
3146,3742,1080,1,1,246.75,25.61
3147,111,49,0,3,419.32,16.97
3148,406,481,0,2,45.0,28.77
3149,181,836,0,3,238.34,49.9
3150,1889,416,0,2,309.27,12.52
3151,3455,851,2,1,732.98,14.98
3152,3995,940,0,0,680.1,18.96
3153,3419,1099,1,0,521.87,31.62
3154,1985,1065,2,1,458.35,23.07
3155,3375,614,0,0,329.39,38.19
3156,2275,740,0,3,303.81,17.24
3157,2435,455,0,1,516.08,8.62
3158,478,469,1,0,342.24,60.98
3159,1278,553,1,2,262.49,7.71
3160,3936,93,2,2,384.9,26.29
3161,1861,439,1,2,303.42,15.89
3162,141,710,0,0,226.18,65.55
3163,9,974,0,2,183.84,10.25
3164,2048,782,0,2,277.61,35.59
3165,391,820,0,1,194.82,8.61
3166,1405,221,0,2,700.43,49.26
3167,3085,192,0,2,624.62,32.72
3168,2849,1020,1,0,377.26,22.98
3169,2867,425,0,0,717.88,28.86
3170,3566,528,0,0,722.29,16.28
3171,2443,799,0,3,178.08,30.53
3172,2977,684,0,1,131.09,35.45
3173,2147,611,0,2,96.52,66.56
3174,1029,535,1,0,203.97,18.94
3175,119,154,0,1,772.24,26.75
3176,1009,557,0,0,89.85,8.24
3177,3177,186,0,3,424.32,31.11
3178,1804,861,0,0,159.91,38.48
3179,1502,457,0,0,272.86,48.12
3180,3760,500,0,0,175.54,60.66
3181,912,207,1,3,387.52,24.1
3182,3416,311,0,2,708.2,55.25
3183,125,1081,0,1,344.2,106.64
3184,1205,1155,0,1,301.12,72.5
3185,3706,808,0,2,341.32,77.78
3186,4152,967,0,3,159.67,46.01
3187,1015,941,1,2,448.79,0.84
3188,1570,968,0,1,286.46,34.79
3189,914,1108,2,2,301.27,63.55
3190,2938,438,2,0,384.53,31.33
3191,1867,928,0,0,265.64,0.0
3192,1014,399,0,1,858.64,64.14
3193,189,559,1,1,226.73,52.76
3194,629,966,1,0,257.69,15.02
3195,2645,62,0,1,250.28,42.06
3196,1718,24,0,1,867.78,32.5
3197,1945,565,0,0,149.42,6.46
3198,613,1097,2,1,506.48,82.34
3199,604,210,1,1,246.98,12.3
3200,3346,51,1,1,483.14,44.47
3201,382,130,0,1,361.85,84.55
3202,892,558,1,2,296.55,49.0
3203,3683,1025,0,1,276.0,35.07
3204,703,964,0,1,332.43,26.2
3205,3984,1119,1,2,221.03,14.74
3206,602,270,2,0,1670.74,15.75
3207,560,325,0,0,151.31,10.86
3208,3908,336,0,0,346.8,12.29
3209,303,1016,0,0,79.94,14.52
3210,3449,558,0,0,149.65,38.11
3211,2464,124,0,0,296.46,13.08
3212,716,28,0,0,198.08,15.06
3213,1160,1149,0,0,221.8,5.86
3214,1032,856,2,0,428.25,7.73
3215,2420,517,1,1,567.11,43.77
3216,1671,61,1,0,452.84,7.23
3217,4088,15,1,0,451.74,12.54
3218,1419,554,0,1,82.2,103.96
3219,2161,651,0,0,128.8,45.62
3220,4054,9,0,2,243.18,30.04
3221,2112,1192,1,1,464.79,1.68
3222,2830,1111,0,0,335.95,12.21
3223,1699,1043,0,0,676.49,39.08
3224,3760,500,1,0,292.58,34.28
3225,3636,131,0,3,213.0,16.98
3226,2445,952,0,2,343.49,36.9
3227,1647,398,0,0,370.95,17.8
3228,4078,127,1,2,521.53,13.37
3229,558,547,1,0,467.58,37.27
3230,873,849,0,0,725.42,39.26
3231,1578,875,0,3,122.23,23.42
3232,2736,698,1,0,557.07,23.15
3233,2450,469,0,0,187.26,56.07
3234,3393,328,0,0,296.54,22.21
3235,2044,323,2,0,918.38,12.38
3236,1265,528,2,0,1746.32,68.91
3237,2178,156,2,0,806.77,152.93
3238,2027,821,2,0,376.14,71.5
3239,3113,525,0,2,165.96,101.98
3240,1920,513,1,0,171.39,12.35
3241,2874,711,0,1,339.25,11.51
3242,4198,63,1,3,372.03,28.01
3243,2479,420,0,0,215.19,64.0
3244,3806,789,0,2,336.43,36.17
3245,1049,699,1,2,443.38,14.95
3246,1225,897,0,1,348.8,10.44
3247,218,706,0,3,230.27,23.66
3248,428,191,0,1,276.51,20.5
3249,2459,493,1,3,469.61,13.15
3250,2497,20,0,3,338.64,17.63
3251,511,973,1,3,274.25,20.04
3252,3958,1195,0,1,212.95,12.7
3253,3878,589,1,2,280.37,45.19
3254,1431,14,1,2,220.42,53.1
3255,3277,695,1,0,479.09,41.07
3256,1765,961,0,2,332.04,6.89
3257,1007,1188,0,0,668.99,120.78
3258,3718,194,0,1,344.82,3.12
3259,3495,888,0,0,276.6,46.74
3260,1472,877,0,0,132.71,27.07
3261,3882,1138,0,2,207.21,56.64
3262,1436,1156,0,2,215.04,73.46
3263,2857,436,0,2,149.76,12.91
3264,1051,1169,0,0,174.77,22.53
3265,372,142,0,3,124.87,1.13
3266,3815,137,1,2,357.01,18.36
3267,40,392,1,1,304.59,42.45
3268,3443,896,0,3,149.61,33.41
3269,3072,1103,0,3,616.2,42.17
3270,3868,396,0,3,376.9,31.96
3271,3013,1110,0,0,333.58,96.32
3272,1033,286,2,1,621.19,13.93
3273,2811,859,0,0,569.97,21.56
3274,532,637,1,1,567.52,16.68
3275,1243,879,0,0,358.04,49.32
3276,1593,726,1,1,151.59,24.2
3277,1163,891,0,0,270.64,28.37
3278,4113,815,0,3,181.79,24.43
3279,4037,1137,1,0,213.45,25.63
3280,1126,250,0,2,246.68,47.54
3281,3848,61,1,2,365.36,48.97
3282,4150,378,2,2,913.77,49.9
3283,3372,83,0,2,766.11,38.68
3284,2173,588,0,2,286.74,29.1
3285,3129,477,1,1,982.41,32.66
3286,3183,978,0,1,142.79,18.12
3287,1332,31,1,2,726.11,58.91
3288,2035,675,0,0,68.58,34.69
3289,802,245,1,0,444.07,12.3
3290,2399,583,1,0,1244.32,14.99
3291,3566,528,0,1,680.51,21.66
3292,2173,588,0,3,371.18,50.86
3293,1767,57,2,0,570.61,10.29
3294,1561,1056,0,0,160.28,39.67
3295,2417,625,0,0,191.19,15.44
3296,798,998,2,1,458.7,63.1
3297,945,247,1,0,508.69,16.59
3298,2058,685,0,2,334.19,62.76
3299,3776,61,2,1,795.3,91.16
3300,2953,427,0,2,45.0,65.29
3301,859,517,0,2,334.61,85.05
3302,289,529,1,2,415.79,96.63
3303,257,680,0,1,685.09,31.09
3304,3534,804,1,2,188.09,83.83
3305,997,919,0,3,196.57,20.01
3306,81,345,2,1,848.2,40.31
3307,1890,850,2,0,211.53,49.07
3308,2430,949,1,2,258.71,10.99
3309,2307,492,0,0,142.84,6.2
3310,1122,73,1,1,240.74,15.99
3311,1201,732,0,2,167.78,18.41
3312,4163,777,1,2,308.75,29.92
3313,3203,731,0,3,212.26,52.28
3314,2839,1104,2,1,310.92,11.59
3315,2849,1020,1,2,339.17,44.54
3316,3677,457,2,2,811.09,60.23
3317,294,16,1,0,236.03,97.88
3318,1154,219,0,1,202.74,46.37
3319,4103,149,1,0,234.66,21.3
3320,382,130,0,3,468.22,15.97
3321,1464,455,2,0,1273.34,21.88
3322,21,606,2,0,548.79,30.51
3323,1215,91,0,0,289.11,3.85
3324,898,985,1,1,288.09,22.78
3325,353,869,1,2,543.11,17.05
3326,2613,412,0,0,321.13,38.39
3327,3108,573,1,1,203.97,79.3
3328,2067,814,1,0,1163.85,78.04
3329,2345,960,0,0,626.22,22.72
3330,2621,127,2,3,936.5,43.73
3331,323,1161,0,2,191.7,40.04
3332,579,1142,2,0,355.85,28.09
3333,3975,761,2,3,751.06,4.36
3334,941,1173,0,0,641.38,48.55
3335,3997,452,1,2,990.82,33.04
3336,2833,570,1,1,245.55,49.91
3337,3855,1181,2,3,900.6,4.07
3338,3381,744,1,0,209.99,24.74
3339,608,398,1,3,474.63,77.07
3340,4109,47,2,0,922.98,15.32
3341,2465,827,2,0,695.78,43.15
3342,2335,391,1,0,591.55,14.41
3343,1791,323,1,0,540.73,66.25
3344,3144,595,2,0,1303.78,30.69
3345,3469,1025,1,0,459.1,6.07
3346,4153,567,0,2,632.76,15.39
3347,2386,817,1,2,261.57,39.05
3348,352,129,2,2,424.45,8.99
3349,2651,775,0,3,220.54,31.75
3350,2097,607,1,3,514.53,87.27
3351,3531,323,0,3,418.83,47.85
3352,3825,212,0,1,202.88,34.29
3353,2251,1127,0,3,108.47,109.75
3354,2382,1124,0,0,188.32,14.59
3355,3943,388,1,1,774.02,20.44
3356,1675,967,0,1,276.88,39.54
3357,3831,466,0,1,346.75,51.87
3358,2790,373,0,2,242.44,47.49
3359,1928,446,1,0,422.78,16.42
3360,3296,281,0,0,260.52,34.42
3361,4055,284,0,0,221.49,3.88
3362,549,843,0,1,155.09,2.82
3363,3695,81,0,2,103.29,26.05
3364,618,1009,0,0,264.19,94.07
3365,3116,938,0,0,265.07,88.24
3366,1802,627,0,0,292.17,46.23
3367,3238,24,0,0,917.84,24.82
3368,2811,859,1,0,1023.42,15.43
3369,2393,897,0,0,354.29,20.57
3370,3830,673,0,0,234.6,66.41
3371,3730,237,0,2,425.73,68.98
3372,1500,567,0,2,654.27,41.35
3373,2345,960,2,3,1467.92,22.67
3374,3197,57,1,0,303.29,17.89
3375,3873,593,0,1,147.51,85.16
3376,1934,606,0,0,229.76,39.62
3377,2740,374,0,1,149.54,26.37
3378,1735,1123,1,2,226.58,6.02
3379,1983,1065,0,2,221.39,25.53
3380,1137,932,2,2,1690.51,7.9
3381,1033,286,0,0,233.33,54.42
3382,3824,729,1,1,304.4,23.04
3383,1062,462,2,2,767.47,8.34
3384,448,781,0,0,130.52,75.23
3385,3716,582,1,0,589.65,25.9
3386,274,294,0,0,596.05,32.36
3387,2662,667,0,2,206.27,13.52
3388,3839,622,1,0,294.06,9.52
3389,1968,635,1,2,1029.6,44.79
3390,2109,663,0,1,204.96,16.79
3391,3629,1003,0,2,247.63,0.0
3392,491,498,0,1,205.59,12.0
3393,765,499,1,1,510.13,35.53
3394,1262,502,2,0,1689.86,79.65
3395,1846,589,1,2,183.59,46.99
3396,3209,730,1,1,516.1,2.6
3397,1499,1023,0,1,310.03,54.13
3398,1011,460,2,3,388.01,33.65
3399,2495,307,0,0,323.79,16.01
3400,2861,1175,1,2,917.73,5.95
3401,2878,184,0,0,194.87,50.65
3402,3736,895,1,0,277.59,30.13
3403,888,737,0,0,225.4,19.09
3404,2080,1160,1,0,303.14,24.71
3405,3466,1039,0,0,104.06,41.03
3406,3430,1162,0,3,360.64,31.12
3407,3345,410,1,1,1039.85,38.44
3408,1112,124,0,1,297.73,17.24
3409,1960,1131,1,1,242.17,56.08
3410,2211,1109,1,2,825.74,7.27
3411,301,101,0,0,205.55,29.04
3412,157,377,0,3,405.16,69.68
3413,2493,645,0,0,164.53,19.8
3414,3919,523,0,0,298.51,28.26
3415,3998,163,0,0,231.55,15.36
3416,1757,753,0,2,229.5,4.49
3417,3945,513,1,2,157.41,7.61
3418,3955,152,0,0,155.53,22.18
3419,4101,140,0,0,244.9,34.85
3420,1820,406,0,2,171.06,90.78
3421,1097,753,1,1,437.65,21.0
3422,1341,298,1,3,1200.25,42.11
3423,2366,30,0,2,46.52,71.09
3424,1854,803,2,3,406.83,92.51
3425,1261,205,0,0,150.77,62.71
3426,2966,90,1,1,1150.19,16.73
3427,144,423,0,0,470.09,18.15
3428,985,620,0,1,764.9,98.05
3429,1821,497,1,3,1013.15,82.76
3430,3757,743,0,0,155.43,7.22
3431,1801,419,0,0,294.6,46.67
3432,1846,589,1,0,249.41,47.92
3433,3935,332,0,1,306.77,68.74
3434,2161,651,0,2,94.3,55.93
3435,3242,835,1,0,354.4,62.18
3436,946,264,0,0,389.4,4.72
3437,3671,752,1,0,272.09,48.19
3438,3127,225,0,0,744.72,41.38
3439,2783,402,1,0,1196.48,42.65
3440,2327,1175,1,3,1044.96,73.88
3441,120,219,1,2,176.06,44.96
3442,2698,1131,1,0,238.76,35.32
3443,4147,806,2,2,857.96,20.08
3444,2829,911,0,0,246.58,52.61
3445,394,769,1,1,174.11,31.49
3446,1753,493,1,0,225.65,82.44
3447,3636,131,1,0,146.88,11.87
3448,102,849,0,3,557.82,9.5
3449,644,779,0,3,259.13,15.27
3450,2783,402,0,1,785.85,25.56
3451,1307,1072,0,2,208.62,18.83
3452,2845,444,1,3,466.47,55.72
3453,194,710,1,0,274.83,78.2
3454,2783,402,0,2,802.66,41.18
3455,456,443,0,1,162.56,37.34
3456,1024,468,0,0,338.01,32.32
3457,3869,149,0,3,195.82,36.48
3458,2159,441,1,2,1088.65,52.48
3459,1941,555,0,0,630.12,42.78
3460,2378,394,0,0,811.55,8.22
3461,3502,907,1,2,403.47,24.87
3462,2685,724,0,3,193.18,55.84
3463,2110,764,0,0,112.84,19.58
3464,2299,1122,0,1,307.63,7.04
3465,1211,1129,2,3,476.37,29.39
3466,190,398,0,0,230.45,37.37
3467,3849,32,0,1,231.19,52.37
3468,3447,732,1,0,292.73,54.49
3469,1976,916,1,2,545.31,14.78
3470,1918,1053,1,0,609.97,38.83
3471,1403,444,2,0,650.95,15.18
3472,392,545,0,2,309.18,22.5
3473,2172,715,1,0,1221.5,17.28
3474,1373,35,1,1,1075.89,27.86
3475,3012,1022,1,2,296.5,18.72
3476,25,405,0,3,312.22,17.75
3477,358,31,1,1,503.57,14.04
3478,3836,977,1,2,141.01,60.32
3479,3202,541,0,0,200.97,18.29
3480,1583,621,1,2,589.48,23.99
3481,2074,568,0,3,194.24,31.64
3482,879,1155,2,0,591.22,30.6
3483,1050,197,2,2,391.34,30.13
3484,1915,837,1,0,360.99,87.91
3485,3649,426,0,2,155.06,16.1
3486,2760,289,0,3,92.91,56.39
3487,1063,405,0,2,415.3,54.86
3488,3835,69,2,2,258.35,52.62
3489,2612,935,0,2,66.34,8.83
3490,3438,547,0,2,353.17,39.33
3491,982,153,1,2,443.63,71.21
3492,1746,533,0,1,242.05,66.03
3493,1323,1031,1,2,1125.6,11.81
3494,289,529,1,0,434.0,115.94
3495,3626,915,0,3,348.23,18.34
3496,2479,420,0,0,246.32,17.21
3497,730,242,1,0,461.73,43.29
3498,17,113,0,2,253.46,23.32
3499,1118,974,1,2,280.46,25.07
3500,1564,513,0,2,159.05,43.43
3501,1543,812,0,2,744.28,53.84
3502,3191,849,0,1,666.66,21.52
3503,3428,22,1,1,294.85,9.64
3504,1062,462,1,0,496.7,26.86
3505,3901,1094,1,2,304.39,28.5
3506,2454,1097,2,0,620.95,113.04
3507,2349,405,0,1,358.95,32.79
3508,2561,533,2,0,747.06,24.2
3509,4074,433,0,0,235.53,2.18
3510,3298,752,0,0,175.99,54.02
3511,2048,782,0,2,207.72,0.52
3512,3759,255,1,0,972.5,22.29
3513,3842,1013,0,1,550.88,19.69
3514,1270,524,1,0,483.19,34.07
3515,592,22,2,0,403.03,44.73
3516,3233,1005,1,2,587.87,39.75
3517,3908,336,0,2,386.74,0.0
3518,2319,333,1,3,524.46,48.41
3519,2438,1151,2,1,608.41,12.3
3520,3069,535,0,0,167.44,66.78
3521,3322,377,1,0,590.47,18.41
3522,659,580,2,1,384.97,12.37
3523,3742,1080,0,2,239.15,59.25
3524,3909,149,0,0,206.9,68.17
3525,472,523,0,2,275.45,2.2
3526,3584,508,0,0,123.1,25.86
3527,3720,832,0,3,284.34,10.46
3528,3474,369,1,0,120.4,26.31
3529,31,166,1,0,403.91,11.53
3530,2668,532,1,2,936.16,48.23
3531,1719,915,1,0,431.13,23.44
3532,3261,127,2,0,836.0,21.11
3533,3719,659,0,0,632.78,70.05
3534,949,116,0,2,237.17,28.27
3535,1294,18,1,3,326.1,19.6
3536,3032,324,1,2,243.17,27.48
3537,1164,490,2,0,190.07,50.41
3538,3457,888,0,0,208.61,58.19
3539,3752,467,1,0,224.07,42.51
3540,2612,935,0,2,134.86,35.26
3541,1531,225,0,1,642.54,67.91
3542,385,601,0,1,197.21,23.53
3543,1496,33,1,3,156.83,13.45
3544,2152,687,1,3,336.9,11.67
3545,3211,489,0,0,193.94,87.87
3546,2864,1175,2,2,1365.32,74.24
3547,3292,163,0,1,147.57,26.23
3548,1533,961,2,2,745.26,111.79
3549,1075,679,1,0,1084.49,22.97
3550,1502,457,0,2,306.95,20.2
3551,1355,793,1,0,517.39,32.07
3552,3016,442,1,0,305.6,38.44
3553,2534,7,0,0,259.54,100.57
3554,1131,1048,0,2,310.63,4.57
3555,3415,23,0,0,261.56,24.25
3556,868,186,1,0,569.97,64.81
3557,3224,885,1,0,537.62,29.08
3558,2749,944,1,0,266.65,14.81
3559,3636,131,0,2,248.66,28.24
3560,3546,652,0,3,179.68,43.06
3561,2276,689,0,1,344.02,18.02
3562,309,228,1,2,508.44,28.89
3563,1925,77,0,3,195.88,23.42
3564,951,353,1,0,562.08,25.97
3565,2452,324,2,0,391.51,31.41
3566,845,1089,1,2,595.11,7.93
3567,2603,64,1,1,303.59,13.84
3568,3756,471,1,0,552.48,11.75
3569,223,602,1,0,262.39,42.53
3570,886,652,0,0,111.32,75.47
3571,3332,936,0,0,266.49,36.45
3572,2440,762,0,2,145.31,36.33
3573,3570,607,0,2,385.53,21.46
3574,2293,910,0,3,312.28,73.57
3575,136,450,0,2,145.35,32.74
3576,631,863,0,2,140.76,50.81
3577,3298,752,1,0,180.61,14.39
3578,1119,212,1,2,324.23,40.59
3579,1830,610,1,1,468.88,12.34
3580,2363,853,0,1,155.68,34.76
3581,2646,376,0,1,150.12,15.86
3582,1230,641,1,2,1079.89,26.97
3583,573,50,2,1,419.21,28.0
3584,89,1082,0,2,93.62,90.77
3585,3517,312,0,1,165.71,44.91
3586,19,831,0,0,755.01,69.61
3587,528,160,2,2,178.66,84.4
3588,3739,939,0,1,422.5,15.04
3589,237,910,0,2,330.84,34.18
3590,2852,599,0,3,131.67,9.82
3591,1310,826,1,2,523.87,45.32
3592,103,1041,0,0,110.52,22.94
3593,1084,718,1,1,224.27,47.61
3594,3345,410,1,1,1092.45,32.57
3595,710,521,0,1,69.78,7.55
3596,3903,277,1,2,257.75,32.2
3597,845,1089,1,1,612.42,35.33
3598,2990,374,1,2,251.69,50.91
3599,1158,988,1,1,1073.84,21.22
3600,476,21,2,2,293.11,21.38
3601,1185,276,0,0,217.53,32.58
3602,1268,711,0,2,355.04,40.12
3603,1810,603,0,2,171.05,36.97
3604,2741,213,0,0,266.55,57.68
3605,2006,1009,1,1,337.68,52.33
3606,1288,1196,0,1,819.15,19.04
3607,3586,119,0,3,88.68,18.77
3608,163,1083,1,0,929.32,40.68
3609,4035,1110,0,2,378.41,74.78
3610,613,1097,0,1,178.01,58.52
3611,3700,1081,0,0,381.98,67.5
3612,4136,757,0,2,446.04,40.95
3613,1955,595,1,1,885.43,21.55
3614,3508,358,0,1,87.67,9.54
3615,3995,940,1,2,954.89,53.72
3616,2132,1024,1,2,268.35,58.49
3617,3453,396,0,2,338.05,85.51
3618,128,465,0,2,474.69,80.42
3619,3857,105,1,0,584.96,65.76
3620,2903,18,1,0,273.05,18.02
3621,1832,82,0,0,131.29,28.31
3622,2170,142,0,0,242.72,24.86
3623,1992,867,0,0,421.0,33.78
3624,282,936,0,2,203.66,7.47
3625,1041,509,0,0,396.94,16.56
3626,2742,737,1,0,478.06,62.11
3627,1988,569,1,0,614.3,43.56
3628,3031,641,0,0,722.15,8.51
3629,3033,1090,0,3,155.73,22.37
3630,3397,864,0,3,921.18,46.02
3631,2158,314,0,1,321.81,0.24
3632,3243,814,0,2,716.72,3.41
3633,2273,128,1,0,291.68,28.23
3634,1210,226,0,0,183.82,4.81
3635,2627,458,2,1,1691.47,27.47
3636,3358,55,0,1,387.91,47.6
3637,1716,1091,2,0,928.99,70.07
3638,1769,603,0,2,219.18,8.15
3639,1187,847,0,1,121.11,13.91
3640,1708,113,0,0,189.37,13.7
3641,1476,857,0,0,546.7,38.7
3642,2189,8,0,0,531.58,35.66
3643,2447,1114,0,3,794.59,12.1
3644,941,1173,1,2,945.81,72.72
3645,1375,815,1,1,241.21,29.53
3646,3774,738,1,1,233.19,8.94
3647,1295,1101,0,2,723.55,7.11
3648,2678,314,1,0,473.76,16.08
3649,3117,842,1,0,263.61,43.61
3650,3587,232,0,1,173.63,5.72
3651,1175,616,0,1,419.11,53.93
3652,3758,240,1,1,541.62,30.17
3653,2921,291,1,1,203.15,28.37
3654,1907,973,1,1,168.11,30.72
3655,2361,334,0,2,180.52,26.67
3656,3930,866,0,1,256.72,18.6
3657,2876,565,0,0,192.57,88.52
3658,19,831,1,2,990.57,34.59
3659,1529,233,0,1,104.72,32.28
3660,2797,1195,2,0,340.91,15.46
3661,544,105,0,0,379.51,31.64
3662,3768,932,0,0,656.6,4.84
3663,3839,622,2,1,431.04,6.42
3664,213,259,1,1,1050.86,40.42
3665,3001,949,1,1,401.62,33.45
3666,1136,293,0,2,87.78,34.39
3667,1700,484,0,1,273.08,44.14
3668,210,556,0,0,341.02,23.5
3669,2628,806,0,0,291.27,34.18
3670,2107,384,0,0,810.21,43.4
3671,2415,326,1,3,161.9,70.1
3672,1906,1146,0,2,412.83,6.69
3673,2536,563,0,2,189.8,41.01
3674,299,209,0,2,435.58,2.45
3675,2373,84,0,0,173.95,21.33
3676,2155,247,0,0,283.28,116.1
3677,3703,448,0,1,388.18,66.41
3678,3929,415,0,1,252.84,6.22
3679,769,121,1,0,475.66,27.28
3680,3605,344,0,0,605.92,66.3
3681,926,440,0,3,650.32,101.44
3682,3836,977,0,0,79.93,3.22
3683,633,14,1,0,181.42,88.49
3684,3597,641,0,0,692.85,101.18
3685,2261,1083,0,3,619.13,17.92
3686,1499,1023,1,0,518.48,50.0
3687,3873,593,1,2,312.02,9.29
3688,3059,955,1,1,253.29,0.0
3689,1704,367,2,0,280.84,35.23
3690,3272,1064,1,1,1019.54,33.2
3691,4143,856,0,2,135.46,15.99
3692,4054,9,1,0,324.02,65.43
3693,2079,329,0,1,203.88,77.24
3694,350,1097,0,1,181.74,30.76
3695,3599,370,0,0,221.03,36.18
3696,1325,484,1,1,420.98,0.0
3697,1663,725,1,0,374.85,61.44
3698,2000,719,1,3,656.43,53.23
3699,1582,127,1,0,592.34,38.84
3700,3425,660,0,0,211.14,13.5
3701,2533,1190,1,0,230.87,25.51
3702,2894,21,2,2,208.55,32.92
3703,506,1169,0,3,216.33,20.34
3704,3440,789,2,1,689.9,26.09
3705,1774,1161,1,2,279.12,33.14
3706,340,541,0,3,177.23,51.51
3707,857,652,0,2,141.8,2.8
3708,1083,212,1,3,315.2,21.58
3709,511,973,1,1,169.73,17.45
3710,2208,783,0,2,135.25,22.16
3711,4002,277,1,2,150.28,38.55
3712,1120,1078,1,3,1202.59,35.25
3713,683,852,2,1,924.88,9.14
3714,1796,106,0,1,418.89,10.69
3715,26,695,0,2,310.35,82.26
3716,2388,949,0,2,209.04,21.25
3717,358,31,1,3,607.87,29.74
3718,3536,371,2,2,407.77,38.84
3719,2596,72,1,0,477.91,13.54
3720,28,1057,0,1,812.36,21.51
3721,1852,660,1,2,191.05,69.36
3722,3198,1052,0,0,827.97,31.95
3723,1787,816,2,0,594.39,19.85
3724,1637,416,2,2,764.57,47.47
3725,3451,127,0,3,410.89,50.34
3726,2010,111,1,0,526.75,66.4
3727,1874,742,0,0,194.66,34.99
3728,730,242,2,0,746.47,18.73
3729,2949,50,0,1,207.18,50.2
3730,2167,673,0,0,308.55,21.0
3731,3812,547,0,1,240.29,3.01
3732,1797,1156,0,1,82.22,3.73
3733,2240,61,0,3,290.93,10.32
3734,4110,325,0,3,50.93,21.03
3735,3131,235,1,0,1054.35,100.88
3736,2084,932,0,0,639.19,52.82
3737,994,85,1,2,244.4,24.27
3738,818,587,0,1,331.57,6.7
3739,352,129,0,0,183.93,5.63
3740,3836,977,1,0,211.07,26.41
3741,1022,793,0,1,410.3,12.63
3742,3035,452,0,0,772.03,28.51
3743,2117,912,1,1,168.17,40.87
3744,3604,594,1,0,494.58,31.99
3745,3557,716,0,0,717.07,58.9
3746,1613,581,1,2,894.16,36.22
3747,1950,855,1,2,235.74,22.65
3748,827,526,1,1,360.55,57.64
3749,3641,1048,0,1,229.17,86.7
3750,3880,907,1,0,397.43,2.31
3751,2625,814,0,0,733.3,25.38
3752,2839,1104,0,2,127.88,10.65
3753,720,563,0,0,188.47,22.96
3754,2552,344,0,2,520.47,38.73
3755,3862,519,1,2,215.11,43.05
3756,1006,541,0,0,123.64,16.87
3757,3420,842,1,0,381.33,21.68
3758,3284,900,1,3,252.47,27.3
3759,3614,144,0,0,323.93,24.13
3760,4102,145,0,0,228.33,74.81
3761,2689,1139,1,3,294.64,52.49
3762,2748,321,0,3,291.57,90.63
3763,2261,1083,1,0,981.55,38.35
3764,1426,747,2,1,639.28,38.81
3765,4048,340,2,2,1874.17,21.1
3766,301,101,1,2,256.12,7.41
3767,2719,1031,0,0,679.55,90.12
3768,2118,468,0,0,318.85,9.8
3769,3445,27,2,1,346.19,57.66
3770,3562,266,1,0,113.65,16.21
3771,926,440,0,2,639.32,50.92
3772,1973,182,0,1,320.0,33.5
3773,731,857,0,3,698.8,8.84
3774,628,1098,0,3,233.44,3.82
3775,3645,659,0,2,638.87,27.67
3776,3570,607,2,0,792.74,57.12
3777,615,228,0,1,270.26,14.16
3778,2482,177,0,3,123.97,50.75
3779,3286,479,1,1,641.62,31.62
3780,620,697,0,2,308.08,0.0
3781,1688,1159,1,0,1122.47,4.35
3782,539,18,0,2,100.57,7.04
3783,574,1023,0,2,334.35,24.23
3784,3969,159,2,3,830.74,47.78
3785,1331,812,0,0,690.49,17.17
3786,3724,978,0,0,193.01,39.1
3787,1381,1012,0,0,411.36,60.27
3788,4033,832,1,0,458.0,3.39
3789,3799,835,2,0,409.86,66.14
3790,2421,622,0,2,205.85,39.35
3791,660,749,2,0,534.72,68.71
3792,810,1062,0,0,271.27,50.98
3793,3339,900,0,0,262.67,26.98
3794,2495,307,0,0,221.09,38.35
3795,3531,323,1,2,506.73,30.29
3796,2395,256,0,0,218.53,18.84
3797,1582,127,0,3,413.82,43.32
3798,3118,116,1,3,316.6,38.43
3799,2037,28,0,1,153.21,53.66
3800,2108,801,0,3,224.57,15.55
3801,1279,68,0,1,341.86,7.06
3802,3213,171,1,1,411.57,24.19
3803,717,915,2,0,748.14,2.8
3804,904,354,1,2,166.33,31.68
3805,1616,53,1,0,327.03,68.71
3806,3662,833,0,1,195.74,20.85
3807,3964,134,0,3,124.98,0.0
3808,2907,1077,0,0,299.49,23.73
3809,2889,627,1,0,438.82,22.23
3810,1544,511,1,3,347.33,89.69
3811,1043,471,0,2,240.8,16.65
3812,669,125,2,1,1819.92,33.88
3813,2227,867,0,3,467.89,2.95
3814,4086,77,1,1,249.37,15.49
3815,650,1051,1,3,264.66,14.03
3816,3004,563,2,1,395.47,48.09
3817,93,150,2,3,440.28,17.09
3818,2660,956,0,0,76.76,8.04
3819,3791,86,1,2,621.08,31.06
3820,3142,822,2,0,486.97,29.92
3821,4120,1089,0,0,402.9,33.26
3822,1071,845,2,1,315.9,27.13
3823,3803,478,0,0,293.16,19.71
3824,4117,183,2,0,260.06,45.89
3825,3755,599,2,1,322.78,57.12
3826,1524,1111,1,0,431.99,87.59
3827,4154,219,0,1,122.71,16.26
3828,664,119,0,1,157.69,48.98
3829,2378,394,1,1,1229.68,24.25
3830,1146,13,2,1,729.31,33.39
3831,1247,442,1,0,211.18,0.0
3832,2105,1152,2,0,407.99,101.56
3833,243,341,1,3,550.21,36.75
3834,2726,117,1,0,546.06,11.01
3835,2956,50,0,3,142.01,64.38
3836,1712,127,2,0,896.8,56.86
3837,676,318,1,3,595.84,11.16
3838,1746,533,0,0,298.46,31.41
3839,2445,952,0,2,402.25,25.79
3840,375,833,0,0,187.83,70.69
3841,4012,1046,0,1,115.53,61.67
3842,2810,15,1,1,471.77,43.95
3843,3242,835,0,1,227.23,28.59
3844,488,28,2,1,394.6,69.47
3845,394,769,0,0,97.07,46.27
3846,1443,863,2,2,338.43,19.83
3847,403,934,0,0,544.87,20.1
3848,1194,465,0,0,374.9,24.58
3849,4177,1088,2,0,1577.14,84.65
3850,4109,47,0,0,310.49,39.9
3851,3620,474,0,1,431.44,21.09
3852,4200,548,1,3,275.38,11.55
3853,3416,311,2,1,1667.79,34.36
3854,2840,154,1,2,1296.61,18.96
3855,857,652,0,0,232.54,5.74
3856,1748,998,1,2,323.84,22.82
3857,961,189,0,0,184.74,19.66
3858,2948,707,0,1,266.26,20.61
3859,1762,641,1,2,1111.01,10.56
3860,3760,500,1,1,324.52,26.8
3861,241,1188,0,3,659.32,10.68
3862,617,185,1,0,390.86,34.74
3863,2515,1148,0,0,192.95,68.84
3864,4095,851,0,0,334.31,34.74
3865,870,1087,0,1,236.63,60.55
3866,1852,660,1,1,298.66,40.8
3867,3860,620,1,0,1207.09,81.11
3868,4117,183,1,0,258.14,26.64
3869,2581,701,0,0,238.44,39.13
3870,492,842,2,0,504.4,39.25
3871,1579,674,1,1,530.2,5.3
3872,4145,982,0,2,241.54,26.36
3873,3227,627,0,0,371.94,54.21
3874,3060,933,0,2,142.92,1.75
3875,3388,556,1,0,506.13,16.72
3876,1542,280,2,0,702.47,49.39
3877,2756,10,0,0,52.91,28.08
3878,3623,948,0,2,176.63,30.34
3879,4141,853,0,2,45.0,28.36
3880,3663,637,0,0,319.62,7.76
3881,2647,270,0,1,646.05,119.7
3882,3404,123,1,3,620.5,11.95
3883,2637,1140,0,0,321.85,15.37
3884,2078,1092,1,0,1196.32,69.26
3885,3160,689,0,3,382.63,25.24
3886,133,1154,1,2,240.13,63.53
3887,3602,271,1,2,430.38,30.4
3888,2658,572,1,0,263.98,35.18
3889,3866,948,0,3,160.34,20.27
3890,3162,1097,1,1,344.29,21.01
3891,610,1144,1,1,1045.54,18.14
3892,2186,727,0,3,263.26,43.34
3893,3962,39,0,2,133.84,7.13
3894,883,51,0,1,290.25,14.78
3895,1954,303,0,2,251.47,27.04
3896,2543,1029,1,0,294.28,68.29
3897,144,423,0,3,447.27,9.94
3898,2577,277,1,3,166.29,10.03
3899,2336,17,1,0,890.79,63.4
3900,2172,715,2,1,1785.53,17.15
3901,3988,69,2,2,383.84,20.87
3902,373,590,0,0,110.45,49.3
3903,91,216,2,2,1497.31,50.81
3904,4019,1020,1,0,265.08,13.21
3905,2887,459,0,0,673.94,60.64
3906,4044,511,1,2,283.68,11.09
3907,2654,636,0,0,174.41,25.46
3908,3760,500,0,2,190.26,10.8
3909,3801,240,1,2,501.7,38.05
3910,1058,168,1,1,475.63,28.61
3911,1273,265,2,0,701.73,64.12
3912,3273,574,2,0,396.12,33.37
3913,977,1121,1,2,143.39,28.03
3914,1091,197,1,2,170.88,61.88
3915,1612,789,1,3,507.98,25.67
3916,1539,581,1,2,882.39,49.02
3917,72,133,2,2,348.18,29.98
3918,3671,752,1,3,350.2,87.6
3919,4032,1163,2,0,336.89,24.83
3920,1723,526,2,0,466.4,40.63
3921,1435,808,0,2,336.09,20.34
3922,4159,611,2,0,312.3,53.77
3923,1820,406,0,0,142.96,8.42
3924,880,478,0,0,382.18,3.77
3925,4050,580,1,0,212.53,97.41
3926,1605,605,0,1,89.63,51.71
3927,4097,816,1,1,444.68,25.91
3928,775,95,2,2,415.99,18.12
3929,3422,1046,0,3,138.69,86.65
3930,351,732,1,1,388.76,23.7
3931,1487,1181,2,2,846.7,78.37
3932,1557,347,2,2,786.87,40.96
3933,3684,975,1,0,345.33,22.25
3934,487,61,0,2,274.53,19.23
3935,3356,585,1,1,219.7,18.6
3936,2070,1170,1,2,539.71,84.63
3937,2653,111,0,2,294.86,7.18
3938,963,1014,0,2,309.11,23.57
3939,3349,249,1,0,253.68,13.6
3940,3870,513,0,2,193.39,63.76
3941,345,714,2,0,348.87,40.13
3942,3363,1009,1,1,512.51,18.49
3943,3363,1009,1,2,525.08,15.17
3944,2816,981,1,0,267.27,17.91
3945,2437,804,1,2,208.84,10.96
3946,4136,757,0,0,304.97,15.83
3947,3887,1106,2,0,789.59,28.08
3948,2002,1047,0,0,341.44,5.54
3949,3885,883,0,1,400.42,15.76
3950,3154,804,1,0,319.27,14.85
3951,2477,1071,0,0,341.36,47.52
3952,842,206,1,0,533.03,17.46
3953,178,1177,1,2,913.93,31.58
3954,2346,498,1,3,260.28,23.14
3955,1860,303,1,1,689.22,29.78
3956,2337,831,1,2,1154.04,21.65
3957,1223,886,1,1,195.41,34.07
3958,3027,775,1,0,284.94,19.51
3959,2300,1058,0,1,212.66,60.39
3960,2129,865,1,0,464.25,37.73
3961,2606,496,0,0,193.04,64.53
3962,2280,292,1,2,378.52,19.27
3963,2298,561,0,0,381.98,36.69
3964,1234,442,1,2,141.54,23.65
3965,3236,659,2,0,1430.6,1.64
3966,1036,1000,0,2,142.51,0.0
3967,2877,215,0,0,135.73,50.76
3968,1887,156,1,0,442.54,0.46
3969,2250,958,1,0,510.18,33.49
3970,3782,726,2,2,308.2,25.29
3971,177,166,0,3,294.85,56.47
3972,1628,278,1,3,501.27,21.72
3973,686,378,0,0,351.83,6.94
3974,3017,361,1,3,1060.53,19.1
3975,1312,292,0,0,249.65,52.7
3976,575,845,2,0,475.27,36.82
3977,1739,1026,1,3,514.17,51.09
3978,2918,1161,0,1,163.8,71.4
3979,1383,57,1,1,315.26,55.32
3980,1650,162,0,0,540.21,23.13
3981,286,87,1,2,595.43,55.27
3982,2055,854,2,2,436.8,62.91
3983,2002,1047,1,1,538.31,15.63
3984,2072,1162,0,0,340.75,25.71
3985,3810,378,0,0,316.07,7.97
3986,2733,1057,0,1,806.4,32.06
3987,1936,156,0,0,300.68,13.43
3988,1535,183,0,1,122.39,76.6
3989,3204,136,2,0,472.15,56.43
3990,1062,462,1,3,515.05,32.64
3991,2589,623,2,3,620.42,18.05
3992,1088,233,0,1,152.45,1.83
3993,3378,647,0,0,564.62,26.43
3994,1342,127,1,2,532.04,40.66
3995,4075,595,0,1,599.22,6.71
3996,3533,722,0,2,133.92,72.97
3997,3441,631,1,0,525.45,5.61
3998,1622,842,0,0,205.24,112.21
3999,1082,1022,0,0,229.62,28.85
4000,70,521,1,1,190.84,58.56
4001,531,904,1,0,635.19,15.11
4002,132,141,1,0,482.44,32.87
4003,2781,1058,0,0,117.08,20.13
4004,3862,519,0,2,259.86,33.68
4005,1495,849,0,0,612.88,30.96
4006,2856,1177,0,0,630.02,43.23
4007,472,523,1,1,503.41,39.32
4008,1978,170,1,2,382.89,30.78
4009,1336,996,0,0,196.75,75.78
4010,1689,993,0,1,465.22,6.31
4011,2501,1003,1,2,502.54,26.46
4012,4030,1062,0,1,274.03,67.39
4013,518,1131,0,1,237.62,27.13
4014,3662,833,0,0,209.27,19.87
4015,3005,960,1,3,983.87,40.65
4016,666,869,2,0,843.73,55.65
4017,2276,689,0,1,348.68,82.51
4018,3987,335,0,0,210.54,23.75
4019,3061,1074,1,2,446.28,31.47
4020,129,407,0,0,139.84,22.28
4021,2422,44,1,0,213.9,28.07
4022,904,354,1,0,237.42,27.24
4023,340,541,0,1,169.31,0.0
4024,1750,19,0,0,179.35,24.76
4025,2286,919,0,2,225.32,41.07
4026,3639,1059,0,1,168.71,69.22
4027,2793,327,0,3,210.07,17.06
4028,3516,519,0,3,198.42,9.89
4029,3362,693,0,2,140.2,28.59
4030,1864,828,2,0,704.66,29.82
4031,1267,816,0,3,380.53,22.77
4032,573,50,0,1,172.48,56.04
4033,1861,439,0,2,226.54,21.48
4034,742,92,0,1,171.0,0.44
4035,1903,434,0,0,51.41,26.23
4036,3823,1005,0,0,386.01,46.36
4037,3761,462,2,1,702.93,11.0
4038,424,784,0,0,46.85,29.31
4039,3685,752,2,1,442.93,26.18
4040,2520,277,1,0,222.23,20.49
4041,2550,710,1,1,243.6,24.13
4042,1334,34,0,0,189.03,62.2
4043,285,31,1,1,637.83,52.4
4044,2167,673,0,2,309.88,61.4
4045,3155,706,0,2,208.2,78.34
4046,2720,169,2,3,1121.82,22.95
4047,489,1048,0,2,286.75,52.83
4048,322,106,1,1,446.58,48.17
4049,550,958,1,0,513.06,40.67
4050,2613,412,0,1,289.63,8.83
4051,2438,1151,2,1,586.02,22.24
4052,3496,868,0,0,180.79,48.03
4053,1085,754,1,0,216.9,39.62
4054,1216,389,0,1,162.82,61.34
4055,4195,1089,0,1,318.42,37.46
4056,1418,396,0,3,314.72,18.7
4057,480,1103,1,1,1022.55,43.41
4058,993,1160,0,0,218.96,64.96
4059,3668,670,0,3,430.78,79.27
4060,3343,137,1,3,315.16,57.55
4061,3720,832,2,1,787.13,12.76
4062,1344,219,0,0,146.79,22.97
4063,2994,1130,0,3,798.46,46.34
4064,3445,27,0,2,107.73,66.61
4065,1140,433,0,0,186.71,13.28
4066,2190,1077,0,1,362.81,104.18
4067,1191,1003,0,0,275.21,9.2
4068,740,237,1,0,634.74,3.88
4069,208,1126,1,0,331.8,39.47
4070,1375,815,0,2,142.2,24.03
4071,1149,91,2,0,819.16,10.72
4072,3512,910,1,0,489.9,25.95
4073,3542,1145,0,1,160.26,75.79
4074,3111,192,1,3,1057.91,77.74
4075,32,589,1,2,284.66,5.63
4076,2235,203,1,0,246.75,21.07
4077,2743,787,0,1,156.62,116.11
4078,895,592,1,0,931.62,22.34
4079,3891,139,1,3,208.66,19.71
4080,3464,46,0,0,374.85,70.01
4081,229,1002,0,1,141.34,48.22
4082,983,123,2,1,845.75,34.45
4083,203,533,0,1,286.7,42.71
4084,3412,1060,0,0,224.4,2.35
4085,2069,782,0,3,346.66,30.5
4086,3192,72,0,0,314.53,14.59
4087,2628,806,0,3,379.52,38.84
4088,364,492,1,0,300.35,61.39
4089,2145,453,1,0,196.95,53.66
4090,2654,636,0,2,181.56,24.55
4091,1092,1158,0,0,388.66,49.01
4092,3540,189,1,1,255.71,16.32
4093,2074,568,0,2,210.84,5.15
4094,2359,288,0,0,277.25,24.39
4095,3569,1041,1,0,216.42,92.65
4096,1647,398,0,2,239.42,54.63
4097,1191,1003,2,0,847.52,18.07
4098,2852,599,0,0,160.72,27.05
4099,2388,949,1,3,236.78,9.48
4100,3214,1010,1,1,205.02,28.21
4101,3207,176,1,1,150.65,54.15
4102,3422,1046,1,0,140.71,28.68
4103,635,19,1,0,311.25,18.25
4104,3042,1135,1,0,274.17,20.1
4105,1862,444,2,1,701.77,62.03
4106,204,649,0,2,128.24,17.4
4107,3016,442,0,0,87.91,14.51
4108,7,1179,2,3,451.87,45.71
4109,3593,312,1,0,312.92,29.19
4110,2610,771,0,1,446.27,49.83
4111,704,534,0,2,408.84,54.27
4112,3493,678,1,1,264.55,19.16
4113,2094,1145,1,0,328.1,5.14
4114,1012,135,0,2,308.69,15.17
4115,3014,678,2,1,403.12,32.42
4116,1989,464,0,0,214.5,14.2
4117,3501,106,0,0,392.64,13.23
4118,20,349,1,2,416.09,57.78
4119,3084,648,1,3,682.04,20.76
4120,1208,1036,1,1,737.58,18.0
4121,3951,139,0,2,196.12,64.69
4122,696,230,0,0,205.86,20.69
4123,1751,1063,0,2,75.53,53.12
4124,2625,814,1,0,1087.86,3.6
4125,1505,924,0,1,126.56,43.43
4126,1787,816,0,2,361.55,13.58
4127,649,593,0,0,165.6,12.24
4128,2141,392,0,1,108.72,45.09
4129,1030,53,0,1,140.45,7.21
4130,2204,366,1,0,339.86,34.72
4131,3424,951,1,0,252.91,18.63
4132,311,666,0,0,171.81,8.08
4133,2354,525,1,0,223.57,53.85
4134,1188,27,0,0,144.36,47.07
4135,3983,854,0,2,310.96,43.93
4136,3052,1024,0,2,259.79,29.69
4137,704,534,1,1,592.7,6.69
4138,3039,326,1,0,304.76,21.5
4139,818,587,1,0,423.16,8.49
4140,180,1174,0,2,127.64,39.92
4141,2468,288,0,0,390.14,55.66
4142,2121,1097,1,0,431.92,10.85
4143,2637,1140,0,0,202.04,0.0
4144,2568,1036,0,0,501.57,33.43
4145,1061,391,0,1,342.14,43.55
4146,1990,712,1,0,393.49,42.88
4147,234,1054,1,0,431.75,11.93
4148,2730,581,0,1,581.33,25.22
4149,3642,215,0,3,232.37,49.73
4150,2514,18,2,0,528.68,42.53
4151,3725,183,0,2,157.2,25.17
4152,3520,1191,2,3,727.61,24.79
4153,3847,578,2,1,351.18,8.52
4154,3994,383,0,0,703.07,126.09
4155,3650,825,0,1,617.66,45.1
4156,1491,1086,0,0,267.01,45.37
4157,3145,171,1,3,394.14,58.43
4158,371,706,1,3,217.39,81.28
4159,1174,206,0,3,297.41,29.44
4160,1148,450,2,1,425.44,39.42
4161,1405,221,0,0,636.73,10.85
4162,2690,793,2,3,943.11,13.59
4163,1738,957,0,0,216.08,9.36
4164,1208,1036,0,3,610.3,35.0
4165,4005,790,1,1,213.04,33.85
4166,2683,966,0,2,129.07,43.87
4167,3098,909,1,0,406.58,37.63
4168,253,820,1,0,275.51,31.9
4169,2967,434,0,1,186.32,24.31
4170,614,67,0,0,210.9,41.81
4171,4124,608,2,0,931.3,46.38
4172,214,924,1,2,187.04,21.24
4173,3764,170,0,0,201.51,16.04
4174,1681,574,0,0,75.41,28.33
4175,1923,485,0,1,558.44,25.89
4176,2716,532,0,0,607.57,8.45
4177,3350,1177,0,0,591.04,22.66
4178,653,220,0,2,106.4,0.14
4179,2414,924,0,0,54.89,43.04
4180,700,565,2,1,489.4,17.19
4181,607,648,0,0,376.75,38.45
4182,1556,20,0,3,383.1,8.49
4183,2960,563,0,3,277.15,13.82
4184,3859,1140,0,0,165.79,38.63
4185,1760,583,0,1,788.13,15.18
4186,3509,992,0,2,324.66,32.6
4187,85,628,0,3,280.56,88.27
4188,2079,329,0,1,330.13,20.84
4189,1144,165,1,3,539.25,11.79
4190,972,903,1,2,204.97,10.08
4191,4174,883,0,2,402.11,5.64
4192,4016,279,0,0,288.55,9.04
4193,1351,121,0,1,390.03,24.8
4194,3004,563,1,2,284.97,25.05
4195,3072,1103,0,0,555.09,78.0
4196,465,832,0,1,328.26,30.78
4197,2635,1011,2,1,779.51,33.83
4198,2948,707,1,0,523.8,8.13
4199,2523,564,1,2,664.09,18.47
4200,2947,134,0,0,214.39,89.27
4201,2128,1074,0,0,267.54,37.82
4202,2739,809,1,2,298.41,33.73
4203,100,601,1,3,256.36,4.81
4204,1282,1195,0,1,145.57,28.63
4205,2147,611,2,0,360.89,13.98
4206,2868,684,1,0,323.55,55.32
4207,848,1182,0,1,254.75,20.49
4208,2279,688,2,2,320.53,19.63
4209,2702,798,0,0,218.67,16.93
4210,1898,635,0,0,630.51,27.13
4211,1147,581,0,0,550.11,70.81
4212,4110,325,0,1,161.9,82.51
4213,1869,4,2,2,731.25,27.86
4214,3097,1021,2,1,318.33,30.54
4215,2654,636,1,0,276.05,33.43
4216,2760,289,0,0,59.23,65.17
4217,3560,1017,1,1,192.94,30.0
4218,2809,712,0,3,315.01,14.21
4219,293,1068,1,1,271.06,39.1
4220,1225,897,0,2,372.97,43.31
4221,652,1071,0,0,290.62,18.67
4222,2692,745,0,0,730.58,40.82
4223,2148,192,0,0,522.14,12.84
4224,570,171,1,0,394.83,1.29
4225,3878,589,0,3,89.08,32.4
4226,1589,473,0,0,794.54,25.02
4227,1935,425,2,3,1786.51,18.82
4228,3355,151,1,0,269.83,18.7
4229,857,652,2,0,292.65,21.85
4230,2666,806,1,1,535.19,49.67
4231,1630,34,1,0,210.05,18.29
4232,2905,1008,2,1,748.03,10.18
4233,1924,350,2,0,1284.18,16.71
4234,293,1068,0,1,192.16,36.3
4235,2814,976,1,2,466.48,8.87
4236,1704,367,1,1,156.72,25.75
4237,4181,710,0,2,194.41,2.32
4238,818,587,1,0,491.43,17.13
4239,3174,43,1,2,648.23,24.67
4240,725,24,1,1,1430.68,21.95
4241,3581,288,0,1,340.33,19.01
4242,1708,113,0,2,290.04,17.77
4243,3450,733,0,2,151.21,41.5
4244,3133,613,0,1,227.34,201.32
4245,1075,679,1,1,1126.56,24.17
4246,2058,685,1,0,542.76,42.21
4247,2566,1198,2,0,957.66,80.85
4248,2495,307,0,1,237.64,88.61
4249,3737,359,0,3,134.96,110.78
4250,561,599,1,0,250.17,37.27
4251,3286,479,2,1,852.23,25.84
4252,3848,61,2,1,711.34,37.36
4253,2366,30,1,1,251.54,34.0
4254,3133,613,0,0,220.19,28.71
4255,3408,627,0,0,311.07,69.68
4256,76,546,2,0,980.36,26.88
4257,2764,1082,0,0,157.0,32.21
4258,3759,255,1,0,1087.94,25.27
4259,3887,1106,2,2,766.94,78.35
4260,492,842,0,1,159.57,12.18
4261,2177,814,2,0,1777.68,93.09
4262,360,50,0,1,133.9,49.87
4263,38,240,2,1,800.82,17.59
4264,1544,511,0,2,112.95,12.85
4265,502,544,0,0,123.9,15.46
4266,3243,814,1,3,1229.29,23.18
4267,2444,851,2,0,794.47,41.67
4268,2826,441,0,0,765.32,18.58
4269,1932,1053,0,1,509.08,6.21
4270,4180,680,0,0,728.17,49.54
4271,575,845,2,0,453.07,80.77
4272,3325,788,2,1,824.16,23.05
4273,155,799,1,0,232.96,40.74
4274,212,738,0,1,200.51,48.69
4275,389,987,0,2,228.29,43.35
4276,2738,333,0,3,371.82,52.85
4277,1162,691,1,1,1122.38,25.91
4278,3807,1165,0,0,356.95,12.82
4279,4001,236,1,1,249.86,53.3
4280,700,565,1,0,258.79,31.12
4281,1876,193,1,0,552.19,21.07
4282,1897,451,1,1,216.97,33.99
4283,1091,197,0,3,188.75,15.07
4284,3184,388,0,1,452.18,29.56
4285,268,1110,0,0,353.02,22.85
4286,2819,859,1,1,891.37,6.91
4287,3141,494,1,2,202.66,65.45
4288,1424,229,1,3,563.38,30.39
4289,1944,629,1,0,186.87,74.02
4290,1608,135,1,0,516.91,38.2
4291,2789,159,0,1,279.68,15.75
4292,3898,531,0,0,365.46,54.02
4293,3536,371,1,2,143.75,37.34
4294,393,88,2,0,409.72,9.33
4295,2027,821,1,2,266.2,53.24
4296,2152,687,1,1,183.75,27.38
4297,3441,631,1,0,429.94,17.14
4298,272,753,0,0,179.46,56.44
4299,2211,1109,0,2,529.49,5.52
4300,1351,121,0,3,527.31,56.14
4301,2314,677,0,0,132.11,49.87
4302,3017,361,0,0,603.68,55.41
4303,1397,235,0,3,633.01,9.09
4304,3632,745,0,3,640.27,14.95
4305,2074,568,2,3,497.54,27.65
4306,3809,777,0,0,149.21,50.11
4307,3297,102,0,0,392.02,41.99
4308,3538,629,0,2,45.0,51.23
4309,1550,764,1,0,336.48,23.17
4310,1540,904,1,2,534.69,91.48
4311,877,983,2,0,537.12,4.56
4312,316,896,0,3,105.38,45.7
4313,3528,115,0,1,162.14,16.69
4314,3604,594,0,0,319.32,57.87
4315,279,216,0,2,608.88,21.65
4316,412,1043,0,0,630.46,11.6
4317,3963,1121,1,1,219.39,39.84
4318,3784,911,0,1,248.57,27.95
4319,985,620,2,2,1888.49,22.49
4320,1060,407,0,1,255.9,18.3
4321,4177,1088,1,2,1084.38,57.11
4322,1333,1117,2,1,679.1,14.28
4323,15,1174,0,2,90.33,14.14
4324,3128,724,1,2,276.92,48.37
4325,1665,169,0,3,408.48,47.04
4326,2647,270,2,1,1683.08,68.09
4327,496,79,1,0,492.05,58.58
4328,2758,753,0,0,213.41,42.1
4329,1565,47,0,3,404.95,65.33
4330,507,1125,0,0,153.56,57.29
4331,1258,1027,0,1,380.05,30.19
4332,4022,1085,0,0,234.97,50.97
4333,4030,1062,2,0,915.47,61.35
4334,2179,308,0,3,265.21,80.55
4335,4098,970,0,0,128.83,10.49
4336,3057,521,0,3,59.18,13.69
4337,466,540,1,2,280.82,20.9
4338,2657,435,2,1,445.54,16.28
4339,1108,535,1,3,159.4,16.56
4340,1244,131,1,3,239.92,29.37
4341,3276,1118,0,2,215.34,20.97
4342,1278,553,2,0,386.81,103.33
4343,134,334,0,0,120.16,19.6
4344,2578,1182,1,1,425.82,44.71
4345,2451,170,2,2,635.43,31.96
4346,746,571,2,1,963.06,83.94
4347,1841,1029,0,0,232.04,43.54
4348,2291,47,2,3,919.75,26.13
4349,2896,155,0,2,369.68,24.18
4350,2896,155,1,3,687.47,35.6
4351,542,1004,1,0,450.31,17.1
4352,2165,409,1,0,1024.13,51.34
4353,2639,563,0,0,211.04,57.54
4354,991,375,0,3,688.96,27.38
4355,3253,365,0,0,277.4,21.49
4356,1929,1189,0,2,327.88,63.87
4357,3401,545,1,1,590.06,19.83
4358,196,226,0,0,185.37,38.74
4359,3441,631,1,3,509.98,0.29
4360,1148,450,1,2,261.86,35.52
4361,71,518,0,0,570.96,17.57
4362,90,952,1,0,537.81,97.07
4363,2388,949,1,0,280.63,73.48
4364,3222,84,0,3,174.61,41.14
4365,30,304,0,2,359.81,27.64
4366,3848,61,0,0,267.33,75.79
4367,3708,1139,0,2,132.19,7.5
4368,1993,468,0,2,323.46,7.96
4369,3298,752,0,2,270.69,29.7
4370,164,851,2,1,900.05,66.61
4371,2575,373,0,0,390.21,67.81
4372,3702,1078,1,3,1168.14,19.75
4373,1313,977,0,2,97.07,71.85
4374,196,226,0,0,158.63,48.31
4375,1423,536,0,3,319.64,40.5
4376,489,1048,0,3,254.06,28.43
4377,783,173,0,0,531.27,4.06
4378,1550,764,0,0,116.15,47.52
4379,2326,1112,0,0,676.83,57.17
4380,737,395,1,0,324.39,44.13
4381,1586,972,0,0,171.06,64.09
4382,2230,635,0,0,572.76,29.54
4383,2793,327,2,2,431.1,33.23
4384,4032,1163,0,1,127.08,18.9
4385,797,768,1,2,253.92,8.86
4386,4074,433,1,3,244.06,26.86
4387,1804,861,0,0,126.17,75.2
4388,4109,47,1,1,506.59,26.49
4389,943,1057,0,3,786.42,16.91
4390,2212,1176,1,0,240.87,11.72
4391,3980,425,1,2,1012.71,10.33
4392,4046,33,2,0,410.8,13.04
4393,3618,25,0,0,209.63,43.07
4394,1423,536,0,3,363.26,97.77
4395,351,732,2,0,494.51,18.83
4396,1413,364,2,0,813.75,53.08
4397,4151,1172,1,0,304.11,27.96
4398,2724,107,1,3,1267.46,46.4
4399,568,661,0,2,151.83,19.73
4400,3762,1110,0,2,331.91,32.36
4401,1200,27,0,2,140.05,42.85
4402,1993,468,2,0,875.4,11.53
4403,4172,269,0,2,353.85,19.64
4404,4030,1062,1,2,497.74,56.82
4405,3605,344,1,0,892.51,29.87
4406,1826,247,0,1,281.51,5.61
4407,2301,442,0,0,203.62,37.42
4408,1698,59,0,2,197.26,13.35
4409,1550,764,0,0,92.51,15.31
4410,1335,451,1,2,194.24,34.82
4411,283,959,0,0,415.04,8.81
4412,478,469,1,2,342.91,2.6
4413,1848,469,0,1,232.83,33.23
4414,2067,814,1,0,1032.93,10.69
4415,2413,439,1,2,307.62,43.51
4416,395,885,0,1,282.07,32.94
4417,1009,557,0,1,100.6,3.54
4418,3305,491,2,0,218.14,36.7
4419,191,176,0,1,122.63,25.48
4420,3857,105,2,3,952.58,49.47
4421,2432,641,0,1,802.9,18.24
4422,1317,773,0,0,348.84,39.42
4423,4100,621,0,0,249.67,17.41
4424,2347,953,1,2,551.79,19.03
4425,3688,1190,0,1,134.69,18.39
4426,347,275,0,0,740.37,53.02
4427,376,1018,0,0,161.01,22.47
4428,1858,708,0,2,337.42,55.05
4429,2793,327,0,0,186.11,31.62
4430,3013,1110,2,2,815.26,7.29
4431,282,936,0,1,174.05,1.45
4432,3663,637,2,0,866.57,27.54
4433,3227,627,2,3,856.86,76.66
4434,4032,1163,1,1,186.8,3.35
4435,1964,306,1,0,1097.21,99.48
4436,2971,353,0,0,345.3,8.95
4437,2354,525,1,0,279.28,36.24
4438,193,779,1,0,278.84,40.94
4439,187,376,1,2,198.04,22.41
4440,536,1137,0,2,93.57,56.61
4441,3957,40,1,1,1116.63,44.69
4442,334,762,0,0,223.5,24.92
4443,3421,825,0,2,665.48,61.42
4444,2987,576,1,3,333.72,69.0
4445,3869,149,0,0,143.6,49.35
4446,2820,266,0,1,124.3,12.18
4447,2982,682,0,0,136.8,17.45
4448,2251,1127,1,1,203.04,65.7
4449,819,1034,0,1,159.17,30.86
4450,682,22,0,0,160.88,39.14
4451,1384,885,1,3,622.63,13.9
4452,70,521,1,0,159.14,13.34
4453,3681,337,1,0,303.18,55.05
4454,3738,631,0,3,324.98,25.17
4455,1098,286,2,0,741.95,92.98
4456,1652,614,0,1,428.99,2.94
4457,3259,910,1,2,561.8,34.05
4458,1529,233,2,0,363.6,37.3
4459,2802,1065,0,1,167.42,73.28
4460,3607,270,2,3,1760.54,100.31
4461,3251,909,0,3,296.66,11.76
4462,4016,279,0,0,298.6,52.55
4463,2815,11,0,0,195.66,108.62
4464,1535,183,0,0,193.41,6.0
4465,985,620,0,1,760.99,20.3
4466,2266,286,2,1,617.85,19.91
4467,3254,1172,2,0,458.24,26.1
4468,1163,891,0,2,126.26,3.94
4469,670,144,1,3,496.22,128.24
4470,1829,935,0,1,155.17,18.07
4471,2931,317,1,1,313.3,46.09
4472,1833,296,0,0,88.37,25.0
4473,3452,627,2,0,719.23,34.1
4474,3730,237,1,2,659.39,60.17
4475,2474,1101,1,3,1144.16,37.04
4476,810,1062,1,1,557.79,42.65
4477,3035,452,0,0,721.66,72.54
4478,3073,356,0,2,198.11,51.74
4479,724,941,0,1,379.65,43.77
4480,1953,74,0,0,161.44,42.66
4481,3203,731,0,0,54.74,64.42
4482,1288,1196,0,1,757.68,41.11
4483,3181,1166,0,2,155.41,27.46
4484,3512,910,0,2,287.53,60.82
4485,3956,381,1,0,393.74,67.03
4486,452,271,0,3,320.38,2.54
4487,2122,873,2,1,757.09,3.52
4488,3052,1024,0,1,265.87,41.01
4489,2602,238,0,0,193.88,63.28
4490,3991,1176,0,3,183.36,15.23
4491,54,362,0,2,266.74,22.74
4492,2486,438,1,0,137.31,46.44
4493,362,942,0,1,153.63,21.79
4494,4200,548,0,1,177.88,46.59
4495,863,290,0,1,237.46,36.54
4496,594,720,2,1,384.03,25.9
4497,696,230,1,2,364.15,87.27
4498,2994,1130,1,1,1125.52,20.09
4499,1291,1180,1,1,244.27,20.49
4500,3867,678,2,0,349.7,17.66
4501,422,579,0,0,428.78,12.83
4502,1099,74,1,0,180.83,85.22
4503,1887,156,0,1,357.1,32.49
4504,3844,927,0,0,276.83,18.16
4505,2530,1055,2,0,1864.45,25.41
4506,2471,211,0,0,702.45,46.15
4507,1815,772,0,0,184.5,10.9
4508,306,860,1,1,307.55,32.41
4509,901,185,0,0,254.25,35.13
4510,135,255,1,1,1123.09,54.2
4511,289,529,0,0,266.03,19.77
4512,2657,435,0,3,156.61,21.6
4513,79,176,0,2,215.44,47.99
4514,279,216,0,1,513.86,24.45
4515,3975,761,0,1,288.2,49.41
4516,1400,498,0,0,126.17,111.77
4517,3894,246,2,2,809.63,45.52
4518,4137,379,0,0,355.41,25.98
4519,226,1159,0,1,751.22,7.94
4520,1839,592,0,2,588.75,9.27
4521,2183,382,1,0,269.96,87.15
4522,1850,691,0,0,631.91,30.69
4523,2231,1077,0,0,330.94,12.69
4524,885,749,2,3,562.23,40.71
4525,102,849,0,2,651.21,47.22
4526,1453,722,0,2,175.44,25.7
4527,52,223,0,0,447.09,62.91
4528,843,344,1,3,955.14,20.45
4529,1288,1196,0,1,718.2,21.99
4530,195,916,1,2,632.16,40.42
4531,3398,969,0,0,136.29,60.26
4532,505,1136,0,3,281.54,3.99
4533,2424,490,1,0,150.51,18.1
4534,4193,1196,0,0,827.95,45.98
4535,1270,524,2,0,764.47,100.43
4536,725,24,0,0,911.33,66.67
4537,2423,126,1,1,1194.13,7.7
4538,3333,1134,0,2,641.59,83.03
4539,1960,1131,0,2,213.26,55.19
4540,3706,808,0,0,275.09,51.51
4541,2970,1109,0,0,480.53,45.38
4542,228,1176,0,0,127.2,27.33
4543,3989,1179,0,2,199.27,33.61
4544,3671,752,1,0,300.32,35.13
4545,683,852,1,0,539.12,29.62
4546,1141,310,0,1,191.46,13.9
4547,847,708,0,2,320.11,22.45
4548,3817,419,2,0,711.85,33.34
4549,877,983,0,2,245.01,35.67
4550,4146,140,2,0,321.01,29.5
4551,754,371,0,2,139.39,46.09
4552,3368,17,1,1,1025.87,47.95
4553,2810,15,2,2,735.55,18.27
4554,2669,285,1,1,1119.77,67.56
4555,2300,1058,0,2,146.12,7.44
4556,982,153,0,1,465.03,32.04
4557,2422,44,0,0,141.36,37.67
4558,683,852,0,1,339.93,28.87
4559,2130,701,0,0,290.59,18.88
4560,4126,1003,1,1,579.83,53.23
4561,977,1121,0,0,116.25,23.76
4562,1569,1187,0,1,267.35,32.36
4563,2655,800,1,1,295.32,19.54
4564,766,174,1,0,512.84,22.39
4565,2702,798,1,0,280.7,43.58
4566,604,210,1,2,258.46,24.38
4567,2828,639,2,0,396.16,42.56
4568,1407,905,1,1,278.95,13.54
4569,4078,127,1,3,683.74,83.41
4570,1960,1131,0,2,184.4,63.57
4571,2667,1153,0,0,421.22,88.37
4572,194,710,0,0,221.8,91.2
4573,4133,465,0,0,387.88,7.62
4574,4150,378,0,3,485.92,37.62
4575,4112,737,0,0,379.7,53.78
4576,2569,495,0,0,165.5,20.17
4577,3535,603,2,0,464.25,13.27
4578,2163,234,1,2,384.92,13.6
4579,984,1023,0,1,395.14,23.15
4580,3860,620,0,2,785.64,123.79
4581,324,867,0,0,374.06,0.0
4582,258,813,0,0,213.94,16.81
4583,3047,256,1,2,260.75,35.3
4584,2548,135,1,2,454.79,10.66
4585,3499,722,1,0,314.2,34.77
4586,3639,1059,1,2,204.63,66.19
4587,2244,673,1,1,443.34,118.32
4588,1447,714,2,3,396.96,82.21
4589,3899,771,0,0,373.58,41.87
4590,3642,215,1,0,325.05,8.81
4591,3908,336,1,0,625.78,10.18
4592,3939,122,2,0,824.66,23.24
4593,1624,917,0,2,274.25,39.69
4594,3040,902,0,1,353.33,26.6
4595,27,1114,2,0,1519.23,49.8
4596,2961,665,1,3,332.26,62.54
4597,1995,155,0,1,378.22,55.77
4598,4105,834,0,0,150.67,29.2
4599,3025,202,0,2,302.77,35.27
4600,1038,1097,1,0,401.1,84.65
4601,1318,958,1,0,494.35,50.78
4602,4176,645,0,0,135.89,13.16
4603,2381,480,1,1,177.87,28.52
4604,823,88,1,0,329.04,17.78
4605,3126,293,0,2,132.01,30.64
4606,4158,595,1,0,896.33,36.53
4607,1141,310,2,0,545.61,62.04
4608,1600,1075,2,3,836.98,116.22
4609,1335,451,0,0,102.09,52.73
4610,446,228,0,3,278.25,24.02
4611,1316,1046,2,0,374.57,38.89
4612,1621,667,2,2,411.96,24.63
4613,3684,975,0,0,191.55,46.81
4614,1434,154,1,2,1381.99,22.99
4615,2394,1020,0,0,275.89,14.36
4616,451,1151,1,1,470.1,23.02
4617,1015,941,0,3,333.61,33.87
4618,2990,374,0,1,194.21,37.66
4619,2879,363,0,1,403.94,16.52
4620,2550,710,0,0,188.55,7.61
4621,3140,145,0,2,145.13,28.57
4622,250,362,0,1,301.99,55.34
4623,56,710,2,0,447.9,31.8
4624,4157,649,0,1,94.9,12.39
4625,385,601,0,2,121.45,28.54
4626,454,64,0,0,181.67,79.49
4627,1176,855,0,2,98.25,27.41
4628,2834,879,0,0,390.25,25.08
4629,2334,1187,0,3,189.31,19.87
4630,4063,255,0,1,724.01,43.77
4631,2044,323,0,0,333.26,18.35
4632,2207,460,2,2,476.31,61.53
4633,3791,86,0,1,374.41,70.88
4634,670,144,2,1,830.4,37.86
4635,1703,983,0,3,221.36,0.0
4636,1591,1106,0,0,373.34,10.97
4637,172,906,1,2,284.95,19.35
4638,594,720,0,2,61.2,38.16
4639,1014,399,1,1,1206.68,44.66
4640,298,209,1,2,612.47,30.8
4641,184,613,0,3,240.79,14.43
4642,3637,590,0,1,107.71,17.5
4643,2421,622,0,0,164.95,26.04
4644,2,416,0,0,361.0,15.99
4645,4008,1172,1,2,317.63,58.85
4646,482,760,2,0,391.8,39.32
4647,776,1026,0,0,150.58,26.18
4648,4189,425,1,1,900.66,50.88
4649,2946,624,0,0,190.34,14.56
4650,3156,1079,0,2,176.67,18.68
4651,2821,663,0,2,248.38,33.74
4652,2957,748,1,0,535.9,34.38
4653,1856,386,0,0,295.49,36.58
4654,1260,377,0,2,429.28,53.83
4655,2149,840,0,1,315.44,1.15
4656,1069,864,0,3,768.88,30.49
4657,3115,843,2,1,297.73,16.27
4658,386,605,1,3,233.04,32.58
4659,1789,866,2,1,681.01,61.56
4660,304,958,1,1,527.81,25.48
4661,1020,746,0,2,119.0,29.51
4662,62,1166,0,1,195.24,32.6
4663,331,161,1,0,544.68,37.6
4664,3342,895,1,0,254.42,43.23
4665,1251,232,2,1,259.95,3.37
4666,4118,353,0,2,382.15,54.91
4667,3841,481,2,2,429.52,20.97
4668,2571,958,1,3,531.36,18.86
4669,4051,715,0,2,747.11,155.57
4670,2120,1171,0,2,360.51,21.87
4671,2329,416,1,2,394.89,16.6
4672,1151,1001,0,0,320.31,44.72
4673,2003,281,1,0,499.42,23.93
4674,222,758,1,3,516.58,167.47
4675,1386,149,1,2,266.95,26.7
4676,702,996,0,2,300.64,12.69
4677,1067,217,0,0,697.88,32.21
4678,755,640,0,1,117.78,8.65
4679,129,407,1,0,190.21,24.02
4680,2937,434,0,1,144.45,18.9
4681,72,133,2,0,276.13,14.51
4682,1102,448,1,1,750.84,56.05
4683,853,610,0,0,263.78,19.12
4684,799,896,0,1,84.41,68.74
4685,2737,1103,1,1,991.88,32.05
4686,2242,1055,0,2,687.23,31.97
4687,2169,193,0,1,347.6,38.04
4688,3474,369,0,0,115.12,26.92
4689,368,67,1,0,280.02,134.51
4690,316,896,1,1,174.74,8.12
4691,2196,243,1,3,591.64,47.3
4692,4149,1006,1,2,434.45,10.35
4693,3982,940,1,1,920.6,20.69
4694,1337,544,0,1,225.91,60.22
4695,1694,657,1,2,200.64,61.22
4696,3050,1182,0,2,239.69,115.8
4697,2942,471,1,0,537.35,27.21
4698,269,89,0,0,147.01,50.76
4699,3967,891,1,3,268.45,24.93
4700,4015,847,1,2,260.61,12.14
4701,1886,424,1,0,230.64,16.7
4702,446,228,0,3,223.59,30.91
4703,3708,1139,0,0,156.39,61.29
4704,2138,865,1,3,504.56,100.0
4705,1396,1068,1,3,240.87,15.95
4706,1175,616,0,0,454.34,15.4
4707,1229,894,1,1,237.01,59.01
4708,1559,372,2,3,320.04,29.21
4709,1317,773,1,3,579.61,40.0
4710,2890,428,1,2,1016.75,14.02
4711,2289,723,0,3,168.7,15.86
4712,3575,1024,0,1,271.78,50.54
4713,583,5,0,2,55.21,46.64
4714,1173,411,0,3,342.77,10.34
4715,2621,127,0,1,338.59,4.06
4716,881,1041,2,0,378.53,6.15
4717,3419,1099,0,2,317.26,12.75
4718,1917,976,1,1,437.06,23.1
4719,153,403,0,0,247.72,0.0
4720,187,376,1,1,126.36,27.45
4721,2521,1107,0,0,289.25,22.64
4722,2387,1122,1,1,439.8,65.35
4723,3311,273,1,1,560.41,27.96
4724,3959,903,1,1,257.27,56.75
4725,903,604,0,0,216.6,57.08
4726,3051,1157,0,3,468.89,41.19
4727,2592,607,0,1,361.92,43.38
4728,1492,203,1,1,368.38,22.6
4729,1247,442,1,3,251.06,70.54
4730,3406,92,0,1,130.37,35.93
4731,107,65,1,0,334.72,8.91
4732,2646,376,1,2,265.85,10.36
4733,3989,1179,0,1,263.02,37.62
4734,3096,569,2,0,968.76,74.2
4735,1509,781,1,2,333.55,28.16
4736,438,758,0,3,388.08,32.15
4737,706,436,0,0,191.79,27.65
4738,351,732,1,0,370.61,3.67
4739,625,774,0,2,151.56,3.19
4740,1396,1068,1,0,252.31,38.59
4741,3801,240,0,3,363.33,5.81
4742,3132,423,0,3,455.56,35.82
4743,3944,130,0,0,287.07,41.7
4744,535,327,0,0,169.31,23.88
4745,2490,1017,2,1,350.08,24.64
4746,900,838,0,1,202.55,19.7
4747,842,206,2,0,802.3,50.46
4748,676,318,0,0,369.86,59.76
4749,2740,374,0,0,45.0,73.24
4750,1951,374,2,0,380.92,7.02
4751,1821,497,1,2,837.19,35.63
4752,207,1126,0,1,265.29,38.17
4753,2326,1112,2,2,1537.76,18.97
4754,3646,311,0,0,706.75,22.66
4755,3165,828,2,3,867.34,11.96
4756,1856,386,2,2,934.36,26.36
4757,1314,257,0,3,401.81,70.76
4758,381,189,1,1,231.51,27.6
4759,1349,232,0,2,147.3,64.96
4760,1261,205,0,2,153.06,12.13
4761,2313,947,0,2,745.24,70.49
4762,925,1163,0,0,248.14,17.79
4763,3878,589,0,0,177.79,63.99
4764,808,914,1,2,244.66,7.07
4765,3793,973,0,0,86.92,7.18
4766,2322,349,1,0,466.87,68.61
4767,3084,648,1,3,637.68,68.26
4768,3006,1016,2,2,385.33,44.65
4769,135,255,0,0,775.95,30.37
4770,3581,288,1,0,492.39,33.79
4771,1837,685,1,1,526.42,51.07
4772,2454,1097,0,0,208.98,25.86
4773,3421,825,0,0,705.34,37.76
4774,1411,1108,2,3,407.49,25.78
4775,3780,385,0,1,45.0,34.96
4776,3002,761,2,0,644.37,59.3
4777,3189,983,2,3,520.2,41.91
4778,114,231,1,2,328.07,18.78
4779,443,863,1,2,218.2,23.97
4780,2407,817,0,3,130.63,30.95
4781,637,785,0,1,201.37,72.65
4782,2460,766,1,1,1301.26,12.81
4783,3044,47,2,1,928.33,38.87
4784,2680,1166,1,0,309.24,46.87
4785,2183,382,0,2,208.79,61.08
4786,3332,936,0,2,275.38,13.6
4787,2392,108,0,2,638.95,34.52
4788,3047,256,0,3,158.76,28.59
4789,2402,612,0,1,138.61,27.72
4790,1643,208,1,0,477.43,18.53
4791,3787,370,1,3,395.17,27.24
4792,3646,311,0,2,794.99,99.34
4793,3338,364,2,0,640.43,50.35
4794,1269,269,1,2,518.53,26.36
4795,3580,431,1,0,1004.83,13.83
4796,1045,53,1,1,268.36,30.49
4797,1726,1199,0,0,583.55,24.68
4798,2884,658,0,0,81.57,40.5
4799,3599,370,0,0,280.92,0.0
4800,858,571,1,1,549.51,15.26
4801,1192,883,0,1,438.18,27.29
4802,374,523,2,0,896.37,44.55
4803,1028,768,1,1,322.33,6.31
4804,3778,646,1,0,1036.73,61.64
4805,2184,117,0,3,330.61,54.43
4806,1436,1156,1,0,291.46,21.07
4807,673,620,0,2,741.92,50.46
4808,2681,1046,1,1,102.78,15.16
4809,2868,684,1,0,323.92,17.41
4810,4125,853,0,0,156.49,9.21
4811,3671,752,0,0,358.01,3.19
4812,3212,610,0,1,328.04,38.85
4813,711,709,0,3,156.55,30.12
4814,3544,485,0,2,698.81,33.45
4815,1950,855,0,2,95.89,52.41
4816,3162,1097,1,2,406.0,42.06
4817,2880,495,0,0,170.24,19.88
4818,2268,991,1,3,769.3,63.79
4819,456,443,0,1,214.96,41.06
4820,1144,165,0,0,365.98,33.83
4821,2453,261,2,0,777.11,24.42
4822,453,455,0,1,603.43,13.58
4823,136,450,1,0,230.93,30.26
4824,2599,1128,2,1,801.38,17.86
4825,2084,932,0,0,613.1,42.94
4826,3908,336,0,0,406.2,43.13
4827,432,1007,0,0,233.82,45.22
4828,4023,1103,0,0,695.09,34.97
4829,1623,126,1,0,1200.61,15.12
4830,4158,595,1,0,816.84,27.39
4831,2404,279,0,3,376.28,29.75
4832,2347,953,2,2,841.02,45.43
4833,206,81,1,1,315.21,19.06
4834,3093,97,2,1,283.57,15.89
4835,1247,442,2,0,370.3,49.15
4836,2842,483,1,0,630.28,6.28
4837,1486,1185,1,1,606.74,30.54
4838,96,572,0,3,178.32,5.76
4839,1962,243,1,1,539.15,42.93
4840,3392,14,2,3,394.37,14.91
4841,3470,184,1,3,367.73,94.02
4842,3669,1081,1,1,556.73,37.7
4843,16,965,0,0,299.95,12.83
4844,3754,980,2,2,411.67,30.82
4845,354,985,0,2,154.78,37.37
4846,3333,1134,0,2,603.66,21.12
4847,454,64,1,0,340.56,5.76
4848,3127,225,1,0,1073.75,41.21
4849,1740,559,0,0,131.8,25.24
4850,1761,763,2,0,827.41,48.97
4851,3916,950,1,0,827.35,22.91
4852,295,16,2,0,341.34,34.69
4853,939,559,0,1,197.91,68.09
4854,1949,117,0,1,331.32,53.33
4855,1891,822,0,0,187.95,106.26
4856,2487,782,0,0,293.65,60.49
4857,181,836,1,1,251.24,23.2
4858,150,466,0,0,330.8,12.48
4859,1095,676,0,1,352.0,2.13
4860,948,654,0,0,353.97,17.48
4861,3280,794,1,0,1190.13,25.22
4862,2558,52,1,0,260.91,72.73
4863,2167,673,0,0,329.61,14.11
4864,2506,721,1,0,525.37,34.66
4865,4086,77,1,1,319.57,41.08
4866,2242,1055,0,0,690.33,24.58
4867,198,399,2,3,2098.96,23.73
4868,3447,732,1,0,282.18,84.89
4869,3305,491,0,3,98.61,56.75
4870,2361,334,1,2,315.61,39.84
4871,1328,886,1,1,223.26,22.58
4872,3030,783,0,1,249.68,59.33
4873,3172,1188,0,0,559.05,85.17
4874,2268,991,0,1,525.1,38.45
4875,3898,531,2,2,846.56,5.91
4876,1725,334,0,0,201.31,34.79
4877,30,304,0,0,343.56,39.74
4878,3088,733,0,1,109.23,16.7
4879,1348,27,1,2,207.45,53.57
4880,919,622,0,3,194.55,42.42
4881,2593,880,0,1,185.63,42.61
4882,1374,576,1,1,251.45,23.57
4883,2000,719,0,1,450.84,3.54
4884,3896,23,2,2,763.99,52.26
4885,929,396,1,2,525.39,60.21
4886,374,523,0,1,395.13,30.11
4887,3462,1065,0,1,177.81,23.2
4888,204,649,0,0,123.39,43.07
4889,3283,867,2,0,940.95,37.52
4890,2544,22,2,2,404.75,39.54
4891,1855,512,2,2,813.66,79.04
4892,2676,197,2,2,422.62,69.81
4893,3033,1090,0,0,160.96,30.04
4894,3291,546,0,2,530.78,32.74
4895,2402,612,1,0,374.62,36.5
4896,26,695,2,1,747.71,37.29
4897,2078,1092,1,2,1291.25,4.97
4898,851,706,1,1,318.13,27.01
4899,935,261,2,0,797.77,39.92
4900,3008,306,0,0,592.38,39.25
4901,1959,757,0,1,338.83,28.2
4902,1758,597,0,0,820.03,58.45
4903,2655,800,1,0,235.59,21.3
4904,2058,685,1,3,572.0,15.72
4905,1043,471,1,1,498.15,59.53
4906,2217,758,0,0,339.96,28.05
4907,903,604,1,2,289.55,0.36
4908,4080,110,0,1,139.78,38.61
4909,3830,673,0,2,275.85,25.67
4910,1380,945,1,2,1007.28,46.44
4911,4185,126,0,2,818.2,37.22
4912,1008,265,0,2,245.54,21.83
4913,1090,170,1,2,399.3,54.52
4914,1528,313,0,2,675.64,47.09
4915,366,513,1,0,216.0,7.99
4916,2524,335,2,0,479.28,35.41
4917,562,922,2,2,813.21,17.94
4918,4107,615,2,2,826.03,14.57
4919,1073,834,1,1,237.99,14.38
4920,4113,815,1,0,252.74,49.46
4921,3507,283,0,0,264.05,27.01
4922,855,561,0,2,388.15,42.91
4923,718,519,1,1,262.04,45.85
4924,282,936,0,2,241.48,8.93
4925,2016,193,0,0,401.23,10.15
4926,214,924,0,0,177.81,5.89
4927,1430,207,0,0,211.66,66.95
4928,1415,296,0,1,163.26,23.86
4929,2649,1178,0,3,325.16,14.98
4930,2119,518,1,0,996.88,68.37
4931,2019,709,0,3,140.08,20.67
4932,2734,315,0,0,313.66,35.96
4933,769,121,2,1,855.68,24.91
4934,4152,967,2,1,463.73,25.25
4935,1574,477,1,2,1061.02,17.87
4936,794,509,1,3,593.79,56.03
4937,1835,305,1,3,287.6,35.84
4938,3726,631,1,1,600.18,33.19
4939,2814,976,0,1,338.3,55.25
4940,862,620,0,1,731.41,35.74
4941,5,999,0,1,92.71,73.25
4942,674,310,2,0,512.7,48.68
4943,2712,594,0,2,340.33,149.87
4944,989,1159,0,0,728.17,29.38
4945,660,749,2,1,496.43,46.69
4946,307,1070,1,2,447.64,56.22
4947,3691,356,0,2,293.75,8.87
4948,2077,757,0,2,392.44,33.07
4949,2970,1109,2,0,1287.12,50.75
4950,3649,426,0,0,169.4,13.61
4951,2531,309,0,0,238.89,13.19
4952,1657,268,1,2,229.29,8.7
4953,2906,884,0,1,118.12,23.55
4954,2639,563,1,0,304.46,26.09
4955,549,843,0,0,243.04,27.79
4956,4094,151,1,0,324.46,0.0
4957,2285,32,1,0,479.12,48.81
4958,818,587,0,2,227.76,45.92
4959,2843,260,2,2,617.86,19.1
4960,1149,91,1,0,505.18,44.0
4961,4095,851,2,0,792.01,66.47
4962,2710,266,1,0,163.06,66.75
4963,1606,258,0,1,329.12,8.0
4964,3238,24,0,2,882.03,31.16
4965,1457,1081,0,1,400.1,44.17
4966,883,51,2,3,865.37,24.13
4967,2219,462,0,0,330.22,16.97
4968,1647,398,1,0,412.14,14.64
4969,3088,733,0,2,117.97,13.56
4970,4135,501,0,2,162.4,39.4
4971,3726,631,0,0,342.65,16.94
4972,2000,719,0,3,375.25,42.62
4973,426,940,0,1,639.74,86.4
4974,1079,209,1,2,551.5,56.74
4975,827,526,0,0,158.89,12.52
4976,58,212,0,0,193.16,9.75
4977,299,209,1,0,546.2,6.79
4978,1522,1099,0,3,408.63,86.85
4979,784,464,0,2,210.89,27.9
4980,1623,126,0,1,717.58,7.36
4981,1886,424,0,3,173.79,28.33
4982,2358,798,1,2,312.67,52.43
4983,2467,228,2,3,751.47,7.92
4984,1312,292,0,0,324.33,35.79
4985,2598,790,2,1,455.72,44.03
4986,3076,296,0,0,141.82,47.2
4987,1395,505,2,3,796.41,16.59
4988,2741,213,0,0,282.27,79.44
4989,3108,573,1,0,180.44,13.2
4990,4052,332,2,3,396.38,14.43
4991,2501,1003,0,3,386.55,59.2
4992,584,846,1,0,307.09,51.45
4993,2255,1088,0,0,716.46,60.58
4994,2034,290,0,1,151.29,25.77
4995,294,16,0,0,200.84,5.63
4996,1293,174,1,1,502.65,63.81
4997,1706,259,1,2,1083.88,45.55
4998,1712,127,1,2,589.86,62.21
4999,3216,1000,0,1,91.5,24.84
5000,1119,212,0,1,202.42,32.04
5001,1906,1146,0,1,315.96,25.13
5002,1970,338,0,3,741.63,51.73
5003,2792,893,0,2,399.31,20.75
5004,3629,1003,0,1,311.87,50.72
5005,1649,171,0,0,185.03,88.22
5006,47,802,0,0,200.72,20.77
5007,3513,49,0,0,356.57,10.57
5008,3916,950,0,3,513.52,79.85
5009,3893,807,0,3,445.63,66.95
5010,3080,277,0,0,58.73,41.59
5011,987,336,1,2,588.85,175.93
5012,2798,484,1,2,327.28,60.19
5013,3282,913,0,2,249.14,12.55
5014,2882,798,1,0,341.73,52.88
5015,3589,31,0,0,384.1,102.94
5016,1470,630,1,0,435.69,44.76
5017,1889,416,1,1,571.14,19.14
5018,3170,630,0,0,296.51,22.14
5019,2922,413,0,2,301.75,84.02
5020,4077,1018,0,2,140.68,28.39
5021,2749,944,1,3,324.95,64.99
5022,2154,251,0,1,162.18,25.76
5023,1788,175,1,2,227.82,32.38
5024,2729,126,0,0,797.31,65.86
5025,3398,969,0,0,183.61,12.21
5026,1825,590,1,0,228.98,22.35
5027,2723,565,0,0,131.0,24.22
5028,847,708,1,0,479.19,72.75
5029,2618,1134,0,0,638.13,42.41
5030,3235,645,0,0,204.87,45.63
5031,377,220,1,3,165.3,57.27
5032,3305,491,1,3,158.5,43.35
5033,3726,631,2,0,788.68,51.85
5034,874,22,0,0,167.04,38.13
5035,2043,216,0,1,538.15,47.55
5036,2746,860,1,0,319.42,19.81
5037,593,816,1,2,391.3,29.17
5038,1505,924,1,0,186.91,44.39
5039,2736,698,1,2,538.95,93.77
5040,4079,410,2,3,1909.43,23.56
5041,31,166,2,0,594.12,0.52
5042,211,70,0,0,156.25,21.03
5043,2982,682,1,1,323.28,116.22
5044,3564,105,0,0,284.62,16.95
5045,2032,520,2,1,341.63,0.55
5046,187,376,0,0,173.97,0.0
5047,1798,801,0,1,219.15,90.15
5048,2264,651,0,2,97.63,60.83
5049,4075,595,1,2,943.49,10.41
5050,2600,261,2,1,756.83,51.59
5051,3197,57,0,2,98.52,0.72
5052,2735,13,1,2,548.55,69.41
5053,2051,583,0,0,768.6,53.3
5054,207,1126,2,2,525.97,29.41
5055,1956,59,0,1,210.26,38.35
5056,2910,1011,0,0,366.91,77.69
5057,4121,410,0,3,894.57,51.49
5058,561,599,0,0,143.86,46.31
5059,72,133,0,3,180.63,22.22
5060,1660,819,1,0,207.46,16.12
5061,2550,710,0,0,78.37,35.52
5062,1799,32,2,1,786.47,24.98
5063,1629,70,0,0,204.3,71.43
5064,1140,433,0,2,136.07,14.87
5065,3894,246,0,2,458.9,36.63
5066,3403,288,1,2,568.98,18.11
5067,4192,962,0,0,372.41,64.33
5068,1799,32,2,0,678.54,27.92
5069,2864,1175,0,0,701.03,16.02
5070,963,1014,2,1,623.97,41.12
5071,2135,591,1,0,466.38,17.6
5072,1625,873,0,1,272.22,39.92
5073,3701,817,1,2,286.87,70.57
5074,589,351,0,2,195.27,41.11
5075,635,19,2,0,442.35,52.53
5076,2772,477,0,0,580.92,50.88
5077,3123,939,0,3,412.8,29.39
5078,209,931,0,0,157.8,15.88
5079,2202,256,1,1,253.08,52.61
5080,830,819,2,0,460.08,62.71
5081,1407,905,0,0,140.01,20.64
5082,2175,1150,1,0,745.01,74.63
5083,237,910,0,1,339.56,39.12
5084,3535,603,0,0,73.87,41.63
5085,1909,733,0,1,184.5,25.11
5086,955,646,2,2,1535.35,54.65
5087,111,49,2,0,935.94,15.85
5088,217,840,1,2,504.8,100.49
5089,3563,381,0,1,331.0,33.0
5090,3437,549,0,0,139.04,40.4
5091,3084,648,1,1,623.09,6.6
5092,3705,136,1,0,345.91,91.94
5093,1628,278,1,2,464.49,61.94
5094,1407,905,1,0,226.78,21.13
5095,1041,509,1,0,537.67,9.96
5096,3717,330,0,1,214.14,40.27
5097,1765,961,0,1,301.26,1.6
5098,2953,427,1,1,244.65,25.75
5099,2329,416,0,0,301.0,31.46
5100,2349,405,0,2,321.1,24.16
5101,845,1089,0,2,318.79,33.43
5102,744,174,0,0,376.47,60.26
5103,1097,753,0,0,190.4,1.22
5104,1002,239,0,2,161.02,39.01
5105,2950,701,0,0,330.08,38.1
5106,623,82,0,0,133.01,84.53
5107,3164,651,0,2,113.81,108.37
5108,3064,877,0,3,196.56,44.24
5109,411,349,1,1,482.96,10.01
5110,2389,1032,1,1,465.04,28.36
5111,1192,883,1,2,622.31,38.67
5112,1496,33,0,1,195.73,2.79
5113,74,822,2,1,368.49,18.8
5114,2769,675,2,3,375.88,7.53
5115,1504,753,0,2,245.48,26.04
5116,1999,380,1,2,230.37,55.01
5117,2126,1147,0,0,391.99,18.83
5118,377,220,0,3,197.36,143.45
5119,654,581,0,0,613.63,22.41
5120,1552,117,1,0,376.83,25.81
5121,2682,82,0,2,133.28,11.81
5122,3187,803,2,0,437.15,83.91
5123,3212,610,0,0,268.02,23.01
5124,75,85,0,3,194.3,38.0
5125,435,1075,0,3,345.58,47.89
5126,1168,357,0,2,167.23,22.67
5127,1162,691,0,1,647.52,19.99
5128,709,804,0,0,112.0,37.3
5129,1402,103,0,2,143.53,53.29
5130,4069,168,0,1,309.24,31.77
5131,3018,763,0,0,371.26,13.72
5132,789,606,1,0,356.74,33.2
5133,2464,124,0,2,236.66,103.0
5134,673,620,1,0,1190.2,64.8
5135,1694,657,0,3,141.09,16.59
5136,2081,573,1,1,341.78,24.13
5137,3458,273,0,0,437.13,30.81
5138,730,242,0,0,331.73,43.73
5139,1920,513,1,0,148.78,34.95
5140,607,648,0,2,476.69,62.56
5141,312,193,1,0,559.92,55.14
5142,2798,484,0,0,179.22,26.02
5143,4106,363,0,2,310.92,20.6
5144,3756,471,0,2,407.88,5.16
5145,2572,550,1,2,241.63,32.24
5146,4188,677,1,2,213.92,15.9
5147,4165,535,2,3,471.18,8.58
5148,436,1061,1,0,317.15,28.4
5149,764,1015,2,0,361.79,41.96
5150,2032,520,0,2,197.94,37.81
5151,197,103,0,0,139.63,18.34
5152,832,382,1,1,265.01,12.68
5153,1358,475,0,0,203.89,31.43
5154,1320,1067,2,0,656.27,39.28
5155,1386,149,1,1,352.47,39.73
5156,1469,656,0,0,189.55,26.68
5157,17,113,1,2,447.67,17.25
5158,654,581,0,1,617.27,0.27
5159,1250,616,0,1,419.53,28.21
5160,3778,646,0,2,636.36,9.06
5161,1807,979,1,2,269.71,47.26
5162,1860,303,0,1,353.86,16.03
5163,3963,1121,1,2,197.8,41.62
5164,416,383,1,1,1033.3,26.09
5165,1282,1195,1,1,173.06,9.59
5166,3502,907,0,0,316.05,16.0
5167,4063,255,1,0,1165.75,38.43
5168,3342,895,0,2,121.65,31.51
5169,2614,830,2,1,484.01,50.44
5170,2454,1097,2,3,657.31,51.49
5171,1920,513,0,0,103.46,35.91
5172,2366,30,0,1,173.09,34.61
5173,1099,74,0,1,219.12,8.71
5174,1682,1034,1,3,234.05,27.34
5175,3000,1003,1,1,525.96,58.1
5176,4033,832,0,2,308.38,21.59
5177,3060,933,1,1,307.27,80.67
5178,3705,136,1,1,330.9,12.6
5179,2591,934,2,2,1412.37,49.61
5180,3723,1091,0,0,360.64,23.02
5181,2283,1014,1,2,482.03,10.3
5182,2413,439,1,2,233.64,31.42
5183,1797,1156,0,2,134.8,29.16
5184,4105,834,1,1,186.76,34.97
5185,3298,752,2,3,545.78,25.55
5186,3197,57,0,0,222.74,27.11
5187,16,965,0,3,306.14,28.41
5188,3103,993,1,3,646.11,52.13
5189,465,832,2,2,712.0,55.1
5190,1757,753,0,2,224.62,9.14
5191,3738,631,0,3,407.45,46.48
5192,2485,763,1,0,551.94,8.42
5193,2926,776,1,2,241.79,25.31
5194,3464,46,0,0,252.94,65.02
5195,1789,866,0,3,340.65,12.94
5196,172,906,0,1,232.58,37.45
5197,157,377,1,1,626.34,32.43
5198,545,118,0,3,149.89,16.4
5199,3590,1044,1,2,970.22,31.11
5200,3631,976,0,2,301.12,50.26
5201,4047,730,0,1,431.63,26.21
5202,471,3,0,2,142.9,32.66
5203,1598,710,1,1,295.55,27.78
5204,497,940,0,3,659.58,55.86
5205,3177,186,0,1,308.42,27.67
5206,1873,1032,0,0,214.48,57.06
5207,1895,12,2,0,796.06,43.15
5208,596,1143,0,2,175.04,18.7
5209,3056,948,0,1,188.02,37.68
5210,3807,1165,0,0,310.12,21.31
5211,917,827,0,3,278.12,29.43
5212,2533,1190,0,0,132.34,27.2
5213,1727,726,0,3,178.85,16.35
5214,2552,344,0,3,649.86,42.91
5215,1893,480,0,0,184.22,27.94
5216,455,447,0,0,101.56,40.14
5217,2934,1164,0,0,174.42,21.1
5218,3411,1047,1,3,578.54,40.36
5219,3586,119,1,0,227.04,22.23
5220,76,546,0,3,451.77,18.62
5221,3097,1021,1,0,209.37,55.51
5222,1481,1141,0,0,358.01,21.07
5223,498,160,0,0,142.69,32.44
5224,994,85,0,2,183.9,19.31
5225,3641,1048,0,3,348.09,20.64
5226,3752,467,0,0,129.11,60.69
5227,1918,1053,0,0,423.04,15.33
5228,3156,1079,0,0,177.06,65.53
5229,639,872,0,1,227.05,59.64
5230,3702,1078,2,2,1688.81,39.13
5231,1537,1144,1,1,1054.86,30.46
5232,3993,981,0,2,227.34,55.07
5233,3210,642,0,2,332.07,30.91
5234,370,962,2,0,786.12,14.79
5235,2177,814,0,0,695.91,56.31
5236,3568,876,0,0,321.5,17.31
5237,238,187,1,1,429.42,26.91
5238,920,27,2,0,386.87,27.05
5239,1014,399,2,0,1851.76,18.95
5240,1861,439,1,0,271.12,60.14
5241,2376,310,0,0,250.53,24.3
5242,375,833,0,0,188.79,35.83
5243,2312,841,0,2,376.68,1.23
5244,1332,31,0,1,344.28,23.07
5245,2030,352,0,3,142.18,60.61
5246,280,246,2,0,898.13,4.42
5247,2094,1145,0,0,183.97,37.33
5248,1173,411,1,0,450.69,34.48
5249,323,1161,0,0,208.87,24.37
5250,92,546,2,0,875.41,17.53
5251,2593,880,0,2,204.58,41.35
5252,3354,709,1,3,312.95,48.53
5253,344,646,0,2,523.74,8.59
5254,1394,103,0,0,209.14,13.38
5255,4119,475,1,0,308.05,30.95
5256,2027,821,0,3,124.41,18.32
5257,4095,851,1,2,491.2,33.34
5258,832,382,0,3,202.43,50.71
5259,2098,163,0,0,266.17,27.73
5260,2425,693,0,1,109.32,16.16
5261,3434,849,0,1,669.25,16.05
5262,3355,151,0,0,149.38,22.73
5263,1351,121,1,0,614.37,33.81
5264,3639,1059,0,3,219.19,23.64
5265,2745,562,0,0,269.19,33.75
5266,3042,1135,0,2,196.98,110.76
5267,289,529,2,2,743.31,42.29
5268,2179,308,1,1,301.13,26.18
5269,1988,569,1,3,638.84,12.59
5270,705,142,1,1,198.56,21.33
5271,2917,221,1,1,1151.48,35.02
5272,274,294,2,0,1645.06,4.67
5273,779,878,0,0,729.86,25.73
5274,1613,581,0,2,661.1,65.72
5275,2895,292,1,3,466.38,22.82
5276,3947,666,1,0,286.16,20.16
5277,3109,485,0,2,692.11,85.68
5278,1369,437,1,2,200.82,29.68
5279,1119,212,0,0,153.72,56.14
5280,3964,134,2,0,385.49,69.14
5281,4091,546,0,2,403.64,33.85
5282,1924,350,1,2,790.62,1.27
5283,1720,170,1,1,425.4,27.25
5284,670,144,0,3,335.22,17.04
5285,3087,697,1,0,579.1,11.73
5286,184,613,1,1,280.3,35.49
5287,2337,831,0,2,706.8,53.6
5288,3876,764,0,1,234.28,12.6
5289,1913,3,0,0,154.03,82.05
5290,1594,547,1,0,636.3,91.71
5291,4018,360,0,0,593.95,58.79
5292,4029,299,0,1,149.77,50.11
5293,1320,1067,0,1,296.75,15.94
5294,2670,486,2,2,849.99,25.01
5295,2976,93,1,1,251.24,14.37
5296,3741,300,2,1,842.07,12.41
5297,3305,491,0,2,161.67,43.59
5298,3623,948,0,2,280.58,29.97
5299,2474,1101,1,1,1035.73,42.01
5300,1069,864,1,0,1227.39,89.4
5301,1286,62,1,0,454.29,11.3
5302,1060,407,0,1,167.63,9.58
5303,4167,245,1,0,452.83,12.71
5304,3630,607,0,0,298.97,52.05
5305,1489,53,2,2,495.63,70.65
5306,1193,518,0,0,601.05,37.13
5307,77,22,0,2,204.78,72.56
5308,2034,290,0,2,161.57,24.01
5309,1913,3,0,0,299.22,23.74
5310,703,964,0,1,399.11,71.71
5311,1977,951,0,0,157.85,33.24
5312,2401,267,0,0,136.81,48.26
5313,221,942,0,2,198.81,103.04
5314,971,1026,0,3,313.9,68.99
5315,4116,708,0,2,373.99,71.36
5316,3774,738,2,0,451.55,20.89
5317,247,99,0,0,267.44,26.91
5318,2219,462,0,0,314.81,25.82
5319,2032,520,0,0,161.14,48.71
5320,3222,84,1,0,298.2,28.42
5321,4036,203,1,3,375.17,64.23
5322,128,465,0,0,344.15,18.89
5323,1852,660,2,2,455.32,44.92
5324,3894,246,1,1,631.61,31.08
5325,593,816,1,2,503.13,12.87
5326,173,1128,0,2,272.88,23.43
5327,2669,285,0,2,754.8,23.44
5328,2165,409,0,1,600.45,57.67
5329,3328,524,1,0,435.99,70.16
5330,1200,27,0,1,132.73,120.84
5331,3970,459,0,0,586.64,15.34
5332,3499,722,2,2,481.75,37.7
5333,3139,855,1,0,219.37,23.85
5334,148,413,0,0,295.87,35.23
5335,2066,619,1,2,357.36,88.36
5336,3229,750,0,0,400.3,94.89
5337,1697,953,0,0,256.6,97.37
5338,1512,1019,1,0,1067.49,72.6
5339,1942,606,2,0,474.64,40.7
5340,761,16,1,3,306.22,14.74
5341,3656,527,0,1,263.64,38.8
5342,256,238,1,2,296.65,63.37
5343,2957,748,1,2,493.4,47.99
5344,272,753,1,0,402.31,27.15
5345,2179,308,0,2,214.38,59.21
5346,2406,1182,2,2,621.32,37.69
5347,2262,748,1,1,499.4,30.84
5348,2893,785,1,0,314.85,30.89
5349,4098,970,2,1,381.4,26.58
5350,845,1089,1,0,600.65,29.02
5351,923,312,1,0,198.16,23.5
5352,1335,451,0,0,123.69,16.72
5353,3569,1041,2,2,304.53,117.69
5354,691,847,0,3,112.22,0.0
5355,1646,401,0,1,270.67,33.28
5356,2709,305,0,0,127.57,37.42
5357,3962,39,1,1,270.53,33.33
5358,7,1179,0,0,279.52,8.19
5359,1236,270,1,3,1035.82,48.04
5360,3486,1027,1,2,459.01,23.22
5361,3218,1037,0,1,180.78,16.14
5362,2727,75,1,0,951.62,57.35
5363,1847,293,1,1,269.41,66.79
5364,709,804,2,0,410.26,60.12
5365,384,286,1,0,380.54,39.75
5366,48,832,1,2,508.15,69.87
5367,2485,763,1,0,573.73,34.46
5368,1027,475,0,3,156.2,11.45
5369,2734,315,1,0,546.5,22.22
5370,1560,1024,1,3,406.79,39.5
5371,2861,1175,0,2,639.47,16.15
5372,1980,927,1,1,547.4,45.85
5373,3935,332,1,3,293.12,42.95
5374,1925,77,0,2,121.27,19.91
5375,827,526,0,0,265.57,5.38
5376,1985,1065,2,0,472.71,57.99
5377,1461,892,1,1,373.03,9.48
5378,2410,5,1,3,364.81,0.0
5379,2297,432,1,0,424.03,19.47
5380,457,50,0,1,185.82,25.47
5381,1517,589,1,1,251.63,22.69
5382,2147,611,0,1,238.78,38.49
5383,3217,1050,1,0,541.08,38.91
5384,50,536,0,0,261.15,17.93
5385,3813,652,1,1,287.32,14.77
5386,805,1195,2,2,294.38,11.78
5387,243,341,1,2,647.88,9.31
5388,1541,863,1,3,198.38,54.88
5389,885,749,2,1,525.77,40.92
5390,1927,819,2,0,408.22,24.77
5391,3246,456,1,0,635.14,17.33
5392,3617,705,0,1,322.77,3.59
5393,2733,1057,0,3,822.62,21.09
5394,3217,1050,0,1,292.71,11.52
5395,3323,60,1,0,1117.66,115.1
5396,270,250,0,3,252.77,16.22
5397,3043,662,0,1,288.12,57.16
5398,844,236,0,2,185.23,9.6
5399,2213,88,0,0,154.38,42.14
5400,1492,203,0,3,271.62,12.9
5401,2498,683,0,2,330.04,22.8
5402,925,1163,0,2,190.1,57.41
5403,4061,1026,0,0,317.78,20.55
5404,2708,759,2,2,452.85,56.14
5405,1688,1159,0,1,617.56,35.03
5406,1685,896,0,0,190.5,44.15
5407,3639,1059,0,0,187.22,38.09
5408,2061,136,0,0,228.6,11.04
5409,1901,617,0,2,224.02,110.9
5410,3600,319,0,3,468.95,17.15
5411,1536,271,0,0,323.77,32.08
5412,2424,490,1,1,155.21,14.33
5413,289,529,0,2,197.8,19.11
5414,2585,85,0,1,168.65,45.41
5415,1060,407,1,2,120.74,40.55
5416,1740,559,2,1,256.64,10.25
5417,2629,1051,0,0,141.7,66.18
5418,2351,18,0,0,259.63,15.26
5419,1158,988,0,0,752.31,48.54
5420,1976,916,1,0,617.42,58.3
5421,82,185,0,0,278.71,39.41
5422,1427,784,0,1,178.39,67.03
5423,14,709,1,2,345.64,21.55
5424,2339,1052,0,0,801.1,30.65
5425,2805,1185,0,1,442.01,39.54
5426,3724,978,0,3,193.13,11.44
5427,2074,568,0,2,302.37,12.81
5428,3950,251,0,1,188.52,14.93
5429,2476,1126,0,2,303.04,72.84
5430,1100,70,1,2,348.01,25.35
5431,2334,1187,1,1,458.74,17.6
5432,2615,127,1,1,566.78,4.51
5433,513,1127,0,3,108.8,27.67
5434,4174,883,0,1,442.38,21.14
5435,1666,184,0,0,203.61,15.2
5436,3096,569,0,2,387.34,36.27
5437,3956,381,0,0,326.55,37.46
5438,165,108,1,2,965.41,21.08
5439,2533,1190,2,2,384.04,52.22
5440,3913,960,0,3,635.8,28.28
5441,2902,926,0,0,123.3,82.27
5442,3794,852,1,1,622.04,55.69
5443,3536,371,1,2,128.03,50.35
5444,701,517,0,2,336.58,73.51
5445,2330,955,0,0,154.63,8.53
5446,1615,1083,0,0,638.19,45.97
5447,2420,517,0,3,430.77,54.72
5448,2982,682,0,3,213.2,46.64
5449,2104,987,0,1,330.11,24.39
5450,1959,757,0,3,404.91,46.34
5451,4044,511,0,0,190.46,4.05
5452,1004,1120,0,0,283.16,27.53
5453,3455,851,0,1,409.39,23.47
5454,4149,1006,0,1,245.44,10.3
5455,3455,851,1,1,531.62,42.14
5456,3582,539,0,2,179.51,18.2
5457,2684,462,1,2,496.64,5.53
5458,3880,907,0,3,267.5,22.33
5459,1132,553,2,3,524.63,13.75
5460,2431,495,2,2,408.55,16.36
5461,867,988,1,2,1117.15,18.39
5462,4054,9,0,0,247.93,43.02
5463,2503,77,0,0,201.74,29.49
5464,3087,697,2,3,1101.42,9.49
5465,4086,77,0,1,218.29,43.01
5466,1192,883,0,0,402.57,23.8
5467,4068,148,1,3,225.15,37.04
5468,3398,969,2,2,446.78,44.21
5469,410,372,2,1,459.23,24.12
5470,305,419,0,2,283.98,38.64
5471,513,1127,0,0,264.65,6.76
5472,1716,1091,1,0,581.52,16.7
5473,777,1153,1,0,542.45,57.9
5474,2846,451,1,0,249.58,64.33
5475,3354,709,0,0,113.67,0.0
5476,3289,695,0,1,334.75,3.31
5477,3243,814,1,2,1158.31,70.65
5478,2833,570,0,0,92.82,36.41
5479,669,125,0,1,713.78,26.28
5480,3424,951,0,0,153.3,30.57
5481,704,534,1,2,632.48,31.81
5482,3550,43,0,1,317.55,17.16
5483,1651,896,1,1,307.34,37.4
5484,966,1040,1,1,191.92,10.4
5485,1971,150,1,2,238.05,29.57
5486,1261,205,0,1,83.27,34.88
5487,1078,379,0,0,368.2,71.11
5488,2255,1088,0,3,776.44,18.94
5489,1927,819,0,0,62.19,6.28
5490,639,872,1,2,377.17,10.5
5491,2079,329,1,0,468.7,25.79
5492,2045,550,1,0,79.63,11.85
5493,790,67,1,2,294.92,34.95
5494,4081,767,0,1,196.55,27.42
5495,2459,493,2,1,426.82,38.16
5496,1289,51,2,1,896.74,31.77
5497,2622,286,0,1,298.66,81.72
5498,697,846,1,0,303.67,42.96
5499,427,1144,0,2,724.8,47.82
5500,3241,563,1,0,262.64,15.02
5501,3915,36,0,0,206.63,29.35
5502,3412,1060,0,0,157.02,23.99
5503,202,836,1,3,315.52,33.25
5504,1470,630,0,3,289.48,15.64
5505,3289,695,1,0,502.09,88.39
5506,2822,720,1,2,214.28,125.31
5507,1536,271,1,2,483.66,8.17
5508,2584,1148,0,0,223.25,3.26
5509,2058,685,0,2,341.35,17.69
5510,3649,426,0,0,122.7,45.94
5511,1576,1199,0,1,640.95,16.2
5512,2086,994,0,1,242.74,42.32
5513,4111,621,0,3,459.93,88.32
5514,3283,867,0,0,255.56,47.26
5515,1351,121,1,0,645.93,48.06
5516,1633,454,0,1,157.4,28.45
5517,3342,895,0,3,73.18,75.93
5518,2009,137,0,2,200.72,87.13
5519,1489,53,0,0,294.15,82.43
5520,632,948,0,0,172.85,63.63
5521,3742,1080,1,0,241.36,15.14
5522,3564,105,0,1,333.78,4.07
5523,1996,124,1,1,440.06,14.41
5524,3985,439,1,2,344.36,1.8
5525,937,997,1,0,482.81,81.66
5526,161,708,1,1,502.02,61.89
5527,4175,122,0,0,429.92,54.93
5528,3887,1106,0,0,329.19,65.45
5529,3801,240,1,3,534.86,29.94
5530,3058,206,0,0,269.4,22.93
5531,796,901,0,0,406.04,15.94
5532,3225,292,2,2,624.55,47.67
5533,3389,541,2,0,378.05,16.18
5534,1237,272,0,1,138.39,29.0
5535,665,897,0,0,348.89,24.88
5536,1576,1199,0,1,601.3,61.54
5537,1844,865,0,0,338.87,42.33
5538,2927,1046,0,0,154.88,20.93
5539,1483,342,0,0,342.63,26.99
5540,3768,932,0,3,760.78,6.24
5541,2628,806,2,2,926.87,25.81
5542,1021,424,1,3,276.83,20.14
5543,2852,599,0,0,52.66,69.42
5544,3321,690,0,2,759.63,19.31
5545,4148,79,0,0,268.12,5.54
5546,1066,94,2,2,604.3,35.55
5547,3957,40,0,0,681.3,27.71
5548,530,748,1,1,534.97,17.81
5549,3415,23,1,2,516.37,40.13
5550,1033,286,1,2,416.26,29.28
5551,1052,742,1,2,290.91,73.67
5552,821,1128,2,3,854.63,17.97
5553,3670,79,0,0,308.41,83.4
5554,3289,695,0,0,232.51,21.4
5555,3141,494,2,3,255.26,29.27
5556,1365,509,0,2,340.02,12.17
5557,3481,432,0,1,327.72,20.57
5558,3770,630,0,2,264.63,46.94
5559,3647,27,0,3,184.43,18.44
5560,1863,511,0,1,147.23,10.2
5561,4045,216,2,0,1481.73,7.91
5562,657,581,0,3,733.83,8.92
5563,799,896,0,0,65.36,26.03
5564,3572,791,0,1,344.41,98.87
5565,2995,374,0,2,175.34,31.49
5566,1866,992,0,2,302.07,47.63
5567,484,725,0,1,275.63,79.45
5568,742,92,0,1,219.96,28.76
5569,2335,391,1,0,558.81,25.8
5570,4136,757,0,3,367.31,51.62
5571,3147,294,2,3,1823.85,75.04
5572,3682,512,1,3,616.64,22.82
5573,537,791,0,0,419.89,57.31
5574,2651,775,1,3,202.51,28.31
5575,4154,219,0,3,115.21,29.26
5576,1638,68,0,2,400.8,42.24
5577,1438,415,1,0,388.7,23.01
5578,2694,538,0,2,234.16,15.64
5579,2986,104,0,0,164.5,40.89
5580,540,671,1,3,409.22,61.51
5581,3513,49,0,0,380.94,21.99
5582,3301,925,0,1,333.56,22.06
5583,2804,133,2,0,416.94,17.25
5584,3156,1079,0,2,191.8,38.99
5585,3991,1176,1,2,230.68,44.59
5586,2678,314,0,3,437.84,13.14
5587,696,230,0,2,189.9,32.47
5588,1568,71,0,2,149.39,47.55
5589,3447,732,2,3,561.14,47.42
5590,2420,517,0,2,347.48,33.79
5591,4067,342,1,1,539.81,43.62
5592,2699,861,0,1,199.43,17.72
5593,4083,15,0,1,223.59,35.34
5594,3186,707,0,1,351.07,29.99
5595,1022,793,0,2,325.34,43.9
5596,1694,657,1,2,214.9,94.67
5597,1295,1101,0,0,611.84,16.7
5598,3083,508,0,2,180.11,29.53
5599,1536,271,0,2,368.78,13.63
5600,38,240,2,1,735.7,37.3
