id,flight_id,age,annual_income,group_size,loyalty_tier
1,626,35,37672.0,2,3
2,416,85,38309.0,1,0
3,181,67,51286.0,2,1
4,150,24,35855.0,1,0
5,999,45,60997.0,2,2
6,134,35,74629.0,1,0
7,1179,45,138745.0,1,3
8,1135,43,56017.0,3,1
9,974,26,66257.0,1,3
10,409,34,54853.0,3,0
11,827,29,45179.0,4,1
12,637,45,46552.0,5,0
13,462,40,82332.0,1,0
14,709,24,49913.0,1,0
15,1174,25,57771.0,1,0
16,965,46,73990.0,2,1
17,113,51,35123.0,1,0
18,64,61,29350.0,1,0
19,831,22,60370.0,1,2
20,349,28,28319.0,1,0
21,606,59,44033.0,1,0
22,807,18,98822.0,1,2
23,888,21,51820.0,2,2
24,99,18,49197.0,1,0
25,405,52,128229.0,2,1
26,695,18,49133.0,5,0
27,1114,42,38274.0,1,2
28,1057,43,52158.0,5,2
29,838,45,45865.0,4,0
30,304,32,46278.0,1,1
31,166,34,41847.0,2,1
32,589,28,48539.0,2,1
33,27,41,65260.0,1,1
34,1110,53,39313.0,1,2
35,1149,26,61157.0,1,2
36,1110,38,21172.0,2,0
37,131,31,50564.0,1,2
38,240,24,46431.0,2,0
39,79,34,30374.0,1,0
40,392,55,50307.0,1,0
41,1055,26,47531.0,1,0
42,189,42,72739.0,1,3
43,1119,25,98812.0,1,3
44,313,37,56725.0,1,1
45,85,58,35881.0,2,0
46,828,39,32916.0,3,1
47,802,40,76801.0,1,2
48,832,39,63986.0,2,1
49,128,58,75455.0,1,2
50,536,34,77403.0,1,0
51,612,41,37260.0,1,0
52,223,27,62094.0,2,1
53,790,35,59774.0,2,0
54,362,46,34192.0,3,0
55,319,41,107748.0,1,0
56,710,30,91047.0,1,2
57,566,23,40622.0,1,1
58,212,52,25849.0,2,0
59,643,53,67637.0,1,2
60,978,19,28452.0,1,1
61,672,47,33967.0,1,0
62,1166,50,48924.0,1,3
63,721,26,30726.0,2,2
64,1068,40,37087.0,1,0
65,166,62,65879.0,2,2
66,16,41,45858.0,2,0
67,710,33,36058.0,1,1
68,174,31,30755.0,2,2
69,584,35,23749.0,1,0
70,521,46,48542.0,4,0
71,518,47,41197.0,2,1
72,133,50,90989.0,2,2
73,510,33,60801.0,1,0
74,822,37,37914.0,1,2
75,85,49,99648.0,4,2
76,546,32,47925.0,2,0
77,22,52,51821.0,3,0
78,1020,36,25784.0,3,2
79,176,28,35111.0,1,1
80,395,18,110953.0,1,2
81,345,39,46068.0,2,0
82,185,54,90954.0,1,0
83,335,20,85704.0,2,1
84,242,32,34004.0,1,1
85,628,38,60946.0,2,1
86,387,21,40402.0,2,0
87,376,34,61706.0,3,2
88,133,78,80974.0,3,1
89,1082,38,51044.0,1,0
90,952,49,46643.0,1,1
91,216,51,108439.0,4,0
92,546,59,58421.0,1,0
93,150,73,38719.0,1,1
94,1045,35,23362.0,1,0
95,902,20,35402.0,1,0
96,572,49,41181.0,2,1
97,825,30,41419.0,5,0
98,629,63,67735.0,1,0
99,892,47,52674.0,1,1
100,601,34,53294.0,1,2
101,467,27,124133.0,1,2
102,849,33,158070.0,1,3
103,1041,45,23106.0,1,0
104,655,25,37567.0,3,2
105,774,18,48165.0,1,2
106,929,53,66903.0,2,1
107,65,68,52851.0,1,0
108,413,51,40481.0,2,0
109,222,44,44535.0,1,0
110,809,47,38044.0,1,1
111,49,18,29119.0,2,0
112,1112,18,38037.0,1,1
113,45,50,28287.0,2,1
114,231,56,58284.0,4,1
115,407,33,27851.0,4,1
116,511,18,64727.0,2,2
117,253,54,37082.0,5,2
118,290,31,76364.0,2,1
119,154,18,47809.0,2,1
120,219,36,88872.0,2,2
121,451,46,47179.0,1,0
122,535,30,56255.0,3,1
123,468,30,28377.0,2,2
124,946,48,40571.0,1,2
125,1081,54,51722.0,1,0
126,209,61,51140.0,4,2
127,643,24,48672.0,5,0
128,465,52,85720.0,1,1
129,407,39,81466.0,5,2
130,66,37,29848.0,1,1
131,484,36,76635.0,3,0
132,141,63,73971.0,2,0
133,1154,47,57956.0,2,0
134,334,45,65333.0,1,3
135,255,24,55391.0,2,1
136,450,45,42671.0,5,1
137,667,35,46289.0,2,0
138,970,45,105602.0,1,3
139,401,53,48689.0,2,3
140,181,29,34366.0,1,2
141,710,27,54213.0,2,1
142,965,46,80857.0,1,1
143,58,47,83848.0,1,0
144,423,30,45359.0,1,2
145,1131,38,45644.0,1,0
146,446,61,58843.0,1,0
147,719,55,49566.0,1,2
148,413,40,48727.0,1,1
149,607,33,29447.0,5,1
150,466,53,45002.0,2,0
151,1058,38,71161.0,1,2
152,636,78,31243.0,2,0
153,403,73,82230.0,1,1
154,1024,46,92588.0,2,0
155,799,18,54744.0,1,1
156,675,49,45660.0,3,0
157,377,28,59258.0,2,1
158,516,22,32620.0,2,0
159,101,58,59521.0,1,3
160,1109,24,29905.0,3,1
161,708,23,45542.0,1,0
162,944,40,100506.0,2,2
163,1083,44,51666.0,3,0
164,851,30,45608.0,2,0
165,108,33,74876.0,1,3
166,547,65,56982.0,1,3
167,1163,57,31680.0,1,0
168,1159,54,38327.0,1,0
169,85,46,33675.0,1,0
170,78,18,101677.0,1,2
171,155,33,27288.0,1,0
172,906,29,49472.0,3,1
173,1128,42,42396.0,1,0
174,555,20,88875.0,4,2
175,913,54,28696.0,1,1
176,501,36,37823.0,1,2
177,166,48,82210.0,1,0
178,1177,41,38845.0,1,2
179,635,56,64913.0,4,1
180,1174,33,103968.0,1,0
181,836,33,37750.0,1,2
182,1079,25,94152.0,1,0
183,473,22,47614.0,1,1
184,613,32,64342.0,1,0
185,714,35,65061.0,2,1
186,567,33,58717.0,2,0
187,376,38,62044.0,4,1
188,164,51,49467.0,1,1
189,559,43,53531.0,3,0
190,398,35,61866.0,3,3
191,176,23,40328.0,1,3
192,312,18,33329.0,1,1
193,779,45,74914.0,2,3
194,710,21,29785.0,1,0
195,916,42,101855.0,1,2
196,226,35,54644.0,2,2
197,103,39,59245.0,4,0
198,399,20,59223.0,4,0
199,12,39,49042.0,1,2
200,953,35,103893.0,1,0
201,733,18,63174.0,2,3
202,836,47,18000.0,1,0
203,533,30,70207.0,1,2
204,649,41,30264.0,1,2
205,411,31,29358.0,2,2
206,81,38,80178.0,1,1
207,1126,23,68695.0,1,0
208,1126,65,93303.0,1,2
209,931,24,40565.0,1,0
210,556,25,29152.0,1,0
211,70,45,39043.0,1,2
212,738,36,32659.0,2,1
213,259,59,73061.0,1,1
214,924,28,33625.0,2,2
215,148,18,43558.0,3,3
216,279,40,79186.0,1,1
217,840,61,60271.0,3,0
218,706,56,70815.0,2,1
219,61,36,56043.0,1,2
220,360,54,30902.0,3,1
221,942,58,33786.0,1,0
222,758,18,42190.0,1,0
223,602,27,36792.0,5,0
224,537,26,22759.0,2,1
225,1003,41,51362.0,2,2
226,1159,64,36678.0,3,0
227,1196,42,63399.0,2,2
228,1176,39,71922.0,1,0
229,1002,64,56260.0,1,0
230,1079,25,35475.0,2,2
231,315,30,35256.0,1,2
232,1142,49,46978.0,4,0
233,830,25,54782.0,1,0
234,1054,26,20681.0,1,0
235,1043,43,53218.0,3,1
236,525,28,37421.0,1,2
237,910,36,35270.0,1,0
238,187,52,141397.0,1,1
239,879,39,85472.0,2,1
240,519,35,29747.0,1,0
241,1188,24,53471.0,3,1
242,97,44,72032.0,1,2
243,341,27,58491.0,1,0
244,485,49,99678.0,1,2
245,374,26,62882.0,3,2
246,1025,30,43845.0,2,0
247,99,42,57096.0,1,1
248,1190,42,54221.0,1,0
249,152,27,38787.0,1,3
250,362,37,102075.0,1,2
251,597,38,37175.0,3,0
252,717,24,65616.0,2,0
253,820,40,56334.0,2,0
254,640,36,30920.0,2,0
255,569,48,143051.0,2,2
256,238,51,44480.0,5,3
257,680,32,79121.0,1,1
258,813,48,34693.0,2,2
259,292,54,81965.0,2,1
260,253,34,41991.0,1,2
261,145,34,52044.0,1,0
262,373,38,46595.0,2,0
263,435,49,56032.0,5,1
264,811,30,118173.0,2,2
265,394,30,202320.0,2,1
266,1092,34,61386.0,2,0
267,1046,63,34508.0,1,0
268,1110,23,45721.0,1,0
269,89,29,60983.0,2,2
270,250,18,28448.0,4,0
271,841,43,57081.0,2,0
272,753,38,27469.0,3,1
273,196,29,51352.0,2,0
274,294,36,52917.0,2,1
275,619,23,107107.0,1,0
276,468,26,44795.0,1,2
277,123,23,39370.0,5,2
278,1103,28,66286.0,2,0
279,216,50,46326.0,1,1
280,246,46,43990.0,1,0
281,1181,18,130868.0,1,2
282,936,52,60044.0,1,2
283,959,27,80955.0,1,1
284,722,36,84838.0,2,0
285,31,30,77622.0,4,0
286,87,49,45810.0,1,3
287,997,33,54843.0,1,0
288,486,51,83844.0,1,1
289,529,40,33708.0,1,2
290,1099,37,68774.0,1,2
291,186,23,41800.0,2,1
292,880,24,58658.0,2,1
293,1068,41,38626.0,3,1
294,16,35,36301.0,2,1
295,16,50,46973.0,1,2
296,1087,64,68139.0,2,1
297,821,48,24284.0,1,0
298,209,18,104241.0,1,2
299,209,24,79966.0,5,1
300,111,37,31900.0,1,0
301,101,43,75499.0,1,0
302,1098,47,88584.0,3,0
303,1016,47,110925.0,1,1
304,958,38,104526.0,1,1
305,419,50,34164.0,1,0
306,860,21,75351.0,2,1
307,1070,18,60166.0,2,2
308,317,51,81624.0,1,1
309,228,37,67505.0,2,1
310,614,18,34525.0,1,2
311,666,43,99030.0,2,1
312,193,52,54638.0,1,0
313,336,52,34151.0,1,1
314,63,45,50279.0,3,0
315,135,39,32987.0,4,0
316,896,22,73993.0,2,3
317,409,19,36252.0,1,1
318,646,48,52484.0,2,0
319,1079,30,125427.0,2,1
320,122,49,53227.0,1,0
321,675,23,60192.0,1,1
322,106,49,39953.0,1,2
323,1161,35,73010.0,1,1
324,867,33,100307.0,1,3
325,667,57,70436.0,1,2
326,604,63,65048.0,2,3
327,1183,18,47052.0,1,1
328,256,32,28776.0,1,1
329,126,35,53830.0,2,0
330,1130,38,48512.0,1,0
331,161,32,69860.0,1,2
332,793,18,28614.0,5,1
333,23,26,39932.0,1,2
334,762,33,81025.0,2,1
335,622,22,60855.0,1,3
336,123,50,48769.0,1,0
337,859,47,53398.0,2,3
338,1059,59,47999.0,2,0
339,812,68,32762.0,2,0
340,541,43,58550.0,1,1
341,353,23,58671.0,1,1
342,861,18,48185.0,5,0
343,467,57,47060.0,3,0
344,646,33,40781.0,1,2
345,714,36,55980.0,1,1
346,638,51,46471.0,1,0
347,275,31,90398.0,1,3
348,302,18,91889.0,3,0
349,1112,29,33734.0,2,1
350,1097,18,32778.0,1,1
351,732,36,33953.0,2,0
352,129,21,61879.0,3,3
353,869,48,55986.0,4,0
354,985,52,64474.0,2,0
355,961,31,45557.0,3,0
356,809,25,31379.0,3,1
357,824,35,58649.0,5,1
358,31,24,40978.0,5,1
359,788,42,67596.0,1,1
360,50,47,35264.0,1,1
361,138,54,38995.0,2,2
362,942,26,74616.0,4,1
363,4,44,74329.0,2,0
364,492,46,27464.0,2,0
365,482,26,48624.0,2,1
366,513,25,44048.0,2,0
367,32,51,46609.0,2,3
368,67,26,85253.0,4,1
369,89,34,27199.0,2,0
370,962,53,56752.0,2,1
371,706,25,84801.0,3,0
372,142,29,19562.0,3,0
373,590,36,45260.0,2,1
374,523,30,43153.0,1,0
375,833,44,77509.0,1,0
376,1018,55,18573.0,1,1
377,220,49,114345.0,1,0
378,507,40,46334.0,2,1
379,442,25,75812.0,1,1
380,318,25,37221.0,1,1
381,189,26,28968.0,1,1
382,130,31,128208.0,1,0
383,369,29,55237.0,1,0
384,286,47,53968.0,4,0
385,601,32,32241.0,1,0
386,605,39,31860.0,4,1
387,1110,29,62289.0,1,0
388,162,47,51951.0,1,0
389,987,54,58241.0,2,1
390,337,53,47663.0,2,0
391,820,38,52066.0,1,1
392,545,26,32174.0,1,1
393,88,50,44440.0,3,3
394,769,38,81049.0,2,1
395,885,37,72745.0,1,1
396,566,25,91430.0,3,0
397,916,39,31008.0,1,0
398,872,47,23470.0,1,1
399,959,74,62394.0,1,1
400,1086,43,32301.0,4,0
401,774,25,47941.0,1,0
402,679,33,24931.0,2,0
403,934,41,30075.0,2,1
404,304,25,85482.0,3,1
405,472,55,32287.0,1,0
406,481,25,77633.0,1,3
407,905,29,51171.0,4,1
408,1058,18,63665.0,4,1
409,770,49,34132.0,2,0
410,372,56,36969.0,1,0
411,349,51,27794.0,1,0
412,1043,22,24154.0,2,0
413,272,53,46552.0,2,2
414,29,36,33437.0,2,1
415,549,30,97214.0,1,0
416,383,62,95275.0,2,0
417,1126,56,66419.0,1,0
418,861,78,39722.0,5,0
419,368,52,49309.0,1,2
420,1038,20,58595.0,1,2
421,833,66,41267.0,2,1
422,579,37,48314.0,2,2
423,581,40,85708.0,1,1
424,784,60,30503.0,1,0
425,534,44,45159.0,4,1
426,940,54,35991.0,1,0
427,1144,42,46568.0,1,2
428,191,44,135695.0,4,2
429,8,34,30196.0,5,0
430,1111,18,60668.0,1,2
431,1178,26,48742.0,1,0
432,1007,40,92298.0,1,1
433,96,21,47122.0,2,1
434,490,43,34863.0,2,0
435,1075,43,26024.0,1,2
436,1061,52,30314.0,1,1
437,194,39,71099.0,1,1
438,758,47,83126.0,3,2
439,928,18,44858.0,1,0
440,768,32,52417.0,1,2
441,199,45,52982.0,2,2
442,242,35,133694.0,5,2
443,863,40,62584.0,3,0
444,482,25,62189.0,2,1
445,463,34,39770.0,1,1
446,228,28,20030.0,5,0
447,615,49,47434.0,1,0
448,781,27,75441.0,1,1
449,751,21,67795.0,4,0
450,1052,28,55739.0,3,1
451,1151,35,42162.0,1,0
452,271,51,34712.0,1,1
453,455,46,33639.0,1,0
454,64,37,53427.0,1,0
455,447,45,37804.0,2,0
456,443,34,21439.0,2,0
457,50,30,33221.0,2,1
458,392,20,34024.0,1,0
459,172,53,66518.0,4,3
460,50,47,38571.0,1,2
461,89,40,36136.0,1,2
462,75,53,34755.0,1,1
463,869,46,34815.0,5,0
464,993,40,116994.0,2,0
465,832,31,44833.0,2,0
466,540,23,64951.0,2,2
467,1021,53,41102.0,1,0
468,391,59,40040.0,2,3
469,844,36,88635.0,3,0
470,374,51,99614.0,1,2
471,3,57,58796.0,1,0
472,523,44,39737.0,1,0
473,567,30,65542.0,1,0
474,59,54,27977.0,3,1
475,106,35,20993.0,2,1
476,21,56,47999.0,2,1
477,1154,49,31043.0,4,2
478,469,48,45223.0,4,0
479,467,40,53484.0,1,0
480,1103,29,68068.0,5,0
481,925,38,40864.0,3,1
482,760,30,69584.0,1,2
483,760,18,42410.0,3,1
484,725,18,34916.0,1,0
485,607,29,32409.0,1,0
486,808,35,33964.0,1,0
487,61,69,18000.0,1,0
488,28,37,50068.0,4,0
489,1048,45,58505.0,1,0
490,1085,35,73856.0,1,0
491,498,18,24812.0,5,1
492,842,48,68263.0,3,1
493,1164,34,56617.0,1,2
494,601,48,63948.0,3,0
495,3,54,48913.0,5,2
496,79,51,18000.0,5,0
497,940,37,51009.0,1,0
498,160,40,58703.0,1,1
499,1184,31,63763.0,4,2
500,714,26,58679.0,3,0
501,443,35,44790.0,1,2
502,544,29,23412.0,1,0
503,430,24,40467.0,2,2
504,610,18,77846.0,1,1
505,1136,31,96295.0,1,2
506,1169,25,26688.0,2,0
507,1125,45,37599.0,4,0
508,994,44,130341.0,1,2
509,340,48,34753.0,4,0
510,47,32,58862.0,1,0
511,973,18,59233.0,1,0
512,880,18,43508.0,3,0
513,1127,57,39403.0,2,0
514,128,18,72832.0,1,2
515,136,18,61519.0,1,2
516,559,39,27069.0,2,1
517,402,19,42518.0,2,1
518,1131,26,55534.0,1,2
519,392,30,69868.0,1,0
520,142,40,39234.0,1,0
521,210,19,36258.0,4,0
522,562,18,36941.0,1,0
523,218,18,72627.0,3,2
524,771,18,34892.0,1,3
525,346,34,49302.0,2,1
526,1041,49,31687.0,4,0
527,277,35,60943.0,2,2
528,160,34,28807.0,1,0
529,714,31,34861.0,1,0
530,748,26,40128.0,3,0
531,904,42,36193.0,5,0
532,637,21,39736.0,1,0
533,860,35,36790.0,1,0
534,364,34,31230.0,2,0
535,327,35,95338.0,2,3
536,1137,45,52277.0,5,0
537,791,48,57770.0,1,0
538,379,18,93668.0,3,1
539,18,36,31212.0,1,1
540,671,28,41791.0,1,1
541,213,49,42214.0,1,0
542,1004,44,43833.0,1,0
543,198,50,43755.0,1,1
544,105,34,21362.0,4,0
545,118,50,51042.0,1,2
546,648,49,42714.0,2,1
547,904,19,57905.0,1,0
548,335,18,51593.0,3,1
549,843,37,108150.0,2,0
550,958,25,53962.0,1,3
551,784,40,109744.0,4,2
552,502,18,146847.0,1,2
553,505,41,70493.0,1,2
554,829,25,54866.0,1,1
555,849,46,43313.0,1,0
556,127,35,39858.0,1,1
557,722,44,38602.0,1,0
558,547,25,64530.0,1,2
559,474,41,47660.0,4,1
560,325,20,64054.0,1,0
561,599,31,45935.0,1,0
562,922,31,88117.0,5,2
563,193,30,87043.0,2,1
564,190,34,68838.0,1,2
565,439,18,47626.0,1,0
566,522,39,30056.0,5,0
567,881,35,18260.0,1,1
568,661,47,30758.0,1,3
569,191,18,101309.0,1,1
570,171,51,60069.0,4,2
571,596,18,60145.0,3,1
572,1134,49,59649.0,1,2
573,50,45,18000.0,1,0
574,1023,37,103217.0,2,2
575,845,56,39062.0,1,0
576,497,18,42043.0,3,0
577,710,33,25025.0,1,1
578,886,40,41682.0,3,1
579,1142,50,86362.0,2,2
580,1059,42,29969.0,2,0
581,567,32,57251.0,2,0
582,522,44,33641.0,1,2
583,5,34,48272.0,2,0
584,846,18,31207.0,2,1
585,561,44,82365.0,5,0
586,642,40,31358.0,1,1
587,292,30,58271.0,1,2
588,375,32,73624.0,2,2
589,351,37,52039.0,1,1
590,383,18,56221.0,1,0
591,688,28,38741.0,1,0
592,22,57,62294.0,2,1
593,816,29,65528.0,2,1
594,720,33,29562.0,3,2
595,681,23,34179.0,2,2
596,1143,44,85211.0,1,0
597,139,33,49705.0,1,2
598,955,38,51513.0,1,0
599,562,33,200895.0,1,2
600,961,18,35010.0,3,1
601,116,33,121905.0,4,1
602,270,36,57898.0,1,0
603,860,34,81284.0,1,1
604,210,52,107509.0,2,2
605,266,63,41186.0,4,0
606,279,44,46397.0,1,1
607,648,24,34541.0,1,1
608,398,56,39385.0,2,1
609,1065,26,43662.0,1,3
610,1144,59,42406.0,1,1
611,179,46,77854.0,2,3
612,816,41,72795.0,1,2
613,1097,32,53170.0,1,0
614,67,33,60622.0,1,0
615,228,49,104922.0,1,1
616,37,36,42411.0,1,2
617,185,41,33441.0,4,0
618,1009,48,25333.0,2,1
619,618,43,40077.0,5,1
620,697,54,28843.0,2,2
621,1053,25,72149.0,1,1
622,1068,24,36370.0,5,0
623,82,58,82032.0,3,1
624,157,31,84465.0,4,2
625,774,44,63227.0,1,2
626,51,39,46298.0,3,0
627,888,31,45594.0,1,1
628,1098,20,40177.0,2,0
629,966,55,19688.0,1,2
630,1080,26,80604.0,1,3
631,863,51,84798.0,1,0
632,948,27,50976.0,1,0
633,14,35,69731.0,1,1
634,723,25,24916.0,2,0
635,19,31,82551.0,1,0
636,719,41,93931.0,3,0
637,785,24,57321.0,2,3
638,385,33,38189.0,1,0
639,872,42,53154.0,3,1
640,518,50,97928.0,2,0
641,394,31,83999.0,2,0
642,113,20,31115.0,2,0
643,539,42,46428.0,1,2
644,779,57,100855.0,2,0
645,1083,27,24076.0,1,0
646,687,41,35080.0,1,0
647,600,48,105693.0,1,0
648,407,29,59962.0,3,1
649,593,28,85416.0,1,3
650,1051,30,27599.0,4,2
651,998,52,20815.0,1,1
652,1071,32,82676.0,3,1
653,220,47,76234.0,1,0
654,581,45,22060.0,1,0
655,37,38,55262.0,1,1
656,750,34,49522.0,3,1
657,581,26,92620.0,1,2
658,442,69,31260.0,2,0
659,580,46,24797.0,1,0
660,749,18,27760.0,2,0
661,561,36,119055.0,1,3
662,609,29,94924.0,1,1
663,1185,36,70159.0,1,3
664,119,62,116913.0,3,2
665,897,18,52612.0,3,1
666,869,51,54171.0,2,1
667,288,43,32707.0,2,0
668,1064,56,84893.0,2,2
669,125,42,115570.0,2,1
670,144,19,39511.0,1,1
671,317,32,38357.0,1,0
672,264,18,48428.0,1,2
673,620,66,115814.0,1,1
674,310,38,56747.0,1,1
675,268,25,53186.0,1,2
676,318,35,149951.0,3,2
677,1136,50,32025.0,1,3
678,1085,43,37897.0,1,1
679,615,55,34152.0,1,0
680,56,39,81340.0,2,0
681,596,36,48784.0,1,1
682,22,18,81588.0,1,2
683,852,24,34582.0,2,3
684,1154,31,27409.0,1,0
685,890,55,46754.0,1,0
686,378,23,57958.0,1,1
687,569,44,53827.0,1,3
688,695,49,68078.0,3,3
689,1053,49,43033.0,1,2
690,823,32,33000.0,2,2
691,847,26,31896.0,3,0
692,1128,29,26092.0,1,1
693,896,35,101704.0,1,1
694,640,38,65076.0,2,1
695,308,48,58849.0,2,2
696,230,36,50720.0,2,0
697,846,57,57945.0,4,0
698,354,36,67898.0,2,0
699,517,30,50280.0,1,1
700,565,23,68518.0,1,1
701,517,63,56103.0,1,1
702,996,49,66679.0,2,2
703,964,36,35426.0,1,0
704,534,58,38970.0,1,1
705,142,56,61676.0,1,0
706,436,38,66298.0,2,3
707,783,48,45064.0,1,1
708,1128,37,79424.0,3,3
709,804,60,34696.0,2,0
710,521,38,26974.0,1,3
711,709,18,58661.0,4,2
712,977,39,38636.0,1,1
713,997,36,35350.0,1,3
714,308,39,28325.0,1,0
715,626,40,18000.0,4,1
716,28,35,99010.0,1,1
717,915,41,36407.0,1,0
718,519,42,31783.0,1,2
719,847,33,62022.0,1,1
720,563,32,142144.0,1,2
721,107,41,47689.0,2,3
722,135,28,19036.0,4,0
723,222,27,55567.0,1,0
724,941,45,97006.0,2,0
725,24,18,48748.0,1,0
726,1166,37,57906.0,2,0
727,431,30,64472.0,2,1
728,589,44,48604.0,1,0
729,544,18,28818.0,1,0
730,242,23,66940.0,1,1
731,857,44,82845.0,1,0
732,100,37,28886.0,1,1
733,536,39,53234.0,4,1
734,344,34,66292.0,1,0
735,827,33,28771.0,2,0
736,119,51,60472.0,1,0
737,395,42,46750.0,4,1
738,1186,25,80875.0,1,1
739,921,41,43543.0,1,0
740,237,40,116999.0,1,2
741,85,31,25101.0,1,2
742,92,18,19593.0,2,0
743,451,18,48181.0,4,1
744,174,33,78985.0,1,1
745,1039,45,66299.0,1,3
746,571,39,18000.0,1,0
747,794,43,60203.0,1,1
748,893,18,46916.0,1,0
749,392,36,46310.0,3,1
750,338,41,43450.0,4,0
751,949,36,65694.0,1,1
752,358,54,82715.0,4,2
753,71,36,39913.0,4,0
754,371,19,46641.0,1,1
755,640,26,43432.0,1,1
756,644,24,71814.0,1,0
757,929,26,23713.0,1,0
758,319,40,35810.0,4,0
759,608,43,90893.0,2,3
760,596,35,42122.0,2,2
761,16,33,27754.0,2,0
762,854,51,29024.0,3,0
763,557,45,61611.0,3,1
764,1015,18,75910.0,4,1
765,499,35,81454.0,2,1
766,174,59,73539.0,1,0
767,1177,33,43430.0,1,0
768,539,39,61723.0,5,2
769,121,64,78794.0,1,3
770,347,40,36297.0,1,1
771,913,33,32452.0,3,1
772,831,18,60478.0,2,3
773,39,57,40152.0,1,1
774,195,27,64409.0,1,2
775,95,62,33421.0,2,0
776,1026,44,59504.0,1,0
777,1153,51,29650.0,3,0
778,129,69,59931.0,1,1
779,878,54,56774.0,1,2
780,501,27,49320.0,4,2
781,1181,20,76687.0,1,1
782,852,37,27133.0,2,3
783,173,36,49368.0,1,2
784,464,32,66418.0,3,0
785,121,60,61374.0,1,1
786,960,37,66657.0,3,1
787,287,48,50989.0,2,1
788,760,32,30193.0,4,0
789,606,37,82104.0,1,0
790,67,29,110913.0,1,0
791,606,45,55399.0,1,1
792,1062,18,37817.0,1,0
793,1004,38,32230.0,1,0
794,509,35,28187.0,2,1
795,286,28,36720.0,2,0
796,901,47,26824.0,1,0
797,768,37,80100.0,2,0
798,998,36,50142.0,4,2
799,896,46,27975.0,1,0
800,242,24,135662.0,2,0
801,29,47,20532.0,3,2
802,245,33,32445.0,3,0
803,588,43,44918.0,2,0
804,65,45,44523.0,1,0
805,1195,53,36098.0,2,1
806,360,37,27557.0,1,0
807,501,50,101824.0,1,3
808,914,54,56507.0,3,0
809,409,25,43574.0,5,2
810,1062,25,62772.0,2,2
811,954,42,30287.0,4,0
812,1200,44,52315.0,1,2
813,931,64,56939.0,2,2
814,1095,27,29307.0,2,0
815,372,45,37011.0,1,1
816,679,55,43582.0,1,0
817,1013,18,29948.0,1,0
818,587,35,54692.0,2,0
819,1034,34,49142.0,2,1
820,1072,41,54741.0,1,0
821,1128,50,81846.0,1,2
822,324,27,63578.0,1,0
823,88,59,36491.0,1,2
824,1145,51,53497.0,1,2
825,1066,32,56952.0,1,2
826,223,47,55383.0,4,0
827,526,48,129658.0,1,1
828,642,54,148152.0,1,2
829,708,31,20174.0,1,0
830,819,22,26337.0,2,0
831,1025,28,86866.0,3,1
832,382,31,67142.0,1,1
833,909,36,67497.0,5,0
834,973,25,70041.0,2,0
835,840,40,33152.0,1,0
836,934,48,35493.0,1,0
837,320,47,50572.0,1,1
838,854,70,70559.0,2,3
839,1155,37,75299.0,1,0
840,261,24,62823.0,1,1
841,886,22,63815.0,2,0
842,206,41,42913.0,3,2
843,344,31,25795.0,2,0
844,236,19,18895.0,2,2
845,1089,43,108081.0,1,0
846,626,25,62169.0,3,0
847,708,33,72758.0,4,1
848,1182,56,46359.0,1,1
849,608,25,24348.0,1,3
850,961,20,35246.0,1,0
851,706,18,27772.0,1,1
852,756,31,40709.0,1,0
853,610,22,32540.0,1,0
854,176,20,46247.0,3,0
855,561,27,41049.0,2,2
856,1115,27,28362.0,1,1
857,652,23,59330.0,2,2
858,571,69,75930.0,1,1
859,517,64,40066.0,2,1
860,863,33,44628.0,2,1
861,1021,30,101946.0,1,0
862,620,36,36733.0,1,0
863,290,24,74694.0,3,0
864,983,24,45818.0,1,0
865,1124,31,42753.0,3,2
866,1022,32,90539.0,1,3
867,988,50,44260.0,1,0
868,186,32,36027.0,1,0
869,844,38,59561.0,1,0
870,1087,29,67952.0,1,2
871,32,63,21179.0,2,0
872,380,69,18037.0,2,1
873,849,53,36411.0,5,0
874,22,47,34619.0,2,2
875,42,18,53660.0,5,0
876,1034,43,52627.0,1,2
877,983,58,52290.0,1,0
878,397,18,52512.0,1,1
879,1155,46,109474.0,1,3
880,478,71,70937.0,1,1
881,1041,37,37702.0,1,0
882,408,39,55761.0,1,3
883,51,71,66270.0,2,2
884,1087,57,41361.0,1,0
885,749,18,34757.0,2,0
886,652,24,39164.0,2,1
887,111,53,60050.0,5,0
888,737,18,54309.0,1,1
889,436,23,66241.0,2,1
890,1179,28,52378.0,3,0
891,797,26,148844.0,1,1
892,558,25,147446.0,3,0
893,986,32,77518.0,3,1
894,1091,22,25532.0,2,0
895,592,18,44383.0,1,1
896,36,41,63916.0,1,1
897,160,49,72905.0,3,0
898,985,35,79140.0,2,0
899,972,43,52504.0,2,0
900,838,56,46236.0,1,0
901,185,44,37309.0,4,2
902,757,37,51429.0,1,0
903,604,58,54258.0,1,0
904,354,53,59078.0,3,0
905,652,35,37820.0,1,0
906,323,48,43307.0,1,1
907,820,44,41928.0,1,2
908,679,73,52347.0,2,3
909,164,61,49425.0,1,2
910,471,44,44826.0,2,1
911,192,50,45602.0,2,0
912,207,18,44032.0,5,2
913,838,38,44355.0,3,0
914,1108,39,37728.0,2,0
915,949,44,46145.0,1,0
916,1125,31,31941.0,3,1
917,827,38,41997.0,2,1
918,109,43,56514.0,1,2
919,622,31,57066.0,3,2
920,27,35,25896.0,2,0
921,696,32,26170.0,1,0
922,1106,52,47853.0,1,0
923,312,56,29232.0,5,0
924,257,67,54261.0,1,1
925,1163,38,36274.0,3,0
926,440,63,46784.0,1,2
927,854,26,49168.0,4,3
928,663,18,48953.0,1,1
929,396,37,59618.0,3,2
930,306,43,45557.0,1,3
931,1017,18,59291.0,1,0
932,331,34,64091.0,2,0
933,678,39,31681.0,2,2
934,171,30,33741.0,2,1
935,261,35,69412.0,2,1
936,277,41,41939.0,2,0
937,997,55,48209.0,2,1
938,990,48,46821.0,1,3
939,559,45,59272.0,1,1
940,100,18,37782.0,1,0
941,1173,38,66275.0,2,3
942,53,55,67425.0,1,2
943,1057,41,22401.0,1,1
944,1150,47,86904.0,1,1
945,247,27,59031.0,3,2
946,264,24,58259.0,1,0
947,150,31,104031.0,3,3
948,654,59,65738.0,2,1
949,116,39,53457.0,3,0
950,861,61,47965.0,1,3
951,353,27,32595.0,5,0
952,924,18,40695.0,3,1
953,1150,36,40007.0,2,0
954,771,31,39686.0,3,1
955,646,53,44028.0,4,0
956,1005,60,43602.0,3,0
957,1000,59,64387.0,1,1
958,1170,45,51600.0,2,0
959,858,49,18000.0,3,2
960,281,48,37722.0,1,0
961,189,30,55986.0,3,2
962,977,41,26724.0,4,0
963,1014,39,46459.0,1,0
964,762,30,42633.0,1,2
965,1170,35,33637.0,1,0
966,1040,31,43575.0,3,0
967,113,48,90079.0,3,3
968,159,50,53099.0,2,1
969,577,49,57472.0,1,0
970,453,36,29428.0,4,1
971,1026,50,39303.0,1,0
972,903,34,71083.0,1,0
973,791,35,37049.0,1,0
974,148,37,99909.0,1,0
975,857,55,113407.0,1,0
976,1183,37,35151.0,1,0
977,1121,31,49046.0,2,3
978,241,27,53065.0,1,1
979,518,36,44415.0,1,2
980,298,18,102308.0,2,3
981,914,46,60565.0,1,2
982,153,31,53342.0,1,1
983,123,18,52097.0,1,0
984,1023,20,18000.0,4,0
985,620,27,58031.0,1,1
986,1030,32,31006.0,2,0
987,336,34,47700.0,2,1
988,278,47,42884.0,2,2
989,1159,37,31153.0,2,0
990,385,38,34172.0,2,0
991,375,44,40888.0,1,0
992,568,27,25583.0,1,0
993,1160,37,37226.0,2,0
994,85,35,39127.0,4,1
995,706,56,72280.0,1,0
996,742,41,47176.0,1,0
997,919,45,42735.0,1,0
998,1002,42,25458.0,3,0
999,657,50,70529.0,1,2
1000,913,55,32150.0,3,0
1001,851,40,61654.0,1,0
1002,239,27,81114.0,2,1
1003,1176,36,42521.0,2,0
1004,1120,20,56254.0,1,1
1005,758,18,52082.0,1,0
1006,541,37,33592.0,5,0
1007,1188,44,39539.0,3,1
1008,265,33,38707.0,1,0
1009,557,46,30445.0,2,0
1010,832,65,49860.0,4,0
1011,460,53,53514.0,1,1
1012,135,28,54139.0,3,1
1013,480,30,29631.0,1,0
1014,399,38,62133.0,1,2
1015,941,18,48900.0,1,0
1016,973,37,21000.0,1,0
1017,1115,36,89096.0,3,2
1018,389,57,54327.0,1,1
1019,209,34,45344.0,2,0
1020,746,35,37514.0,2,2
1021,424,43,38825.0,1,0
1022,793,44,66993.0,2,0
1023,505,44,50085.0,2,0
1024,468,24,53002.0,1,1
1025,801,30,36823.0,3,0
1026,989,46,34658.0,1,0
1027,475,39,55006.0,1,2
1028,768,36,48526.0,1,1
1029,535,23,88069.0,4,2
1030,53,32,56479.0,1,2
1031,961,50,49095.0,2,1
1032,856,65,56853.0,1,0
1033,286,60,50307.0,1,1
1034,326,24,28436.0,2,1
1035,767,50,79470.0,3,2
1036,1000,36,48929.0,4,0
1037,251,18,69069.0,3,3
1038,1097,45,66395.0,1,0
1039,768,41,35164.0,3,0
1040,808,44,45987.0,4,0
1041,509,23,36368.0,2,2
1042,999,18,71801.0,1,1
1043,471,34,52143.0,3,2
1044,1119,42,108327.0,1,0
1045,53,47,24941.0,2,0
1046,390,32,37289.0,2,1
1047,324,29,42807.0,1,1
1048,99,34,57027.0,1,2
1049,699,21,49740.0,2,3
1050,197,38,32521.0,1,0
1051,1169,41,75713.0,1,0
1052,742,33,28026.0,4,0
1053,48,44,69562.0,3,0
1054,626,46,27004.0,1,0
1055,326,43,70086.0,1,2
1056,939,48,56261.0,1,0
1057,856,48,82752.0,3,2
1058,168,32,37023.0,2,0
1059,728,43,60056.0,2,3
1060,407,47,56237.0,4,2
1061,391,35,28835.0,2,0
1062,462,53,55370.0,3,0
1063,405,48,106520.0,4,0
1064,758,50,40697.0,1,1
1065,697,20,56302.0,2,1
1066,94,20,56860.0,2,1
1067,217,45,26360.0,4,1
1068,297,58,29057.0,1,0
1069,864,45,53432.0,1,0
1070,1025,34,28006.0,2,2
1071,845,42,87623.0,3,2
1072,873,57,60260.0,2,1
1073,834,64,22690.0,2,0
1074,976,45,68927.0,1,1
1075,679,29,33836.0,1,1
1076,922,47,51953.0,2,0
1077,358,47,44357.0,2,2
1078,379,45,67720.0,4,1
1079,209,52,39640.0,1,0
1080,147,34,29124.0,1,1
1081,902,22,54645.0,1,0
1082,1022,59,42064.0,1,0
1083,212,37,77397.0,1,1
1084,718,19,38296.0,1,1
1085,754,26,21384.0,2,1
1086,284,62,21950.0,1,1
1087,624,35,26531.0,3,0
1088,233,20,59209.0,2,0
1089,438,56,18049.0,3,1
1090,170,30,85917.0,3,0
1091,197,45,45030.0,1,1
1092,1158,38,42720.0,1,0
1093,694,56,75040.0,1,1
1094,111,42,34126.0,1,0
1095,676,66,60341.0,1,0
1096,407,28,80526.0,1,2
1097,753,18,66754.0,1,2
1098,286,28,50002.0,4,1
1099,74,37,85979.0,3,2
1100,70,35,61352.0,2,2
1101,371,37,56357.0,1,2
1102,448,32,22114.0,1,1
1103,1194,52,70068.0,1,1
1104,1163,18,66650.0,5,1
1105,261,28,62316.0,1,2
1106,651,58,18000.0,3,0
1107,273,37,59244.0,1,1
1108,535,38,59582.0,2,0
1109,915,27,46810.0,1,0
1110,797,41,29178.0,1,0
1111,1199,38,80239.0,1,1
1112,124,53,35696.0,1,0
1113,890,46,47336.0,1,1
1114,1109,27,36932.0,2,0
1115,1162,46,48526.0,1,2
1116,979,36,77616.0,3,3
1117,1007,53,47075.0,1,2
1118,974,55,101951.0,1,3
1119,212,18,35385.0,1,0
1120,1078,36,58912.0,1,2
1121,657,26,46372.0,1,0
1122,73,34,49202.0,3,2
1123,213,19,75484.0,1,2
1124,297,49,39722.0,2,0
1125,505,26,38885.0,1,1
1126,250,42,54465.0,2,2
1127,840,23,88266.0,1,2
1128,165,18,84984.0,1,1
1129,747,35,80662.0,1,1
1130,427,53,75656.0,1,0
1131,1048,52,39667.0,4,0
1132,553,36,48038.0,2,0
1133,1043,21,72895.0,5,1
1134,647,28,55759.0,1,0
1135,875,44,39377.0,2,1
1136,293,29,22055.0,1,0
1137,932,38,25621.0,1,0
1138,577,36,66919.0,1,1
1139,688,33,30991.0,1,0
1140,433,52,51320.0,2,2
1141,310,23,40680.0,2,2
1142,1091,34,57901.0,3,0
1143,569,54,32562.0,1,1
1144,165,22,80858.0,3,0
1145,474,56,88116.0,5,1
1146,13,40,28467.0,1,3
1147,581,35,31258.0,3,0
1148,450,59,82094.0,2,2
1149,91,18,29596.0,1,0
1150,1149,27,85309.0,2,1
1151,1001,26,71694.0,1,0
1152,497,33,22702.0,1,0
1153,451,18,40130.0,2,1
1154,219,50,77002.0,1,0
1155,782,40,50891.0,2,0
1156,282,46,46492.0,2,2
1157,506,50,26038.0,2,0
1158,988,39,28183.0,1,0
1159,926,38,59994.0,1,2
1160,1149,34,53580.0,3,0
1161,533,55,90362.0,4,0
1162,691,19,52207.0,2,0
1163,891,36,31272.0,2,0
1164,490,41,44116.0,1,1
1165,449,34,49304.0,3,3
1166,33,26,98013.0,5,1
1167,117,28,49914.0,2,2
1168,357,28,104735.0,2,1
1169,445,33,40986.0,2,0
1170,273,57,58078.0,2,2
1171,841,49,55985.0,1,0
1172,886,38,58730.0,1,2
1173,411,35,121272.0,1,3
1174,206,51,74965.0,4,0
1175,616,24,81629.0,3,2
1176,855,65,37086.0,1,0
1177,242,24,46442.0,1,2
1178,778,48,64523.0,4,0
1179,889,30,39247.0,1,0
1180,1041,23,43094.0,3,2
1181,992,24,49346.0,3,1
1182,1138,46,101889.0,2,0
1183,280,41,45678.0,3,1
1184,152,32,85735.0,2,0
1185,276,18,34919.0,2,1
1186,487,35,64138.0,4,0
1187,847,31,43338.0,3,1
1188,27,48,32994.0,1,1
1189,997,39,85283.0,4,1
1190,1139,32,42223.0,2,0
1191,1003,58,102089.0,2,2
1192,883,54,58429.0,1,1
1193,518,62,50784.0,1,2
1194,465,18,44472.0,1,1
1195,1056,51,56732.0,3,1
1196,1155,32,64051.0,1,1
1197,1091,41,45296.0,5,0
1198,1105,52,119281.0,1,1
1199,776,31,49118.0,2,0
1200,27,21,64781.0,4,1
1201,732,27,33979.0,2,0
1202,859,39,20777.0,1,0
1203,38,53,58876.0,2,3
1204,36,50,48571.0,2,1
1205,1155,44,62090.0,1,3
1206,1149,20,48684.0,1,3
1207,721,29,44549.0,2,0
1208,1036,18,36831.0,1,3
1209,29,30,53935.0,1,1
1210,226,40,19093.0,3,0
1211,1129,44,28695.0,3,3
1212,1127,45,33408.0,3,0
1213,1134,75,85517.0,2,0
1214,976,23,59099.0,2,1
1215,91,34,54035.0,1,0
1216,389,51,82870.0,1,3
1217,870,40,98377.0,1,2
1218,750,65,36582.0,2,0
1219,348,22,68521.0,1,1
1220,1077,50,91714.0,1,3
1221,579,40,29627.0,4,0
1222,76,57,68999.0,4,1
1223,886,30,103135.0,1,3
1224,750,25,65112.0,1,0
1225,897,40,79555.0,2,1
1226,15,53,25460.0,4,0
1227,1176,32,56993.0,5,2
1228,1035,40,48898.0,2,2
1229,894,18,55533.0,1,0
1230,641,40,52943.0,1,0
1231,980,59,63277.0,1,3
1232,1028,18,25900.0,3,0
1233,233,44,84630.0,1,2
1234,442,42,34539.0,1,1
1235,899,34,36084.0,1,0
1236,270,49,87282.0,3,3
1237,272,45,43108.0,1,2
1238,164,18,43901.0,5,1
1239,167,21,64902.0,1,0
1240,547,48,18080.0,1,0
1241,381,52,43256.0,3,2
1242,271,48,45196.0,2,0
1243,879,45,80562.0,1,0
1244,131,51,44592.0,1,2
1245,769,18,42519.0,3,0
1246,238,25,29856.0,1,1
1247,442,37,76288.0,5,1
1248,590,34,104388.0,5,1
1249,51,34,168357.0,1,3
1250,616,39,51922.0,1,0
1251,232,33,123838.0,3,1
1252,47,38,72336.0,1,1
1253,593,27,39287.0,1,0
1254,803,33,126874.0,2,2
1255,792,43,63672.0,3,1
1256,1141,38,54380.0,3,0
1257,402,33,37447.0,4,0
1258,1027,42,56157.0,1,1
1259,180,48,38782.0,4,0
1260,377,22,37332.0,1,1
1261,205,37,72758.0,1,2
1262,502,29,51370.0,2,0
1263,807,43,43487.0,2,1
1264,264,38,118777.0,1,1
1265,528,43,71164.0,1,0
1266,313,45,82411.0,1,2
1267,816,29,46110.0,3,0
1268,711,40,65702.0,1,1
1269,269,18,53630.0,3,1
1270,524,28,78771.0,3,0
1271,876,28,97718.0,1,0
1272,785,24,23827.0,3,2
1273,265,69,104467.0,1,0
1274,336,18,36326.0,2,2
1275,759,45,78645.0,1,1
1276,836,28,74780.0,4,0
1277,1165,30,64620.0,4,2
1278,553,57,31142.0,1,0
1279,68,37,57565.0,1,2
1280,391,18,67917.0,1,0
1281,476,49,40980.0,2,0
1282,1195,43,67064.0,1,1
1283,374,25,38632.0,3,0
1284,565,24,18000.0,1,1
1285,21,43,26246.0,3,0
1286,62,18,51550.0,1,0
1287,33,34,45951.0,1,1
1288,1196,18,49959.0,1,0
1289,51,34,63632.0,1,2
1290,772,40,90326.0,1,1
1291,1180,38,73609.0,1,1
1292,365,42,29725.0,1,0
1293,174,25,56295.0,5,2
1294,18,31,114115.0,2,2
1295,1101,48,42739.0,2,0
1296,372,35,41649.0,2,0
1297,1016,27,26726.0,1,0
1298,86,55,104517.0,4,2
1299,1104,33,54613.0,3,2
1300,301,33,29327.0,2,3
1301,937,26,46509.0,1,0
1302,632,44,47005.0,1,3
1303,348,42,96779.0,3,2
1304,74,32,26945.0,2,1
1305,487,58,52942.0,2,0
1306,708,55,38746.0,1,1
1307,1072,30,36660.0,1,1
1308,862,47,35741.0,2,3
1309,885,32,80387.0,1,0
1310,826,39,38407.0,3,0
1311,799,33,56165.0,4,2
1312,292,62,68111.0,1,3
1313,977,29,69370.0,1,2
1314,257,51,57050.0,4,1
1315,298,48,51735.0,4,1
1316,1046,48,69006.0,1,0
1317,773,29,49540.0,1,0
1318,958,53,44113.0,2,3
1319,1103,47,43946.0,2,2
1320,1067,42,41347.0,1,1
1321,119,41,35855.0,2,0
1322,1028,49,59048.0,1,1
1323,1031,34,28911.0,1,0
1324,1004,54,84426.0,3,0
1325,484,41,48092.0,1,1
1326,444,49,47969.0,2,1
1327,159,50,79950.0,1,3
1328,886,45,48620.0,2,0
1329,894,33,45186.0,1,1
1330,523,41,41343.0,1,0
1331,812,18,76571.0,2,3
1332,31,28,28081.0,1,0
1333,1117,38,93710.0,2,1
1334,34,41,45243.0,1,0
1335,451,34,46929.0,5,0
1336,996,51,64846.0,3,2
1337,544,43,22283.0,1,0
1338,1164,18,36051.0,3,0
1339,370,47,53152.0,2,1
1340,570,41,59924.0,3,0
1341,298,53,56178.0,1,2
1342,127,56,57599.0,5,3
1343,127,54,102698.0,1,2
1344,219,46,62873.0,3,1
1345,665,53,47065.0,4,1
1346,10,25,39127.0,1,1
1347,637,56,59922.0,1,1
1348,27,57,72206.0,1,0
1349,232,55,63467.0,3,0
1350,78,36,44991.0,1,1
1351,121,49,58273.0,1,1
1352,765,52,60514.0,1,1
1353,675,31,63246.0,1,0
1354,126,18,48956.0,5,0
1355,793,43,159210.0,2,1
1356,923,79,47176.0,1,1
1357,477,18,63618.0,1,2
1358,475,18,46411.0,4,1
1359,993,26,99564.0,1,1
1360,1096,36,43323.0,3,1
1361,710,31,50168.0,1,2
1362,706,36,36718.0,1,0
1363,925,44,26452.0,2,0
1364,1149,30,46627.0,1,3
1365,509,39,32577.0,1,0
1366,1167,58,71131.0,1,0
1367,1115,39,60440.0,3,1
1368,1019,18,121634.0,1,1
1369,437,31,49203.0,4,2
1370,717,37,75127.0,3,0
1371,924,38,27248.0,1,1
1372,901,53,49996.0,2,3
1373,35,46,44332.0,2,2
1374,576,18,113882.0,3,2
1375,815,33,81591.0,1,0
1376,965,38,36680.0,2,0
1377,272,47,91140.0,1,0
1378,829,18,30000.0,2,0
1379,763,59,94728.0,1,2
1380,945,44,34042.0,4,3
1381,1012,32,51804.0,4,0
1382,260,20,67916.0,1,2
1383,57,30,50083.0,2,0
1384,885,39,69677.0,2,1
1385,665,36,48268.0,1,0
1386,149,39,55472.0,1,1
1387,98,28,123276.0,1,0
1388,427,46,71094.0,2,0
1389,667,25,24532.0,1,0
1390,949,65,54465.0,1,1
1391,447,24,40179.0,1,2
1392,1064,24,59609.0,1,0
1393,1052,58,35080.0,1,2
1394,103,38,45736.0,2,0
1395,505,58,67734.0,1,3
1396,1068,49,28151.0,5,0
1397,235,18,42783.0,2,2
1398,128,47,97549.0,2,0
1399,178,39,23463.0,1,1
1400,498,37,47788.0,2,3
1401,6,18,45304.0,1,0
1402,103,39,81161.0,1,0
1403,444,49,36388.0,2,2
1404,978,62,25073.0,2,1
1405,221,24,40090.0,2,0
1406,869,44,43614.0,1,0
1407,905,35,46347.0,1,0
1408,952,18,55385.0,1,0
1409,425,33,53078.0,1,0
1410,743,38,40084.0,1,0
1411,1108,52,43808.0,4,1
1412,811,41,41176.0,1,0
1413,364,25,21584.0,2,0
1414,486,19,30027.0,4,1
1415,296,36,51209.0,1,2
1416,360,26,62928.0,1,0
1417,286,33,47052.0,3,2
1418,396,32,80926.0,1,0
1419,554,52,47045.0,1,1
1420,486,24,39743.0,3,1
1421,803,18,50613.0,4,1
1422,478,47,49795.0,1,0
1423,536,51,63787.0,4,0
1424,229,20,73247.0,3,0
1425,1108,28,60905.0,2,2
1426,747,35,39150.0,1,0
1427,784,18,28255.0,3,0
1428,78,23,31433.0,1,0
1429,607,49,38045.0,4,0
1430,207,39,30775.0,3,0
1431,14,51,123857.0,5,1
1432,676,56,46683.0,2,0
1433,499,42,37759.0,1,0
1434,154,40,46978.0,2,0
1435,808,30,76293.0,5,1
1436,1156,47,37217.0,1,0
1437,1175,55,57809.0,3,2
1438,415,34,91127.0,1,1
1439,548,60,66356.0,1,1
1440,57,44,65739.0,2,2
1441,139,45,88923.0,1,1
1442,163,46,25181.0,1,0
1443,863,46,53002.0,1,1
1444,162,40,58154.0,3,0
1445,375,49,69260.0,1,0
1446,427,36,76395.0,2,0
1447,714,18,24236.0,1,1
1448,828,49,64711.0,4,0
1449,396,18,79361.0,1,3
1450,1067,65,57480.0,1,1
1451,334,19,81107.0,1,0
1452,243,28,31266.0,1,1
1453,722,43,60508.0,2,0
1454,1027,27,46195.0,2,0
1455,931,24,55053.0,1,1
1456,419,22,36725.0,1,0
1457,1081,43,87792.0,1,1
1458,782,25,51722.0,1,0
1459,1184,47,62715.0,3,2
1460,725,44,45768.0,1,2
1461,892,18,79246.0,1,0
1462,372,21,84151.0,1,0
1463,265,46,97351.0,1,2
1464,455,33,64343.0,3,2
1465,800,33,37694.0,1,1
1466,836,39,52052.0,4,1
1467,1012,47,18000.0,3,0
1468,368,54,86458.0,1,1
1469,656,39,47634.0,5,2
1470,630,37,50715.0,1,0
1471,862,43,53443.0,4,2
1472,877,41,43806.0,2,0
1473,26,42,46814.0,1,1
1474,5,33,109265.0,4,2
1475,89,29,47281.0,4,0
1476,857,22,65927.0,2,2
1477,452,43,40013.0,1,2
1478,127,54,35611.0,1,1
1479,915,76,136855.0,1,2
1480,916,38,33307.0,1,0
1481,1141,34,73416.0,1,1
1482,1072,32,65406.0,2,0
1483,342,27,32435.0,2,3
1484,792,48,50745.0,2,0
1485,548,27,39297.0,2,0
1486,1185,62,48240.0,3,0
1487,1181,27,59579.0,4,2
1488,612,57,117014.0,1,1
1489,53,50,69460.0,3,0
1490,838,29,48793.0,1,0
1491,1086,25,66629.0,1,2
1492,203,34,50882.0,4,2
1493,771,34,83349.0,1,0
1494,1158,59,67393.0,4,1
1495,849,43,54304.0,1,0
1496,33,38,108730.0,2,2
1497,482,42,39230.0,1,3
1498,22,44,38100.0,1,0
1499,1023,32,28034.0,1,0
1500,567,51,81529.0,5,0
1501,467,40,21006.0,4,1
1502,457,18,26256.0,2,0
1503,191,49,108278.0,2,2
1504,753,42,40889.0,1,0
1505,924,38,63420.0,3,2
1506,1033,33,80051.0,1,1
1507,1185,38,50913.0,1,0
1508,788,40,30256.0,1,0
1509,781,41,42103.0,1,1
1510,358,29,69215.0,1,1
1511,1039,36,76673.0,2,0
1512,1019,38,39694.0,3,0
1513,524,28,49852.0,1,1
1514,354,45,82065.0,1,2
1515,306,28,55075.0,1,3
1516,611,36,100022.0,1,1
1517,589,40,26868.0,1,0
1518,647,32,69177.0,1,2
1519,403,22,87337.0,2,0
1520,496,26,107664.0,1,0
1521,75,41,42257.0,1,0
1522,1099,32,51840.0,1,0
1523,192,31,29636.0,1,0
1524,1111,27,51880.0,1,1
1525,209,56,49952.0,2,0
1526,944,39,47747.0,1,0
1527,29,46,28158.0,2,1
1528,313,40,84585.0,1,1
1529,233,43,29620.0,1,2
1530,839,61,54055.0,1,1
1531,225,25,49870.0,2,0
1532,701,18,30606.0,2,0
1533,961,47,26706.0,3,1
1534,291,31,33529.0,1,1
1535,183,42,90753.0,3,0
1536,271,53,48026.0,2,1
1537,1144,49,52513.0,5,1
1538,877,36,33332.0,4,0
1539,581,43,49079.0,4,3
1540,904,33,53086.0,1,0
1541,863,44,45813.0,3,1
1542,280,35,43725.0,2,1
1543,812,22,109684.0,2,2
1544,511,46,52501.0,1,0
1545,676,58,91794.0,4,2
1546,248,45,68768.0,2,1
1547,780,51,75145.0,1,0
1548,1155,40,64987.0,2,1
1549,1083,56,44949.0,5,0
1550,764,27,54977.0,1,2
1551,805,43,24552.0,5,0
1552,117,47,22938.0,1,2
1553,1014,42,54134.0,2,2
1554,235,41,40380.0,2,0
1555,594,25,40601.0,1,0
1556,20,23,57417.0,2,0
1557,347,32,45121.0,1,0
1558,50,37,23480.0,2,0
1559,372,50,44340.0,3,0
1560,1024,24,20702.0,3,1
1561,1056,27,69534.0,1,2
1562,874,54,33533.0,1,0
1563,794,29,62169.0,2,3
1564,513,53,71812.0,1,2
1565,47,33,50189.0,1,0
1566,97,38,41286.0,1,2
1567,181,18,45807.0,5,0
1568,71,45,39804.0,2,0
1569,1187,42,71647.0,1,1
1570,968,20,40003.0,1,0
1571,541,30,21999.0,1,0
1572,420,20,75281.0,4,2
1573,717,55,65250.0,1,3
1574,477,44,47856.0,2,0
1575,96,31,23343.0,2,1
1576,1199,62,32557.0,1,2
1577,55,40,37264.0,2,0
1578,875,56,84368.0,1,0
1579,674,18,84888.0,1,1
1580,98,30,47155.0,1,0
1581,324,40,42389.0,3,2
1582,127,38,76034.0,2,0
1583,621,59,137671.0,2,2
1584,726,42,140400.0,1,0
1585,3,31,96549.0,4,0
1586,972,25,41896.0,2,0
1587,95,24,32458.0,2,0
1588,168,37,33857.0,1,2
1589,473,57,41195.0,1,1
1590,514,41,26872.0,3,0
1591,1106,31,84966.0,2,1
1592,785,44,42683.0,1,3
1593,726,46,57366.0,4,1
1594,547,18,58488.0,2,0
1595,623,20,68775.0,1,1
1596,1177,44,60471.0,1,3
1597,506,41,75625.0,1,0
1598,710,41,65768.0,1,0
1599,709,60,68759.0,1,0
1600,1075,47,52156.0,5,0
1601,971,19,28250.0,2,0
1602,1085,57,69546.0,1,1
1603,715,28,64265.0,5,0
1604,686,33,24684.0,3,0
1605,605,28,54349.0,1,1
1606,258,34,74048.0,1,1
1607,852,55,71804.0,1,2
1608,135,18,33545.0,4,0
1609,543,18,19800.0,1,0
1610,693,37,49387.0,1,0
1611,1026,34,52621.0,3,0
1612,789,45,60569.0,1,2
1613,581,18,50252.0,1,1
1614,686,46,21564.0,3,1
1615,1083,49,66177.0,1,0
1616,53,44,59554.0,1,0
1617,693,34,119206.0,3,2
1618,315,34,32393.0,5,1
1619,700,51,75153.0,2,1
1620,1153,67,44895.0,5,1
1621,667,50,29448.0,1,1
1622,842,48,30366.0,1,1
1623,126,42,38328.0,2,2
1624,917,21,40797.0,1,1
1625,873,63,38251.0,1,0
1626,231,18,43597.0,1,1
1627,367,28,47014.0,1,0
1628,278,54,47447.0,1,2
1629,70,61,19603.0,1,1
1630,34,30,32255.0,2,0
1631,265,38,26526.0,1,0
1632,1142,49,67879.0,1,1
1633,454,37,41517.0,3,0
1634,109,22,35474.0,1,1
1635,782,43,53678.0,3,3
1636,422,48,37431.0,2,1
1637,416,39,26864.0,2,0
1638,68,42,60005.0,4,1
1639,409,43,42546.0,1,0
1640,1189,18,29851.0,2,2
1641,156,27,18000.0,1,0
1642,84,48,23781.0,3,0
1643,208,57,46950.0,3,0
1644,753,39,52391.0,3,2
1645,271,32,51327.0,1,0
1646,401,25,133440.0,5,2
1647,398,33,57785.0,2,2
1648,457,33,40628.0,1,0
1649,171,33,88005.0,5,2
1650,162,29,56398.0,1,2
1651,896,44,49915.0,1,0
1652,614,42,65277.0,4,0
1653,287,18,48989.0,2,1
1654,55,18,42292.0,2,1
1655,914,29,63349.0,1,2
1656,1186,48,53828.0,2,0
1657,268,54,66797.0,1,1
1658,678,18,22536.0,1,1
1659,200,31,40811.0,5,0
1660,819,18,25018.0,2,1
1661,87,33,29212.0,2,3
1662,608,41,30733.0,1,0
1663,725,37,63483.0,1,0
1664,451,23,18000.0,3,0
1665,169,65,61647.0,2,2
1666,184,31,18573.0,4,0
1667,49,48,65365.0,1,3
1668,321,43,87283.0,3,1
1669,681,18,60601.0,1,0
1670,565,51,59775.0,5,1
1671,61,31,48891.0,5,1
1672,420,39,29001.0,1,0
1673,118,24,50636.0,2,0
1674,40,57,43033.0,1,0
1675,967,39,81881.0,1,3
1676,138,45,66873.0,1,1
1677,117,62,74602.0,2,0
1678,852,31,78655.0,2,0
1679,546,48,32546.0,2,0
1680,554,58,50109.0,1,1
1681,574,18,62678.0,3,0
1682,1034,36,79946.0,1,1
1683,821,20,28857.0,1,1
1684,347,38,43135.0,1,1
1685,896,18,28559.0,3,0
1686,27,25,26012.0,3,0
1687,989,42,34981.0,1,0
1688,1159,28,83669.0,1,3
1689,993,49,23790.0,2,0
1690,3,52,68887.0,1,1
1691,721,22,34425.0,1,0
1692,871,35,32370.0,1,0
1693,790,28,61614.0,1,0
1694,657,42,117690.0,4,0
1695,673,48,44665.0,1,0
1696,59,49,47168.0,1,0
1697,953,51,23725.0,1,0
1698,59,33,43947.0,2,2
1699,1043,43,52257.0,2,1
1700,484,25,81347.0,3,0
1701,876,50,33756.0,2,1
1702,1131,26,38537.0,1,1
1703,983,36,86013.0,1,1
1704,367,39,48623.0,1,0
1705,427,24,18560.0,1,0
1706,259,36,62658.0,4,1
1707,460,45,63771.0,1,3
1708,113,47,64258.0,1,1
1709,591,38,34212.0,2,1
1710,871,34,47057.0,1,0
1711,490,61,82102.0,1,0
1712,127,18,53890.0,1,0
1713,1153,52,23216.0,1,2
1714,105,18,18000.0,3,2
1715,1086,46,52117.0,1,1
1716,1091,39,27497.0,2,0
1717,1039,46,28982.0,1,0
1718,24,25,41980.0,1,0
1719,915,42,72870.0,2,3
1720,170,48,23521.0,3,0
1721,1007,19,50672.0,2,0
1722,580,48,28650.0,1,0
1723,526,32,25827.0,3,0
1724,74,45,77836.0,5,2
1725,334,32,46548.0,2,2
1726,1199,18,31803.0,1,1
1727,726,36,42266.0,2,0
1728,61,46,28739.0,1,3
1729,549,39,28877.0,1,0
1730,287,41,74392.0,1,2
1731,528,40,77138.0,1,2
1732,823,53,116889.0,1,1
1733,185,62,29301.0,2,1
1734,66,30,42448.0,3,1
1735,1123,39,29453.0,1,0
1736,686,52,133669.0,3,3
1737,301,53,77941.0,1,0
1738,957,27,19990.0,2,0
1739,1026,43,36278.0,2,0
1740,559,34,60655.0,1,2
1741,55,53,38563.0,5,1
1742,551,57,58523.0,3,1
1743,599,39,44673.0,1,1
1744,439,57,41044.0,1,0
1745,925,27,33083.0,3,0
1746,533,29,42674.0,1,0
1747,28,28,57456.0,4,0
1748,998,23,21120.0,3,3
1749,35,47,48190.0,3,1
1750,19,36,52731.0,5,1
1751,1063,20,37964.0,1,1
1752,998,44,97837.0,1,2
1753,493,38,57303.0,1,0
1754,411,19,41563.0,1,1
1755,382,50,39159.0,1,1
1756,682,35,27884.0,1,1
1757,753,37,32415.0,4,2
1758,597,40,56290.0,1,0
1759,1043,30,37599.0,3,0
1760,583,55,39534.0,2,1
1761,763,42,51604.0,3,1
1762,641,30,39279.0,1,3
1763,527,51,24092.0,1,1
1764,1102,62,21176.0,1,0
1765,961,18,38435.0,2,0
1766,1086,45,85657.0,1,3
1767,57,22,41266.0,1,0
1768,388,31,51010.0,1,1
1769,603,26,79521.0,2,0
1770,95,44,41877.0,4,1
1771,227,51,84609.0,1,1
1772,809,51,46119.0,1,2
1773,663,18,30855.0,4,0
1774,1161,43,40845.0,2,1
1775,1023,59,67062.0,1,1
1776,1125,19,52493.0,1,2
1777,238,23,40111.0,1,3
1778,688,50,48278.0,3,1
1779,1016,57,88313.0,5,0
1780,1169,33,89675.0,3,1
1781,453,18,52608.0,1,2
1782,339,18,138210.0,1,0
1783,1156,32,43973.0,2,2
1784,1126,47,68352.0,5,3
1785,657,34,86423.0,1,2
1786,751,28,37126.0,1,0
1787,816,80,49866.0,1,0
1788,175,30,40050.0,1,1
1789,866,29,51475.0,1,0
1790,469,31,65235.0,3,2
1791,323,57,69069.0,1,0
1792,537,57,62306.0,2,1
1793,438,43,20163.0,1,0
1794,417,37,41100.0,1,1
1795,380,41,97531.0,1,3
1796,106,26,73628.0,4,0
1797,1156,33,112109.0,1,0
1798,801,49,34990.0,1,3
1799,32,18,56554.0,1,0
1800,800,20,34394.0,4,0
1801,419,31,47911.0,1,0
1802,627,37,66446.0,1,2
1803,1200,42,35844.0,3,1
1804,861,24,39975.0,1,0
1805,24,20,44698.0,4,0
1806,784,28,43091.0,2,0
1807,979,18,36323.0,1,0
1808,790,22,47020.0,1,0
1809,1121,28,56969.0,1,1
1810,603,25,55776.0,1,0
1811,288,28,41307.0,2,0
1812,193,42,46175.0,3,1
1813,983,38,47587.0,1,0
1814,166,33,28380.0,4,0
1815,772,44,54667.0,1,0
1816,712,37,60951.0,3,2
1817,567,52,55382.0,2,1
1818,423,35,52016.0,2,0
1819,444,53,87007.0,4,1
1820,406,52,46835.0,1,1
1821,497,57,39860.0,2,3
1822,239,30,43811.0,1,2
1823,61,52,68507.0,3,3
1824,23,31,45440.0,2,0
1825,590,30,48827.0,1,0
1826,247,31,41606.0,1,0
1827,940,54,31179.0,2,1
1828,1099,24,27554.0,1,0
1829,935,25,59895.0,1,2
1830,610,18,35318.0,2,2
1831,980,50,36339.0,2,0
1832,82,37,32458.0,1,1
1833,296,36,58371.0,1,1
1834,615,18,60926.0,2,0
1835,305,33,78092.0,2,2
1836,921,53,28693.0,1,0
1837,685,39,46764.0,1,2
1838,161,36,65000.0,2,0
1839,592,26,117399.0,2,0
1840,102,33,79247.0,4,2
1841,1029,43,72901.0,3,2
1842,676,29,42165.0,2,0
1843,445,18,56206.0,1,0
1844,865,18,51226.0,2,0
1845,915,25,30532.0,1,0
1846,589,58,46516.0,1,0
1847,293,45,58727.0,1,0
1848,469,18,38740.0,1,0
1849,723,66,27354.0,1,1
1850,691,37,42902.0,4,0
1851,558,28,32780.0,1,0
1852,660,47,75775.0,2,2
1853,459,39,34071.0,4,3
1854,803,32,64206.0,1,2
1855,512,28,74274.0,3,2
1856,386,50,33403.0,2,0
1857,639,18,40404.0,1,0
1858,708,25,46730.0,1,0
1859,404,44,49236.0,2,1
1860,303,26,44226.0,1,0
1861,439,23,34536.0,1,0
1862,444,52,88943.0,3,0
1863,511,38,48248.0,2,0
1864,828,42,45697.0,1,3
1865,452,45,65482.0,5,0
1866,992,44,60347.0,1,1
1867,928,50,128021.0,1,2
1868,519,50,23187.0,3,2
1869,4,46,73271.0,1,3
1870,998,18,42450.0,1,0
1871,953,23,108267.0,1,1
1872,1010,38,47069.0,1,0
1873,1032,40,69353.0,1,2
1874,742,27,49506.0,1,1
1875,868,18,50578.0,2,0
1876,193,47,33136.0,4,0
1877,774,36,126790.0,2,0
1878,1065,30,20934.0,1,1
1879,972,26,56816.0,1,2
1880,935,66,46399.0,1,0
1881,800,18,39651.0,1,0
1882,362,31,27426.0,2,0
1883,247,40,29168.0,2,1
1884,151,25,45728.0,1,1
1885,737,41,25628.0,3,0
1886,424,37,28273.0,1,1
1887,156,51,53777.0,1,3
1888,775,42,61298.0,1,1
1889,416,43,62012.0,1,0
1890,850,44,51664.0,2,1
1891,822,44,68624.0,1,0
1892,724,54,122040.0,1,2
1893,480,19,34817.0,4,0
1894,724,40,77340.0,1,0
1895,12,41,19001.0,2,1
1896,1098,35,89300.0,1,2
1897,451,30,34056.0,1,0
1898,635,55,44973.0,1,1
1899,987,49,52364.0,1,1
1900,371,39,43211.0,1,0
1901,617,50,44470.0,3,0
1902,842,27,21804.0,1,2
1903,434,18,26642.0,1,0
1904,894,31,105496.0,2,1
1905,1164,39,24037.0,1,0
1906,1146,34,32201.0,1,2
1907,973,55,102794.0,3,2
1908,822,43,29635.0,2,0
1909,733,41,80284.0,1,2
1910,257,51,60888.0,1,0
1911,338,31,93548.0,3,1
1912,832,55,60659.0,3,3
1913,3,30,40488.0,1,0
1914,430,59,35761.0,1,1
1915,837,47,92658.0,1,1
1916,889,28,79391.0,2,1
1917,976,54,97086.0,3,1
1918,1053,23,86772.0,3,2
1919,886,42,66287.0,1,2
1920,513,30,43265.0,1,2
1921,1008,18,51434.0,4,0
1922,435,33,83282.0,2,0
1923,485,30,25725.0,1,2
1924,350,34,113244.0,2,1
1925,77,24,128271.0,3,1
1926,418,50,18139.0,4,1
1927,819,54,46046.0,1,2
1928,446,35,34784.0,4,0
1929,1189,58,77415.0,1,1
1930,684,33,43690.0,3,1
1931,518,55,49472.0,1,1
1932,1053,31,87489.0,1,0
1933,454,19,69774.0,3,0
1934,606,35,54340.0,4,0
1935,425,44,38859.0,3,0
1936,156,46,58234.0,1,1
1937,568,37,40581.0,3,0
1938,288,62,39165.0,2,0
1939,596,61,72893.0,1,0
1940,7,31,30102.0,2,1
1941,555,45,56326.0,3,0
1942,606,35,42229.0,2,1
1943,985,43,92542.0,1,0
1944,629,31,27148.0,1,0
1945,565,41,95876.0,1,0
1946,807,37,58129.0,4,0
1947,1127,46,29562.0,1,1
1948,272,40,154591.0,2,1
1949,117,52,38799.0,3,1
1950,855,37,81420.0,1,0
1951,374,38,33687.0,1,0
1952,831,26,49748.0,1,2
1953,74,36,42404.0,1,0
1954,303,28,63755.0,1,0
1955,595,25,48855.0,1,0
1956,59,44,35357.0,3,3
1957,276,48,61762.0,2,0
1958,371,37,114939.0,3,0
1959,757,33,57278.0,3,0
1960,1131,24,41144.0,1,1
1961,58,41,93736.0,1,0
1962,243,31,30965.0,2,0
1963,565,40,61889.0,1,2
1964,306,30,52607.0,2,0
1965,683,61,47892.0,1,1
1966,708,39,29175.0,2,0
1967,559,29,60179.0,1,3
1968,635,19,102472.0,1,1
1969,336,43,58418.0,4,1
1970,338,58,57384.0,1,0
1971,150,18,46356.0,2,1
1972,938,45,67316.0,1,0
1973,182,36,48972.0,4,1
1974,158,38,67508.0,1,0
1975,97,42,40755.0,2,3
1976,916,35,45858.0,5,1
1977,951,35,162330.0,1,1
1978,170,41,26135.0,1,1
1979,696,33,39403.0,3,0
1980,927,24,37751.0,2,0
1981,663,43,56612.0,2,0
1982,1126,18,40613.0,1,0
1983,1065,19,78671.0,1,2
1984,582,43,53438.0,2,1
1985,1065,26,65778.0,5,1
1986,257,18,55226.0,1,0
1987,50,67,58784.0,1,1
1988,569,63,33341.0,2,2
1989,464,43,44697.0,1,0
1990,712,37,44587.0,1,0
1991,839,46,50283.0,4,2
1992,867,56,38652.0,1,1
1993,468,44,52552.0,1,0
1994,193,32,69567.0,2,2
1995,155,61,31489.0,2,0
1996,124,29,78062.0,2,1
1997,299,29,51891.0,1,3
1998,827,38,76349.0,1,0
1999,380,44,75730.0,1,2
2000,719,38,108342.0,2,1
2001,61,18,43346.0,1,0
2002,1047,42,68059.0,1,1
2003,281,39,41512.0,1,0
2004,1033,60,27912.0,2,1
2005,222,26,128888.0,1,0
2006,1009,42,40133.0,1,3
2007,44,18,42090.0,1,0
2008,786,43,84229.0,1,2
2009,137,56,41255.0,2,1
2010,111,32,37164.0,1,0
2011,1142,47,111561.0,1,3
2012,263,48,37589.0,1,3
2013,826,52,48562.0,1,0
2014,247,47,74112.0,2,1
2015,1135,42,69946.0,1,2
2016,193,29,42321.0,1,1
2017,908,43,35161.0,1,0
2018,235,50,93533.0,1,2
2019,709,37,115049.0,2,1
2020,915,38,35301.0,2,1
2021,342,51,39349.0,3,0
2022,786,36,33936.0,4,1
2023,1119,61,93082.0,1,2
2024,693,29,21817.0,1,2
2025,261,32,83993.0,2,2
2026,970,29,66009.0,1,2
2027,821,51,99645.0,2,1
2028,736,47,63446.0,2,0
2029,204,25,31166.0,2,1
2030,352,38,47133.0,3,1
2031,800,34,63975.0,2,2
2032,520,49,84891.0,2,2
2033,723,36,40560.0,1,0
2034,290,43,57113.0,1,2
2035,675,32,26607.0,4,1
2036,22,30,101759.0,5,3
2037,28,70,69757.0,1,0
2038,760,41,24361.0,2,0
2039,635,64,55946.0,4,2
2040,181,45,46108.0,1,1
2041,430,35,47081.0,4,1
2042,246,43,33042.0,2,2
2043,216,18,120394.0,2,3
2044,323,18,68978.0,1,0
2045,550,26,60730.0,1,2
2046,832,35,48314.0,1,3
2047,1053,19,67122.0,1,0
2048,782,38,93503.0,3,0
2049,1037,35,87881.0,1,1
2050,474,43,93661.0,2,1
2051,583,36,68471.0,2,1
2052,171,18,25384.0,1,1
2053,524,50,26228.0,2,2
2054,572,24,74196.0,1,1
2055,854,24,28104.0,4,0
2056,449,53,102572.0,1,2
2057,784,45,59923.0,1,0
2058,685,53,36653.0,2,0
2059,1165,36,64594.0,1,2
2060,262,28,54442.0,1,2
2061,136,70,53005.0,5,1
2062,519,46,109894.0,1,3
2063,829,38,60185.0,3,3
2064,336,32,36476.0,1,0
2065,179,26,35184.0,1,3
2066,619,21,52070.0,3,0
2067,814,31,38552.0,1,2
2068,1085,44,51608.0,1,1
2069,782,39,43699.0,2,0
2070,1170,43,24483.0,3,1
2071,316,56,42987.0,4,2
2072,1162,22,96013.0,1,1
2073,644,38,21777.0,1,2
2074,568,36,32954.0,1,0
2075,50,37,88060.0,2,0
2076,990,50,127740.0,1,3
2077,757,23,100920.0,1,1
2078,1092,50,27583.0,3,2
2079,329,67,58623.0,2,0
2080,1160,18,47636.0,5,3
2081,573,39,76732.0,2,0
2082,558,49,37954.0,2,2
2083,791,62,71268.0,2,1
2084,932,47,48413.0,2,2
2085,704,44,70397.0,2,2
2086,994,39,96976.0,1,0
2087,885,47,64254.0,3,2
2088,82,30,48275.0,1,1
2089,29,42,33117.0,1,1
2090,869,18,39490.0,4,0
2091,272,59,35518.0,1,3
2092,8,45,45113.0,4,0
2093,296,34,32707.0,1,1
2094,1145,36,34495.0,1,0
2095,463,65,29412.0,3,0
2096,1128,72,32183.0,1,1
2097,607,50,49624.0,3,2
2098,163,34,64771.0,1,0
2099,418,45,29853.0,2,0
2100,180,46,63184.0,1,2
2101,521,33,44292.0,3,1
2102,641,38,66153.0,4,0
2103,632,50,35041.0,1,1
2104,987,50,42356.0,1,0
2105,1152,35,52083.0,2,0
2106,261,44,111100.0,2,1
2107,384,45,34414.0,1,0
2108,801,34,52440.0,4,0
2109,663,36,73939.0,1,1
2110,764,23,41116.0,2,0
2111,574,59,95259.0,1,1
2112,1192,39,62779.0,1,2
2113,1104,44,33080.0,1,1
2114,867,18,28022.0,2,0
2115,826,50,41314.0,2,1
2116,681,55,81862.0,2,1
2117,912,44,52025.0,1,2
2118,468,53,120464.0,2,0
2119,518,27,59298.0,1,0
2120,1171,32,43964.0,4,0
2121,1097,51,80847.0,1,2
2122,873,31,40218.0,4,2
2123,136,31,39305.0,3,1
2124,153,43,51099.0,2,3
2125,626,28,23945.0,3,0
2126,1147,71,19509.0,1,1
2127,196,28,46219.0,2,0
2128,1074,32,48811.0,1,1
2129,865,24,65897.0,2,3
2130,701,18,70131.0,3,1
2131,341,32,43681.0,3,2
2132,1024,53,72222.0,1,1
2133,1087,59,61775.0,1,0
2134,439,40,45479.0,2,0
2135,591,43,46972.0,1,3
2136,407,30,40413.0,2,1
2137,738,20,45508.0,2,0
2138,865,30,43470.0,2,1
2139,489,33,51450.0,1,1
2140,265,29,28400.0,2,0
2141,392,31,139703.0,1,1
2142,41,33,55333.0,1,0
2143,698,22,58394.0,1,0
2144,719,52,65848.0,1,2
2145,453,61,41674.0,1,3
2146,907,39,38669.0,1,1
2147,611,34,34890.0,1,0
2148,192,43,50802.0,4,2
2149,840,39,52321.0,2,0
2150,780,30,72720.0,1,0
2151,368,34,49406.0,1,1
2152,687,49,26332.0,1,1
2153,175,54,27941.0,2,1
2154,251,18,81603.0,3,2
2155,247,47,35925.0,1,0
2156,648,29,167650.0,1,0
2157,221,59,44115.0,5,1
2158,314,24,24062.0,1,2
2159,441,41,25877.0,2,1
2160,576,25,72395.0,1,2
2161,651,47,32586.0,1,0
2162,565,35,64726.0,1,1
2163,234,34,68952.0,4,0
2164,1034,32,76014.0,3,0
2165,409,47,24411.0,3,0
2166,277,23,51993.0,2,0
2167,673,26,20004.0,3,0
2168,83,59,33912.0,1,2
2169,193,18,59757.0,3,3
2170,142,40,41879.0,1,3
2171,150,31,79765.0,1,0
2172,715,33,64308.0,4,0
2173,588,36,31177.0,1,1
2174,550,18,41027.0,1,1
2175,1150,30,46897.0,2,0
2176,403,56,60019.0,4,2
2177,814,48,43159.0,2,1
2178,156,27,53098.0,1,1
2179,308,54,18691.0,1,0
2180,334,24,88782.0,1,1
2181,133,33,30560.0,1,0
2182,203,33,102392.0,1,0
2183,382,34,58638.0,1,0
2184,117,29,41945.0,1,0
2185,811,39,44864.0,3,0
2186,727,43,72207.0,1,1
2187,1147,37,36040.0,1,0
2188,668,62,30203.0,1,0
2189,8,48,50607.0,1,2
2190,1077,54,88100.0,5,0
2191,6,53,44538.0,5,0
2192,1117,23,57058.0,1,0
2193,668,19,88525.0,1,0
2194,659,47,35954.0,1,1
2195,581,51,62532.0,3,1
2196,243,34,55075.0,5,1
2197,844,37,18854.0,1,1
2198,56,32,43673.0,1,1
2199,371,31,65167.0,4,1
2200,701,35,30071.0,5,1
2201,897,27,66851.0,1,1
2202,256,52,89384.0,2,1
2203,348,18,39513.0,1,1
2204,366,30,99549.0,2,0
2205,784,34,86191.0,1,1
2206,392,44,58619.0,1,1
2207,460,59,52282.0,1,0
2208,783,36,39965.0,1,1
2209,615,46,66884.0,3,0
2210,267,48,39484.0,2,1
2211,1109,35,25280.0,4,2
2212,1176,55,43252.0,3,3
2213,88,40,57167.0,5,1
2214,1056,41,33883.0,1,0
2215,379,26,33786.0,5,2
2216,311,35,38609.0,2,2
2217,758,54,51129.0,3,2
2218,875,45,118226.0,1,2
2219,462,25,24559.0,4,0
2220,403,67,32768.0,2,1
2221,735,37,46739.0,2,1
2222,747,56,48019.0,1,2
2223,159,56,43493.0,5,1
2224,1124,47,109729.0,1,3
2225,23,22,105640.0,1,2
2226,765,43,38602.0,5,1
2227,867,30,42153.0,4,1
2228,619,20,104659.0,3,3
2229,849,29,31825.0,1,0
2230,635,26,61290.0,1,2
2231,1077,42,32970.0,4,1
2232,580,39,39752.0,1,0
2233,214,46,52274.0,1,0
2234,824,36,61331.0,1,0
2235,203,20,59962.0,1,0
2236,229,21,61948.0,3,0
2237,663,34,49359.0,2,3
2238,770,48,42740.0,2,0
2239,923,41,106624.0,2,1
2240,61,37,56848.0,2,2
2241,682,39,37366.0,2,0
2242,1055,18,49924.0,1,3
2243,364,45,27202.0,2,1
2244,673,57,28079.0,1,0
2245,219,47,50577.0,5,1
2246,958,34,39475.0,3,0
2247,699,63,52034.0,1,0
2248,163,27,63378.0,1,1
2249,660,29,34125.0,1,0
2250,958,64,47196.0,1,0
2251,1127,31,34476.0,2,0
2252,847,50,28656.0,4,0
2253,411,47,59576.0,2,1
2254,684,39,39585.0,2,1
2255,1088,45,144683.0,1,0
2256,645,53,50208.0,1,0
2257,796,52,80208.0,1,3
2258,608,47,34825.0,1,0
2259,948,52,57131.0,1,2
2260,201,55,64305.0,3,2
2261,1083,33,42096.0,2,0
2262,748,26,35141.0,2,1
2263,510,56,46638.0,2,0
2264,651,36,36302.0,1,0
2265,635,31,24379.0,1,0
2266,286,58,79166.0,1,3
2267,946,56,39252.0,1,0
2268,991,41,39540.0,3,3
2269,456,18,40103.0,1,0
2270,336,34,132086.0,2,3
2271,1023,41,64233.0,1,1
2272,68,42,32470.0,1,0
2273,128,43,63381.0,1,0
2274,933,18,65957.0,2,1
2275,740,40,39318.0,1,0
2276,689,18,78337.0,1,2
2277,1155,44,50349.0,1,0
2278,455,28,50790.0,2,0
2279,688,22,41888.0,3,1
2280,292,49,47282.0,1,0
2281,688,50,90970.0,1,0
2282,196,60,99961.0,1,0
2283,1014,40,47701.0,3,2
2284,546,26,33797.0,2,0
2285,32,43,63603.0,2,0
2286,919,78,23044.0,4,0
2287,644,32,47766.0,1,2
2288,694,43,44161.0,2,0
2289,723,49,46361.0,5,0
2290,79,38,88224.0,5,1
2291,47,39,75535.0,4,0
2292,112,18,70540.0,1,2
2293,910,30,48681.0,1,1
2294,15,47,79695.0,1,0
2295,487,67,29107.0,2,0
2296,802,35,72850.0,1,1
2297,432,54,31402.0,1,0
2298,561,56,83188.0,1,0
2299,1122,41,38424.0,1,1
2300,1058,18,72508.0,5,3
2301,442,38,74240.0,2,2
2302,534,33,53940.0,1,0
2303,801,58,30788.0,1,1
2304,154,27,65388.0,1,2
2305,568,38,56419.0,1,1
2306,199,46,50022.0,2,3
2307,492,36,49425.0,2,1
2308,274,34,78851.0,2,3
2309,470,43,35929.0,3,1
2310,521,44,92843.0,3,1
2311,1181,22,72613.0,2,2
2312,841,34,70041.0,1,2
2313,947,18,90658.0,1,1
2314,677,64,41673.0,2,0
2315,357,46,28094.0,1,1
2316,280,60,90071.0,1,2
2317,678,32,51874.0,1,0
2318,495,50,44532.0,3,1
2319,333,21,40423.0,2,0
2320,1016,49,169024.0,1,3
2321,118,37,55760.0,1,3
2322,349,55,54152.0,1,0
2323,815,51,55403.0,3,1
2324,275,18,30370.0,2,1
2325,701,42,61878.0,2,2
2326,1112,58,87652.0,1,0
2327,1175,18,45183.0,1,1
2328,1149,44,82870.0,1,0
2329,416,39,22258.0,3,1
2330,955,29,55605.0,1,2
2331,375,45,26319.0,1,0
2332,255,43,40139.0,2,0
2333,994,35,24103.0,3,1
2334,1187,18,44008.0,1,0
2335,391,39,35951.0,1,0
2336,17,39,37196.0,1,1
2337,831,18,37882.0,3,0
2338,322,49,90325.0,3,0
2339,1052,30,63898.0,2,0
2340,337,47,55569.0,1,1
2341,320,40,35188.0,1,2
2342,1169,31,59519.0,5,1
2343,1033,57,38694.0,1,0
2344,271,41,34655.0,2,2
2345,960,33,31906.0,2,2
2346,498,21,39355.0,1,1
2347,953,24,47946.0,1,3
2348,647,41,33841.0,1,1
2349,405,46,47606.0,2,2
2350,496,44,48134.0,2,1
2351,18,29,25939.0,2,1
2352,980,45,71197.0,2,1
2353,19,43,43044.0,2,1
2354,525,39,50128.0,1,0
2355,79,32,124696.0,5,3
2356,628,24,47739.0,3,0
2357,192,39,63232.0,1,1
2358,798,64,65386.0,1,1
2359,288,49,103686.0,2,1
2360,367,26,98108.0,1,0
2361,334,53,46972.0,4,0
2362,328,53,52387.0,1,0
2363,853,33,61690.0,1,1
2364,875,24,18000.0,1,0
2365,186,48,103285.0,1,0
2366,30,45,59714.0,5,0
2367,1038,34,25802.0,1,0
2368,207,26,39444.0,2,0
2369,655,29,37767.0,1,1
2370,875,47,20125.0,1,1
2371,1113,34,49628.0,4,0
2372,513,45,26403.0,3,0
2373,84,51,56802.0,1,0
2374,645,50,20721.0,1,2
2375,21,44,38482.0,4,0
2376,310,46,40441.0,2,0
2377,983,31,38451.0,2,1
2378,394,34,70915.0,1,0
2379,51,42,18838.0,3,1
2380,401,47,22213.0,2,0
2381,480,44,49465.0,2,1
2382,1124,39,83787.0,2,2
2383,31,27,135423.0,1,3
2384,431,26,196707.0,1,0
2385,838,43,118886.0,1,2
2386,817,34,62995.0,1,1
2387,1122,29,43530.0,2,2
2388,949,28,44259.0,4,2
2389,1032,32,41489.0,2,0
2390,346,43,71147.0,1,2
2391,1081,26,54050.0,1,0
2392,108,38,34031.0,1,0
2393,897,25,43630.0,3,0
2394,1020,31,33900.0,2,0
2395,256,33,18000.0,2,1
2396,250,48,18000.0,1,2
2397,682,63,55803.0,1,0
2398,49,18,53312.0,1,2
2399,583,46,60238.0,1,0
2400,414,55,55498.0,1,1
2401,267,23,42037.0,1,0
2402,612,36,61297.0,1,1
2403,781,39,29086.0,2,1
2404,279,26,67457.0,1,1
2405,363,66,58336.0,1,0
2406,1182,42,25612.0,5,1
2407,817,33,96955.0,5,3
2408,225,43,42846.0,5,0
2409,408,47,48314.0,2,1
2410,5,42,57886.0,2,1
2411,1182,41,50548.0,1,2
2412,938,46,60793.0,1,0
2413,439,46,64021.0,2,3
2414,924,43,28575.0,1,0
2415,326,21,73491.0,2,3
2416,145,21,55336.0,1,0
2417,625,37,51155.0,1,1
2418,681,36,33465.0,1,1
2419,1005,39,50574.0,4,1
2420,517,22,48336.0,1,0
2421,622,28,27968.0,2,3
2422,44,20,74954.0,1,0
2423,126,51,34767.0,2,0
2424,490,40,56673.0,4,3
2425,693,27,48262.0,1,3
2426,1127,46,57405.0,4,1
2427,488,27,46149.0,5,0
2428,959,30,35704.0,1,1
2429,677,54,45481.0,1,1
2430,949,25,45389.0,2,0
2431,495,29,23771.0,2,0
2432,641,42,50125.0,2,0
2433,458,38,76064.0,1,1
2434,170,20,52787.0,3,0
2435,455,26,78908.0,1,1
2436,1004,21,34602.0,1,2
2437,804,18,30600.0,1,0
2438,1151,42,45827.0,2,2
2439,89,48,44078.0,2,0
2440,762,46,67021.0,1,3
2441,1193,75,35793.0,1,0
2442,629,40,43934.0,2,1
2443,799,21,47083.0,2,1
2444,851,18,35565.0,1,2
2445,952,43,18000.0,1,1
2446,895,28,55087.0,1,2
2447,1114,29,53534.0,2,1
2448,961,44,22212.0,2,0
2449,392,40,41795.0,3,0
2450,469,40,27652.0,2,0
2451,170,53,33183.0,4,0
2452,324,60,50467.0,1,1
2453,261,27,47348.0,1,1
2454,1097,36,51520.0,2,1
2455,712,48,33809.0,1,0
2456,569,35,21361.0,1,0
2457,118,35,53430.0,1,2
2458,122,34,46635.0,3,2
2459,493,50,53950.0,1,0
2460,766,61,33212.0,3,0
2461,200,42,50018.0,4,2
2462,758,27,79668.0,4,1
2463,984,39,119801.0,2,1
2464,124,33,53215.0,1,1
2465,827,36,58452.0,3,0
2466,694,43,31950.0,1,2
2467,228,37,53196.0,2,0
2468,288,23,35818.0,1,1
2469,591,61,59146.0,4,2
2470,383,45,85061.0,1,3
2471,211,25,19906.0,3,0
2472,502,62,34720.0,2,1
2473,143,28,36520.0,5,0
2474,1101,33,24239.0,5,0
2475,1138,60,29329.0,3,2
2476,1126,61,39666.0,3,1
2477,1071,22,100176.0,2,0
2478,1111,45,45115.0,3,2
2479,420,20,83166.0,2,0
2480,380,29,54046.0,2,1
2481,257,29,31321.0,2,0
2482,177,18,56373.0,2,3
2483,177,34,68183.0,3,2
2484,285,37,44687.0,2,1
2485,763,31,47538.0,1,0
2486,438,33,75787.0,2,2
2487,782,36,77107.0,2,1
2488,92,40,33993.0,1,0
2489,932,40,60040.0,1,0
2490,1017,35,54996.0,1,0
2491,405,19,38066.0,1,2
2492,149,48,61670.0,1,2
2493,645,21,71124.0,2,0
2494,273,50,23764.0,1,2
2495,307,50,72553.0,3,2
2496,1057,55,46567.0,3,0
2497,20,52,36825.0,5,0
2498,683,43,61381.0,1,1
2499,1138,43,46000.0,1,1
2500,423,25,54289.0,3,0
2501,1003,45,50668.0,2,1
2502,955,40,49454.0,1,2
2503,77,38,45723.0,1,0
2504,830,32,44504.0,3,0
2505,110,23,95357.0,2,0
2506,721,33,29258.0,1,0
2507,470,49,39599.0,1,0
2508,976,18,62460.0,4,1
2509,705,33,46999.0,1,0
2510,529,48,50084.0,4,0
2511,7,31,85483.0,3,1
2512,253,29,34877.0,2,1
2513,76,53,54069.0,2,0
2514,18,29,34066.0,1,0
2515,1148,42,34939.0,2,1
2516,635,50,50037.0,1,0
2517,1098,43,39643.0,1,1
2518,2,40,92173.0,1,0
2519,125,51,18771.0,3,3
2520,277,62,42191.0,2,0
2521,1107,18,23138.0,1,0
2522,121,32,35478.0,2,0
2523,564,33,50255.0,1,0
2524,335,26,29416.0,2,0
2525,400,18,118948.0,1,1
2526,1087,34,18569.0,2,1
2527,639,26,51500.0,1,0
2528,210,25,27132.0,1,0
2529,643,35,38050.0,1,0
2530,1055,30,60619.0,1,0
2531,309,25,53158.0,2,0
2532,514,19,37538.0,5,0
2533,1190,20,74122.0,3,1
2534,7,34,75601.0,2,1
2535,1090,30,33551.0,3,2
2536,563,51,54771.0,2,1
2537,1162,34,40361.0,2,1
2538,1046,33,30604.0,2,0
2539,1086,46,37894.0,1,0
2540,1081,24,89719.0,1,3
2541,40,33,36249.0,1,0
2542,833,56,49474.0,1,1
2543,1029,36,57241.0,1,1
2544,22,27,40211.0,2,0
2545,242,24,68005.0,1,0
2546,794,33,29280.0,2,0
2547,394,50,36162.0,1,1
2548,135,22,51257.0,1,3
2549,907,22,37379.0,2,1
2550,710,45,59002.0,1,2
2551,503,43,18568.0,1,0
2552,344,46,72320.0,1,0
2553,865,54,56931.0,1,0
2554,206,65,19211.0,1,0
2555,1008,34,51275.0,1,3
2556,406,18,36155.0,1,0
2557,649,29,97585.0,1,0
2558,52,18,56283.0,3,0
2559,21,27,54896.0,1,0
2560,923,25,43218.0,1,2
2561,533,18,65813.0,2,0
2562,457,58,51517.0,3,3
2563,362,41,54046.0,1,1
2564,310,38,62680.0,2,0
2565,685,32,98590.0,2,1
2566,1198,54,74523.0,1,0
2567,676,53,64566.0,4,1
2568,1036,45,30249.0,1,1
2569,495,46,92492.0,2,0
2570,408,44,75304.0,3,3
2571,958,49,69572.0,2,1
2572,550,45,103004.0,1,0
2573,950,48,76053.0,1,3
2574,243,41,37230.0,1,2
2575,373,51,31337.0,2,2
2576,302,56,70465.0,1,1
2577,277,25,32908.0,1,0
2578,1182,57,44884.0,2,1
2579,1103,18,44599.0,4,0
2580,1018,26,82934.0,1,2
2581,701,39,33369.0,2,0
2582,1083,48,105953.0,3,1
2583,785,40,62487.0,1,0
2584,1148,36,87070.0,3,2
2585,85,38,31078.0,1,0
2586,1136,35,52041.0,1,1
2587,259,42,67199.0,1,1
2588,673,54,25974.0,1,0
2589,623,47,76185.0,1,0
2590,702,36,35474.0,2,1
2591,934,35,25279.0,2,1
2592,607,46,36209.0,2,1
2593,880,28,38323.0,5,2
2594,965,38,19263.0,1,0
2595,940,65,71890.0,4,3
2596,72,48,104141.0,1,2
2597,552,18,53965.0,3,1
2598,790,59,43015.0,2,1
2599,1128,39,20342.0,3,0
2600,261,18,53034.0,1,3
2601,1067,23,108260.0,1,2
2602,238,18,40957.0,1,0
2603,64,55,29544.0,1,1
2604,364,29,71244.0,1,2
2605,313,47,77400.0,1,1
2606,496,51,47241.0,2,3
2607,1082,58,71679.0,2,1
2608,349,67,109884.0,2,3
2609,784,24,25118.0,4,2
2610,771,33,52555.0,1,0
2611,164,56,39912.0,1,0
2612,935,44,58466.0,1,3
2613,412,37,72447.0,1,3
2614,830,32,40824.0,1,1
2615,127,18,54716.0,1,2
2616,1065,31,62472.0,3,1
2617,48,18,42906.0,1,2
2618,1134,37,114353.0,2,2
2619,76,37,36211.0,1,2
2620,283,32,43129.0,2,2
2621,127,52,37294.0,2,0
2622,286,48,31334.0,1,1
2623,287,38,31546.0,1,1
2624,654,44,74900.0,3,0
2625,814,55,99985.0,1,1
2626,78,27,123519.0,3,1
2627,458,37,30743.0,1,0
2628,806,55,22437.0,2,0
2629,1051,44,45642.0,1,1
2630,849,19,78936.0,1,0
2631,654,23,26432.0,1,1
2632,490,30,66104.0,2,3
2633,726,36,77321.0,2,0
2634,914,22,49380.0,1,0
2635,1011,57,117976.0,2,3
2636,662,46,32967.0,2,0
2637,1140,35,52422.0,2,0
2638,135,47,31234.0,4,3
2639,563,43,23302.0,1,1
2640,713,34,32502.0,4,3
2641,392,45,36472.0,3,2
2642,670,18,53410.0,1,0
2643,468,67,39638.0,1,2
2644,572,62,69272.0,2,1
2645,62,59,35759.0,4,1
2646,376,30,39019.0,2,0
2647,270,56,41230.0,2,0
2648,129,38,59164.0,1,1
2649,1178,30,25312.0,2,1
2650,253,23,80373.0,5,1
2651,775,28,109315.0,3,0
2652,736,37,66939.0,1,0
2653,111,48,72490.0,1,2
2654,636,40,22539.0,1,0
2655,800,20,18000.0,2,0
2656,797,41,31803.0,4,0
2657,435,61,37975.0,1,0
2658,572,35,69031.0,1,0
2659,114,55,135562.0,1,0
2660,956,50,79936.0,1,0
2661,632,24,28269.0,2,2
2662,667,33,53583.0,1,0
2663,515,43,48117.0,2,2
2664,605,54,69882.0,3,0
2665,43,32,72379.0,3,2
2666,806,23,45946.0,1,1
2667,1153,84,47489.0,1,0
2668,532,34,45332.0,3,3
2669,285,55,64855.0,4,0
2670,486,36,36786.0,3,2
2671,406,55,18000.0,1,1
2672,421,21,45660.0,2,0
2673,146,18,21601.0,2,0
2674,557,56,65086.0,2,0
2675,773,18,114602.0,3,0
2676,197,49,24973.0,1,0
2677,983,20,108116.0,2,3
2678,314,48,93221.0,1,2
2679,547,21,80865.0,3,2
2680,1166,50,82218.0,3,1
2681,1046,34,53117.0,1,1
2682,82,18,51107.0,2,0
2683,966,37,34342.0,4,0
2684,462,41,36838.0,1,1
2685,724,52,58106.0,1,1
2686,327,33,59387.0,2,0
2687,581,54,71283.0,2,2
2688,175,56,117951.0,3,2
2689,1139,22,30627.0,2,0
2690,793,44,36877.0,1,0
2691,239,54,57818.0,1,0
2692,745,24,66649.0,1,0
2693,586,70,112816.0,2,0
2694,538,35,129344.0,1,3
2695,1094,24,55636.0,2,1
2696,561,41,74670.0,2,0
2697,643,51,41292.0,1,0
2698,1131,42,39407.0,3,1
2699,861,41,33769.0,1,2
2700,821,55,29013.0,4,0
2701,616,39,80645.0,2,0
2702,798,51,76779.0,1,3
2703,1167,35,26862.0,3,0
2704,1017,37,46618.0,1,2
2705,208,18,26419.0,3,1
2706,531,38,105824.0,1,1
2707,727,39,32847.0,2,1
2708,759,56,31550.0,3,1
2709,305,42,36674.0,1,0
2710,266,51,55590.0,1,0
2711,740,52,28733.0,1,3
2712,594,35,32539.0,3,2
2713,1059,31,39380.0,1,1
2714,930,36,71514.0,1,2
2715,463,18,60769.0,2,0
2716,532,18,59389.0,2,1
2717,503,33,70789.0,1,1
2718,1125,32,28808.0,1,0
2719,1031,37,36171.0,2,0
2720,169,30,76224.0,1,2
2721,239,34,23857.0,1,0
2722,444,38,58095.0,1,1
2723,565,47,41632.0,2,1
2724,107,30,42800.0,1,2
2725,859,31,75675.0,2,0
2726,117,34,49017.0,4,0
2727,75,40,36242.0,1,1
2728,844,42,67979.0,5,0
2729,126,29,36300.0,1,0
2730,581,42,52009.0,1,2
2731,893,19,25838.0,1,2
2732,106,36,78455.0,4,2
2733,1057,30,23967.0,1,0
2734,315,22,53089.0,3,1
2735,13,45,41924.0,3,1
2736,698,18,67349.0,3,0
2737,1103,37,44650.0,4,1
2738,333,44,23002.0,1,1
2739,809,38,125963.0,2,1
2740,374,47,38671.0,1,0
2741,213,26,18000.0,4,2
2742,737,31,49314.0,1,3
2743,787,56,51875.0,1,1
2744,151,54,26579.0,1,0
2745,562,49,58603.0,4,2
2746,860,51,54024.0,2,0
2747,62,34,69702.0,3,1
2748,321,59,38075.0,4,2
2749,944,23,42254.0,2,0
2750,1027,51,33853.0,2,0
2751,417,56,73779.0,1,1
2752,802,45,29701.0,2,1
2753,860,38,123614.0,2,3
2754,1137,26,40895.0,2,1
2755,948,48,63558.0,2,3
2756,10,27,64281.0,1,0
2757,47,25,71876.0,3,3
2758,753,39,55511.0,1,1
2759,700,46,62518.0,3,0
2760,289,29,63694.0,1,0
2761,132,61,27700.0,1,0
2762,1147,46,41445.0,1,2
2763,464,44,64415.0,2,1
2764,1082,42,91345.0,4,3
2765,946,28,32360.0,2,1
2766,713,49,36188.0,2,1
2767,644,29,55362.0,4,1
2768,958,55,38578.0,1,0
2769,675,52,58058.0,1,0
2770,1127,34,37000.0,2,1
2771,528,30,114900.0,5,3
2772,477,18,83040.0,1,1
2773,91,40,25980.0,1,1
2774,301,41,64294.0,1,0
2775,39,37,79761.0,1,1
2776,190,58,39785.0,2,2
2777,402,42,46377.0,4,1
2778,1180,67,30241.0,4,0
2779,549,38,34072.0,1,0
2780,676,38,41059.0,1,0
2781,1058,54,80851.0,3,2
2782,173,38,53186.0,1,0
2783,402,21,44132.0,1,1
2784,448,18,61046.0,1,2
2785,569,18,49959.0,1,2
2786,879,20,67701.0,5,0
2787,775,63,27303.0,1,0
2788,669,25,29561.0,1,0
2789,159,50,70346.0,1,1
2790,373,51,33582.0,1,1
2791,860,28,65005.0,1,0
2792,893,56,70779.0,1,0
2793,327,32,45495.0,3,1
2794,742,61,20658.0,3,0
2795,697,22,29771.0,1,0
2796,462,64,20764.0,1,2
2797,1195,33,87992.0,2,2
2798,484,32,90807.0,3,3
2799,646,23,32907.0,2,2
2800,200,63,48469.0,3,0
2801,1076,52,50877.0,1,1
2802,1065,33,36515.0,2,0
2803,167,40,72857.0,1,1
2804,133,29,83113.0,2,0
2805,1185,25,55838.0,1,0
2806,460,47,22347.0,4,1
2807,1044,36,47466.0,2,1
2808,425,18,109296.0,2,2
2809,712,26,38231.0,2,2
2810,15,47,66185.0,2,1
2811,859,58,23922.0,1,0
2812,526,78,59822.0,1,0
2813,670,45,22213.0,2,0
2814,976,18,98669.0,1,0
2815,11,38,55440.0,2,0
2816,981,51,63240.0,2,0
2817,72,31,40714.0,1,0
2818,946,24,25018.0,1,1
2819,859,48,43868.0,1,3
2820,266,31,56137.0,1,1
2821,663,44,38294.0,3,1
2822,720,31,25334.0,1,1
2823,1144,27,55396.0,1,2
2824,582,18,68081.0,1,2
2825,83,30,64781.0,1,0
2826,441,33,37354.0,2,0
2827,872,41,38406.0,3,1
2828,639,18,53648.0,1,0
2829,911,22,81242.0,2,0
2830,1111,44,57774.0,1,1
2831,708,18,27807.0,1,0
2832,1043,37,42221.0,1,0
2833,570,43,55071.0,1,0
2834,879,29,59237.0,1,0
2835,1125,18,36070.0,1,1
2836,1078,45,52641.0,1,2
2837,709,49,50936.0,4,0
2838,67,29,34875.0,2,0
2839,1104,36,96575.0,1,1
2840,154,47,64072.0,1,0
2841,954,29,31863.0,1,0
2842,483,28,24014.0,2,1
2843,260,52,56144.0,2,0
2844,605,34,38132.0,1,0
2845,444,47,20300.0,1,0
2846,451,18,105328.0,4,3
2847,973,29,47507.0,2,2
2848,747,42,36951.0,2,1
2849,1020,39,36756.0,3,0
2850,642,18,39909.0,1,1
2851,440,52,92746.0,3,2
2852,599,37,18961.0,1,0
2853,483,18,39322.0,1,1
2854,117,29,49893.0,4,0
2855,421,18,35030.0,1,0
2856,1177,51,37562.0,5,0
2857,436,34,59221.0,3,1
2858,766,41,43692.0,1,0
2859,32,32,28320.0,1,0
2860,816,43,106423.0,1,2
2861,1175,32,31379.0,2,1
2862,307,37,72568.0,1,1
2863,69,37,48970.0,1,2
2864,1175,54,52729.0,1,3
2865,406,26,61851.0,1,1
2866,79,34,85056.0,1,0
2867,425,42,72472.0,1,1
2868,684,47,58219.0,4,0
2869,1007,55,83122.0,1,1
2870,899,52,48593.0,5,3
2871,1177,47,52700.0,2,0
2872,967,50,41283.0,5,0
2873,80,55,35833.0,1,0
2874,711,41,58896.0,1,0
2875,348,46,19619.0,1,0
2876,565,40,97478.0,4,1
2877,215,21,44166.0,2,0
2878,184,73,28804.0,1,0
2879,363,38,47087.0,1,2
2880,495,37,46493.0,1,0
2881,413,35,81274.0,1,2
2882,798,40,27852.0,2,3
2883,692,65,35884.0,1,0
2884,658,40,53594.0,3,2
2885,603,55,59810.0,2,0
2886,983,31,29102.0,1,0
2887,459,46,33702.0,1,0
2888,360,42,43314.0,1,1
2889,627,37,102232.0,5,2
2890,428,50,40330.0,2,0
2891,1009,39,54872.0,2,0
2892,961,55,50063.0,2,0
2893,785,40,46387.0,1,0
2894,21,41,54663.0,4,1
2895,292,18,37770.0,3,0
2896,155,34,24483.0,1,0
2897,691,38,45404.0,1,0
2898,775,34,69587.0,2,0
2899,769,67,39911.0,1,1
2900,1124,58,18000.0,1,1
2901,156,44,41269.0,1,0
2902,926,40,30218.0,1,0
2903,18,54,33326.0,1,1
2904,1133,30,46782.0,2,0
2905,1008,30,46051.0,5,1
2906,884,60,29785.0,3,0
2907,1077,56,34771.0,2,3
2908,567,43,39018.0,1,2
2909,371,40,36611.0,2,0
2910,1011,38,63021.0,2,2
2911,521,40,53284.0,2,0
2912,858,70,20873.0,2,0
2913,552,49,35511.0,2,0
2914,364,39,112702.0,3,0
2915,210,57,55709.0,2,0
2916,928,44,42679.0,4,0
2917,221,55,61022.0,2,1
2918,1161,36,152667.0,2,2
2919,873,50,34875.0,1,3
2920,1174,40,46432.0,2,2
2921,291,67,52613.0,2,0
2922,413,56,63679.0,1,0
2923,1118,36,103173.0,1,3
2924,923,41,37957.0,1,3
2925,471,43,23796.0,2,0
2926,776,32,94997.0,4,1
2927,1046,34,43259.0,1,1
2928,921,45,19769.0,1,1
2929,557,55,30646.0,3,0
2930,793,58,40611.0,1,1
2931,317,34,18782.0,2,3
2932,587,41,49956.0,1,2
2933,677,54,18000.0,3,0
2934,1164,48,85244.0,1,1
2935,577,48,57441.0,1,1
2936,392,46,73223.0,3,1
2937,434,41,34386.0,1,1
2938,438,43,30753.0,3,1
2939,819,32,153999.0,4,1
2940,649,41,69736.0,1,1
2941,1128,41,40965.0,2,0
2942,471,55,40668.0,2,1
2943,767,41,56964.0,1,1
2944,26,55,63123.0,1,2
2945,1002,39,45759.0,2,1
2946,624,29,64454.0,2,1
2947,134,55,64615.0,1,0
2948,707,28,40939.0,1,2
2949,50,28,71811.0,1,1
2950,701,32,92474.0,2,1
2951,576,48,59583.0,1,0
2952,281,18,40728.0,2,0
2953,427,30,43777.0,4,0
2954,96,37,65005.0,2,1
2955,573,18,56423.0,1,2
2956,50,31,28749.0,1,0
2957,748,42,29814.0,3,1
2958,853,43,63928.0,2,3
2959,1150,34,23270.0,4,0
2960,563,29,71038.0,1,0
2961,665,45,37263.0,2,0
2962,345,32,29425.0,1,0
2963,1124,18,51943.0,2,1
2964,1099,41,26972.0,1,2
2965,901,54,48745.0,1,0
2966,90,24,37396.0,1,0
2967,434,43,69021.0,2,1
2968,28,42,94364.0,1,3
2969,154,39,49238.0,4,2
2970,1109,61,98781.0,1,2
2971,353,34,28669.0,2,1
2972,1195,26,86089.0,1,0
2973,11,56,38746.0,3,1
2974,469,39,46344.0,1,0
2975,950,38,58045.0,1,1
2976,93,34,51659.0,1,1
2977,684,53,71717.0,1,1
2978,878,46,33087.0,1,0
2979,256,35,37755.0,3,1
2980,343,31,18000.0,2,0
2981,739,39,41812.0,2,0
2982,682,34,33061.0,2,0
2983,879,23,73590.0,1,0
2984,644,39,29384.0,3,1
2985,346,45,45871.0,2,0
2986,104,34,47709.0,2,1
2987,576,40,49653.0,1,0
2988,255,31,39852.0,1,0
2989,308,41,64907.0,2,0
2990,374,29,57333.0,1,0
2991,465,31,85737.0,1,1
2992,734,31,42164.0,1,0
2993,836,49,87811.0,2,1
2994,1130,22,40077.0,1,2
2995,374,18,37946.0,3,2
2996,15,36,69205.0,3,0
2997,699,40,52165.0,1,0
2998,1094,26,38050.0,1,1
2999,790,38,32602.0,1,2
3000,1003,33,46290.0,1,1
3001,949,32,42633.0,1,0
3002,761,20,31768.0,2,2
3003,123,18,63835.0,2,1
3004,563,18,50968.0,3,2
3005,960,54,103932.0,1,1
3006,1016,29,64719.0,1,0
3007,737,56,136846.0,2,2
3008,306,43,57986.0,2,2
3009,155,44,58616.0,2,2
3010,1113,23,44148.0,1,0
3011,651,39,31252.0,2,2
3012,1022,29,39522.0,1,0
3013,1110,42,113000.0,3,0
3014,678,22,59109.0,1,0
3015,462,18,119220.0,3,2
3016,442,23,25665.0,4,0
3017,361,25,75430.0,2,1
3018,763,34,79217.0,1,1
3019,636,57,89769.0,1,1
3020,509,37,47576.0,1,0
3021,900,57,67651.0,1,0
3022,884,38,52645.0,2,3
3023,204,28,50593.0,1,2
3024,866,51,59855.0,1,0
3025,202,52,22782.0,1,0
3026,457,50,68119.0,1,3
3027,775,34,56983.0,1,0
3028,372,20,27212.0,1,1
3029,263,62,38489.0,2,2
3030,783,29,38994.0,1,3
3031,641,37,57360.0,1,0
3032,324,23,41470.0,1,1
3033,1090,26,44141.0,3,0
3034,988,40,66972.0,1,2
3035,452,36,45265.0,3,0
3036,842,54,93474.0,1,0
3037,476,18,70897.0,3,1
3038,268,55,39167.0,1,0
3039,326,35,111908.0,4,2
3040,902,38,109985.0,3,0
3041,611,50,111416.0,3,0
3042,1135,30,61036.0,2,1
3043,662,18,85667.0,1,1
3044,47,22,42744.0,1,0
3045,5,41,42946.0,1,2
3046,517,29,56522.0,1,0
3047,256,32,47112.0,1,2
3048,968,54,28454.0,1,0
3049,145,25,54502.0,1,2
3050,1182,35,55382.0,3,0
3051,1157,58,60100.0,1,0
3052,1024,44,45717.0,1,1
3053,534,36,59355.0,1,0
3054,832,51,40626.0,2,2
3055,244,48,25881.0,1,3
3056,948,52,26907.0,1,1
3057,521,48,39875.0,2,1
3058,206,51,49383.0,1,3
3059,955,53,39846.0,1,0
3060,933,25,23802.0,2,0
3061,1074,18,44150.0,2,0
3062,227,26,114297.0,3,2
3063,393,47,45175.0,2,0
3064,877,39,21171.0,2,1
3065,877,36,76626.0,3,3
3066,508,26,48911.0,2,0
3067,683,33,67668.0,3,0
3068,939,18,44965.0,1,0
3069,535,43,41557.0,1,2
3070,396,30,65010.0,2,1
3071,170,38,47672.0,1,1
3072,1103,37,50379.0,1,0
3073,356,50,53562.0,2,1
3074,511,41,35665.0,2,1
3075,562,31,19216.0,3,1
3076,296,34,56715.0,2,0
3077,1090,35,51688.0,1,0
3078,884,60,63311.0,1,0
3079,220,34,91948.0,2,1
3080,277,55,38098.0,1,0
3081,267,40,48138.0,2,0
3082,1186,46,66421.0,1,2
3083,508,24,44082.0,1,1
3084,648,56,65421.0,1,3
3085,192,36,31059.0,2,0
3086,405,46,31511.0,1,0
3087,697,40,32496.0,5,0
3088,733,32,57903.0,1,1
3089,18,46,48686.0,3,0
3090,593,46,72347.0,1,3
3091,740,33,51204.0,1,1
3092,793,58,30653.0,1,0
3093,97,20,34856.0,1,1
3094,830,51,69405.0,1,2
3095,320,23,61694.0,2,1
3096,569,37,18000.0,4,0
3097,1021,20,60078.0,1,0
3098,909,50,50217.0,1,0
3099,556,36,48580.0,2,1
3100,1170,39,143250.0,3,0
3101,1033,35,53468.0,1,1
3102,871,47,34748.0,2,0
3103,993,67,42317.0,4,0
3104,1190,24,35991.0,2,0
3105,578,36,20729.0,1,0
3106,439,51,55463.0,4,0
3107,129,38,66382.0,1,0
3108,573,32,80991.0,1,3
3109,485,49,74056.0,1,0
3110,831,21,53727.0,2,2
3111,192,44,29833.0,1,0
3112,553,41,40832.0,1,1
3113,525,44,83339.0,1,1
3114,289,48,51435.0,1,0
3115,843,21,89860.0,4,1
3116,938,37,83991.0,1,1
3117,842,27,55584.0,1,0
3118,116,39,26122.0,3,0
3119,1056,60,34808.0,2,1
3120,833,33,48993.0,2,0
3121,1056,43,41863.0,1,1
3122,367,41,82388.0,1,1
3123,939,23,19702.0,1,1
3124,935,58,51268.0,1,1
3125,462,41,75419.0,1,1
3126,293,29,71932.0,3,3
3127,225,30,22334.0,1,0
3128,724,18,39441.0,1,0
3129,477,41,57476.0,1,2
3130,444,32,30185.0,5,0
3131,235,62,84988.0,2,1
3132,423,68,21521.0,2,1
3133,613,34,81656.0,2,3
3134,1001,36,42149.0,3,0
3135,290,44,40493.0,2,1
3136,890,47,35710.0,3,1
3137,102,39,75586.0,2,3
3138,303,37,64792.0,3,1
3139,855,36,69204.0,1,0
3140,145,28,68949.0,4,1
3141,494,37,29423.0,1,1
3142,822,23,25433.0,2,0
3143,518,51,55460.0,1,3
3144,595,30,63166.0,1,2
3145,171,27,68588.0,1,0
3146,763,39,62834.0,2,0
3147,294,39,83068.0,1,0
3148,840,44,73632.0,1,0
3149,494,55,44690.0,1,0
3150,1179,24,57263.0,1,3
3151,1051,32,46815.0,2,2
3152,730,40,71124.0,1,2
3153,46,35,88969.0,3,0
3154,804,53,69872.0,1,0
3155,706,18,38383.0,1,2
3156,1079,40,88923.0,1,1
3157,248,27,48145.0,3,1
3158,1117,21,18000.0,1,1
3159,831,69,25696.0,1,1
3160,689,35,45571.0,1,2
3161,997,47,62583.0,1,0
3162,1097,28,60247.0,1,0
3163,948,36,40460.0,1,0
3164,651,21,54795.0,2,2
3165,828,26,54838.0,2,1
3166,500,66,54303.0,2,2
3167,1184,56,31596.0,1,0
3168,295,30,27845.0,2,1
3169,385,18,38092.0,3,1
3170,630,48,18000.0,1,1
3171,291,21,39240.0,1,1
3172,1188,18,112053.0,4,3
3173,1177,55,24188.0,1,1
3174,43,38,67776.0,1,1
3175,743,18,70870.0,1,1
3176,984,47,36825.0,1,2
3177,186,46,56172.0,3,0
3178,400,37,36162.0,3,1
3179,130,42,65125.0,2,0
3180,1140,59,57686.0,3,3
3181,1166,51,59220.0,1,0
3182,645,28,21118.0,2,0
3183,978,31,35735.0,1,1
3184,388,18,81407.0,3,0
3185,567,18,59909.0,1,2
3186,707,39,114970.0,1,2
3187,803,19,54563.0,1,0
3188,1178,49,46386.0,2,1
3189,983,45,33470.0,1,1
3190,644,45,36285.0,2,0
3191,849,25,83262.0,1,0
3192,72,21,40859.0,3,1
3193,851,43,18077.0,4,0
3194,118,18,27315.0,1,2
3195,164,37,59098.0,1,0
3196,511,48,50976.0,1,0
3197,57,34,45021.0,2,2
3198,1052,30,91087.0,1,0
3199,1197,43,35183.0,1,0
3200,715,36,65136.0,4,2
3201,472,28,48003.0,1,0
3202,541,27,93426.0,1,1
3203,731,40,34122.0,1,1
3204,136,65,61322.0,2,2
3205,793,62,42107.0,2,2
3206,70,33,58452.0,2,1
3207,176,30,36481.0,2,1
3208,723,40,55174.0,1,3
3209,730,37,38961.0,1,0
3210,642,57,59786.0,1,0
3211,489,44,95986.0,2,0
3212,610,18,59454.0,2,0
3213,171,50,38366.0,2,0
3214,1010,35,65003.0,1,1
3215,1102,27,58114.0,4,0
3216,1000,31,43942.0,4,0
3217,1050,47,36211.0,2,1
3218,1037,49,55458.0,1,0
3219,484,28,72719.0,5,0
3220,1065,22,75586.0,4,1
3221,1008,49,70876.0,1,1
3222,84,26,66425.0,1,0
3223,141,49,22667.0,2,0
3224,885,37,72964.0,3,0
3225,292,43,39369.0,1,1
3226,926,18,49676.0,1,2
3227,627,59,53234.0,1,2
3228,14,58,38330.0,4,1
3229,750,19,49588.0,1,0
3230,200,40,26740.0,1,0
3231,385,46,59680.0,2,0
3232,648,33,49532.0,1,0
3233,1005,37,66078.0,1,0
3234,84,69,83320.0,1,2
3235,645,50,64349.0,2,3
3236,659,29,41884.0,3,1
3237,546,21,39536.0,1,2
3238,24,60,32572.0,1,0
3239,118,54,51327.0,1,2
3240,357,46,48326.0,4,0
3241,563,65,20691.0,2,0
3242,835,27,35869.0,2,1
3243,814,28,72357.0,3,0
3244,62,35,49981.0,1,0
3245,853,18,67084.0,3,3
3246,456,36,52651.0,1,0
3247,177,32,90162.0,1,2
3248,841,53,39817.0,2,1
3249,810,42,43851.0,1,0
3250,120,51,76724.0,1,0
3251,909,50,109914.0,1,1
3252,672,34,57966.0,1,1
3253,365,42,27810.0,4,0
3254,1172,54,35817.0,1,1
3255,880,60,22566.0,1,0
3256,573,39,62523.0,3,0
3257,1074,56,45601.0,2,0
3258,856,25,56837.0,1,1
3259,910,37,41551.0,3,1
3260,40,45,160297.0,1,0
3261,127,37,75482.0,1,1
3262,517,31,44329.0,4,2
3263,847,28,69688.0,1,2
3264,558,43,68492.0,1,1
3265,762,32,47917.0,3,2
3266,736,33,32930.0,3,0
3267,1193,43,45083.0,1,2
3268,1014,18,55398.0,1,0
3269,1034,61,38938.0,2,0
3270,417,38,40966.0,2,0
3271,395,44,41353.0,2,0
3272,1064,52,42749.0,1,2
3273,574,35,35723.0,1,0
3274,642,50,27534.0,2,0
3275,154,32,44375.0,5,1
3276,1118,27,64076.0,1,1
3277,695,49,37708.0,1,1
3278,98,27,37028.0,2,0
3279,711,21,47815.0,2,2
3280,794,45,38720.0,1,0
3281,539,45,58231.0,2,0
3282,913,53,69374.0,1,2
3283,867,44,72734.0,1,2
3284,900,54,57465.0,2,0
3285,819,27,43942.0,2,1
3286,479,37,45325.0,4,1
3287,723,62,53476.0,3,0
3288,414,49,24739.0,1,0
3289,695,62,53721.0,4,3
3290,601,59,50200.0,3,3
3291,546,52,18000.0,5,0
3292,163,42,42728.0,5,0
3293,1009,38,18000.0,1,0
3294,670,41,25020.0,1,0
3295,754,28,26344.0,2,0
3296,281,44,34759.0,1,1
3297,102,49,43879.0,2,1
3298,752,42,79526.0,1,0
3299,806,38,58668.0,1,0
3300,170,37,31580.0,5,1
3301,925,39,36314.0,1,0
3302,562,29,43073.0,1,0
3303,9,60,47894.0,1,1
3304,661,45,25455.0,1,0
3305,491,35,36106.0,3,2
3306,678,37,34667.0,1,2
3307,612,35,58491.0,1,0
3308,141,38,38739.0,2,1
3309,94,39,42874.0,1,0
3310,1078,34,58116.0,2,2
3311,273,39,30480.0,1,1
3312,557,56,113875.0,1,0
3313,895,28,46227.0,2,0
3314,691,25,31679.0,1,1
3315,866,51,94248.0,1,1
3316,230,35,103206.0,1,0
3317,266,30,24768.0,2,0
3318,580,45,68501.0,1,1
3319,416,34,45059.0,1,0
3320,207,42,73894.0,2,0
3321,690,18,90609.0,4,0
3322,377,53,27108.0,2,1
3323,60,24,46240.0,2,2
3324,118,29,70493.0,2,0
3325,788,44,57610.0,1,1
3326,256,18,63622.0,1,3
3327,709,38,31996.0,1,0
3328,524,29,83312.0,3,1
3329,193,18,42835.0,1,0
3330,745,58,57165.0,2,1
3331,182,35,30167.0,1,0
3332,936,39,42962.0,1,0
3333,1134,31,59917.0,2,1
3334,486,50,28700.0,2,0
3335,688,44,48790.0,2,1
3336,707,39,31013.0,2,1
3337,683,55,72488.0,1,0
3338,364,38,56530.0,2,2
3339,900,31,131708.0,1,1
3340,955,56,48837.0,2,0
3341,220,61,49078.0,1,0
3342,895,41,34329.0,1,2
3343,137,31,65717.0,1,2
3344,948,20,50674.0,1,0
3345,410,41,66802.0,2,3
3346,51,45,34450.0,1,2
3347,1024,36,89504.0,3,1
3348,837,52,42228.0,1,0
3349,249,41,92808.0,3,0
3350,1177,51,44815.0,2,0
3351,88,42,40228.0,1,1
3352,748,28,31227.0,4,1
3353,432,21,59855.0,1,0
3354,709,51,27600.0,1,0
3355,151,36,78214.0,1,0
3356,585,43,43820.0,1,3
3357,580,59,39210.0,2,0
3358,55,35,41375.0,1,0
3359,335,51,52093.0,3,1
3360,413,34,70138.0,1,0
3361,2,41,31816.0,2,0
3362,693,39,59022.0,1,0
3363,1009,54,47246.0,2,0
3364,1021,69,90680.0,3,3
3365,456,52,59819.0,3,3
3366,1183,26,18000.0,2,0
3367,25,21,54927.0,2,2
3368,17,35,38550.0,3,2
3369,537,36,30063.0,1,0
3370,230,39,62795.0,1,2
3371,59,47,58779.0,2,1
3372,83,27,21868.0,2,0
3373,9,34,19771.0,3,0
3374,154,61,32944.0,1,1
3375,614,18,18000.0,1,3
3376,488,46,83520.0,4,1
3377,1154,27,215329.0,1,2
3378,647,32,44275.0,1,0
3379,898,24,58176.0,1,2
3380,951,26,103852.0,1,0
3381,744,27,64252.0,4,2
3382,588,38,34935.0,2,0
3383,319,50,113885.0,2,3
3384,191,42,62561.0,1,0
3385,653,38,25530.0,1,0
3386,571,41,33391.0,1,0
3387,12,40,82118.0,1,2
3388,556,46,47541.0,3,1
3389,541,43,41782.0,3,2
3390,735,49,67172.0,1,0
3391,854,64,46586.0,3,0
3392,14,51,57771.0,1,1
3393,328,18,41758.0,1,0
3394,469,35,33725.0,1,0
3395,947,52,31912.0,1,2
3396,368,38,37846.0,1,1
3397,864,44,36237.0,2,0
3398,969,47,33590.0,1,0
3399,324,27,63020.0,1,0
3400,76,42,53290.0,4,1
3401,545,43,74250.0,3,1
3402,877,56,59069.0,1,0
3403,288,28,79159.0,2,0
3404,123,48,64605.0,2,2
3405,617,35,52207.0,1,1
3406,92,26,85999.0,1,1
3407,235,18,67525.0,1,3
3408,627,33,26873.0,1,3
3409,149,45,30439.0,1,0
3410,988,25,58908.0,2,1
3411,1047,39,44489.0,3,0
3412,1060,39,41690.0,2,1
3413,426,28,52693.0,3,3
3414,796,45,63664.0,1,2
3415,23,35,115300.0,1,2
3416,311,50,55425.0,1,3
3417,876,18,48488.0,3,2
3418,573,49,111317.0,3,0
3419,1099,62,92929.0,1,1
3420,842,40,59072.0,1,1
3421,825,23,37134.0,1,0
3422,1046,18,49363.0,1,1
3423,661,54,38000.0,2,1
3424,951,34,44206.0,1,0
3425,660,56,55281.0,3,2
3426,232,51,77384.0,3,1
3427,479,49,58424.0,1,0
3428,22,37,63937.0,3,0
3429,735,38,102193.0,1,1
3430,1162,34,59665.0,3,0
3431,138,37,57028.0,1,1
3432,156,54,48115.0,2,2
3433,864,31,26448.0,1,0
3434,849,43,22494.0,1,1
3435,325,39,56987.0,4,1
3436,24,32,40486.0,2,1
3437,549,47,49896.0,1,0
3438,547,49,36884.0,3,1
3439,320,18,52982.0,4,1
3440,789,51,79578.0,3,1
3441,631,48,74026.0,1,2
3442,468,35,58054.0,1,0
3443,896,49,62289.0,3,1
3444,718,35,47210.0,1,0
3445,27,37,60404.0,1,0
3446,384,40,71451.0,1,0
3447,732,50,57870.0,4,0
3448,483,36,49509.0,5,0
3449,558,53,89978.0,2,1
3450,733,30,29226.0,2,0
3451,127,54,50693.0,1,1
3452,627,47,26211.0,3,0
3453,396,42,40352.0,1,0
3454,332,59,53241.0,1,0
3455,851,65,90291.0,1,3
3456,757,23,31028.0,1,0
3457,888,29,49615.0,1,1
3458,273,18,45613.0,2,0
3459,197,41,47190.0,1,0
3460,433,38,42059.0,5,0
3461,606,39,46054.0,3,0
3462,1065,39,52986.0,3,0
3463,239,37,59094.0,3,1
3464,46,47,57300.0,1,3
3465,217,34,73733.0,1,1
3466,1039,25,18000.0,3,0
3467,201,35,27217.0,1,1
3468,282,32,35422.0,1,0
3469,1025,39,95752.0,1,2
3470,184,51,55596.0,3,3
3471,293,58,28524.0,3,2
3472,650,33,62024.0,4,0
3473,1047,39,81583.0,3,0
3474,369,21,44240.0,3,0
3475,673,26,18000.0,1,0
3476,759,57,69408.0,1,0
3477,1101,42,36887.0,1,2
3478,725,48,32779.0,1,0
3479,1125,66,39998.0,1,0
3480,347,48,87349.0,2,3
3481,432,44,68608.0,1,2
3482,1154,42,71985.0,1,1
3483,622,45,58482.0,1,3
3484,337,39,60887.0,1,3
3485,428,36,53060.0,1,0
3486,1027,25,39868.0,1,1
3487,92,38,35615.0,1,0
3488,549,47,52222.0,1,2
3489,473,31,51121.0,1,0
3490,1116,22,48044.0,1,1
3491,1161,51,38870.0,1,0
3492,998,53,35855.0,1,1
3493,678,51,82373.0,1,0
3494,296,43,40183.0,1,1
3495,888,32,32753.0,1,0
3496,868,51,48985.0,1,1
3497,1010,51,82773.0,1,2
3498,893,24,47175.0,3,0
3499,722,48,37605.0,1,0
3500,931,26,28844.0,1,0
3501,106,51,48225.0,1,3
3502,907,45,65984.0,3,0
3503,768,47,52686.0,1,1
3504,1193,45,41012.0,3,0
3505,679,53,72568.0,3,2
3506,424,29,40468.0,4,2
3507,283,45,63315.0,3,0
3508,358,32,23941.0,1,2
3509,992,49,53519.0,1,0
3510,322,29,39975.0,1,0
3511,567,40,41519.0,1,0
3512,910,48,46885.0,5,1
3513,49,38,26977.0,3,2
3514,985,63,115966.0,1,2
3515,61,33,34639.0,3,2
3516,519,52,49172.0,4,0
3517,312,42,42186.0,1,2
3518,1133,44,59331.0,1,0
3519,748,29,32835.0,5,0
3520,1191,30,91871.0,3,0
3521,719,48,23718.0,3,0
3522,568,31,46986.0,2,0
3523,909,61,79655.0,4,3
3524,273,32,34505.0,3,0
3525,60,39,27392.0,1,0
3526,874,18,34508.0,1,2
3527,892,37,42124.0,1,0
3528,115,47,59413.0,3,2
3529,1094,56,68889.0,1,2
3530,380,37,50280.0,3,2
3531,323,28,37726.0,5,2
3532,1146,28,49074.0,1,1
3533,722,26,71483.0,3,0
3534,804,32,151458.0,3,1
3535,603,34,58569.0,2,2
3536,371,48,82647.0,2,0
3537,1026,29,47146.0,1,1
3538,629,31,57186.0,1,1
3539,520,38,72463.0,2,0
3540,189,34,49766.0,2,0
3541,423,32,49938.0,4,0
3542,1145,43,137274.0,2,2
3543,451,22,41712.0,1,0
3544,485,49,27379.0,3,0
3545,1193,18,36965.0,1,0
3546,652,18,74371.0,2,1
3547,370,55,55888.0,1,1
3548,858,31,68232.0,1,0
3549,32,51,91023.0,2,1
3550,43,45,55342.0,2,2
3551,608,36,47361.0,3,1
3552,995,33,60484.0,1,0
3553,249,42,54805.0,2,0
3554,706,26,88385.0,1,0
3555,164,55,39777.0,5,0
3556,1148,38,45584.0,1,0
3557,716,41,30619.0,1,1
3558,1094,23,61987.0,1,1
3559,384,45,51347.0,1,1
3560,1017,30,81209.0,1,0
3561,646,38,49894.0,2,3
3562,266,41,34477.0,1,0
3563,381,45,47320.0,1,0
3564,105,43,94039.0,1,2
3565,912,34,49073.0,1,0
3566,528,39,22942.0,1,1
3567,441,24,116427.0,2,2
3568,876,18,18000.0,1,1
3569,1041,42,63531.0,2,3
3570,607,50,55141.0,2,0
3571,746,27,45160.0,3,0
3572,791,19,35616.0,1,3
3573,1199,38,48853.0,3,1
3574,234,21,26037.0,2,1
3575,1024,33,33579.0,1,2
3576,907,31,134109.0,4,1
3577,53,39,44217.0,1,1
3578,696,47,41136.0,2,0
3579,1135,29,51926.0,3,2
3580,431,19,49605.0,1,0
3581,288,54,103192.0,1,1
3582,539,18,60697.0,2,2
3583,771,60,76665.0,1,1
3584,508,26,88983.0,1,1
3585,584,54,48876.0,2,0
3586,119,73,26695.0,1,0
3587,232,41,29640.0,1,1
3588,255,21,40246.0,1,1
3589,31,22,39724.0,1,2
3590,1044,40,51915.0,1,1
3591,121,32,46962.0,3,1
3592,1121,48,78997.0,1,1
3593,312,58,57014.0,1,0
3594,1175,25,66451.0,1,0
3595,997,48,41696.0,2,1
3596,838,59,31367.0,1,0
3597,641,36,18874.0,1,0
3598,1095,26,45078.0,2,0
3599,370,29,47438.0,1,2
3600,319,24,42681.0,1,1
3601,602,24,48645.0,1,0
3602,271,38,27951.0,3,2
3603,1125,24,41301.0,1,1
3604,594,56,30930.0,5,0
3605,344,28,86439.0,1,3
3606,1128,56,50411.0,3,0
3607,270,43,50728.0,1,1
3608,1022,46,74711.0,3,2
3609,386,34,57548.0,2,0
3610,1127,32,65655.0,2,2
3611,338,37,44768.0,3,0
3612,1153,51,32611.0,1,1
3613,499,59,111003.0,1,2
3614,144,28,39367.0,2,2
3615,647,32,21575.0,2,0
3616,1099,52,109273.0,4,3
3617,705,62,59429.0,1,0
3618,25,55,72534.0,1,1
3619,460,33,54074.0,1,2
3620,474,29,23925.0,1,0
3621,760,65,39804.0,1,1
3622,113,55,72311.0,1,1
3623,948,18,39007.0,1,0
3624,476,42,61817.0,3,0
3625,212,49,26157.0,2,1
3626,915,47,23048.0,1,2
3627,274,34,47028.0,1,0
3628,1001,26,148207.0,2,0
3629,1003,48,29058.0,2,1
3630,607,65,45767.0,1,1
3631,976,36,51044.0,1,3
3632,745,72,80356.0,3,1
3633,512,34,26292.0,2,0
3634,211,18,39138.0,1,1
3635,162,27,45547.0,3,1
3636,131,30,30338.0,2,0
3637,590,49,32417.0,1,0
3638,476,30,54153.0,2,0
3639,1059,38,82326.0,3,1
3640,905,32,119667.0,1,1
3641,1048,57,40889.0,1,1
3642,215,37,30618.0,3,0
3643,543,19,48431.0,2,0
3644,367,46,46614.0,2,0
3645,659,37,57410.0,2,0
3646,311,56,41036.0,2,0
3647,27,21,27861.0,4,0
3648,328,32,32947.0,3,2
3649,426,42,29620.0,1,1
3650,825,28,39248.0,3,2
3651,1193,57,22319.0,1,0
3652,132,26,46835.0,1,2
3653,652,35,22746.0,2,0
3654,531,58,84661.0,1,1
3655,359,32,84498.0,2,2
3656,527,26,66404.0,4,0
3657,247,27,44448.0,3,1
3658,877,39,47681.0,4,2
3659,685,34,50376.0,1,2
3660,320,19,44859.0,1,1
3661,447,42,51152.0,2,2
3662,833,18,55213.0,1,2
3663,637,36,22148.0,1,0
3664,74,49,47036.0,2,0
3665,284,41,58201.0,1,0
3666,994,45,35943.0,1,2
3667,872,42,66177.0,1,1
3668,670,35,103992.0,1,1
3669,1081,33,49044.0,4,2
3670,79,36,73738.0,1,3
3671,752,34,29633.0,1,0
3672,301,52,41429.0,4,0
3673,532,49,69705.0,5,1
3674,514,31,33511.0,2,0
3675,157,32,42141.0,1,1
3676,960,37,37341.0,4,0
3677,457,41,31372.0,1,1
3678,711,41,68922.0,2,1
3679,619,49,25931.0,1,0
3680,726,42,50858.0,3,1
3681,337,39,21608.0,1,1
3682,512,18,30556.0,2,0
3683,1025,32,60079.0,1,2
3684,975,47,67081.0,2,2
3685,752,18,39509.0,3,0
3686,809,43,42064.0,1,3
3687,1044,48,62378.0,5,0
3688,1190,18,97521.0,3,0
3689,494,24,27445.0,2,1
3690,854,55,54942.0,1,0
3691,356,51,78876.0,2,3
3692,727,41,35618.0,3,2
3693,486,48,56513.0,1,0
3694,369,44,25885.0,1,0
3695,81,42,47138.0,1,3
3696,999,38,59043.0,3,1
3697,686,20,30833.0,1,0
3698,612,42,35107.0,1,2
3699,412,44,54499.0,1,0
3700,1081,45,37106.0,2,2
3701,817,46,21993.0,1,0
3702,1078,26,40579.0,1,2
3703,448,28,18000.0,1,1
3704,126,27,35956.0,5,1
3705,136,30,30951.0,1,2
3706,808,56,41580.0,2,1
3707,645,23,42690.0,2,2
3708,1139,36,33352.0,1,0
3709,641,35,87634.0,3,1
3710,600,51,27708.0,3,0
3711,30,44,42541.0,3,3
3712,325,22,84751.0,2,2
3713,56,22,35336.0,1,1
3714,17,28,45220.0,2,2
3715,426,42,63505.0,3,0
3716,582,37,39279.0,1,1
3717,330,36,76756.0,1,0
3718,194,18,57583.0,3,0
3719,659,39,50901.0,2,0
3720,832,51,60618.0,1,1
3721,79,30,49470.0,3,1
3722,657,35,30965.0,4,1
3723,1091,18,26096.0,3,0
3724,978,59,62036.0,2,0
3725,183,46,57618.0,5,0
3726,631,53,28114.0,3,0
3727,357,38,78684.0,2,3
3728,1071,18,28727.0,5,1
3729,231,48,28190.0,5,0
3730,237,24,110524.0,3,0
3731,860,27,46584.0,1,0
3732,295,25,95498.0,5,3
3733,592,30,54850.0,1,0
3734,376,18,52645.0,2,0
3735,874,18,57870.0,2,1
3736,895,23,50843.0,2,0
3737,359,23,97762.0,3,1
3738,631,29,49124.0,1,0
3739,939,40,44412.0,1,0
3740,559,26,102236.0,1,2
3741,300,42,37446.0,2,2
3742,1080,51,73990.0,3,0
3743,397,56,93262.0,2,2
3744,1082,55,43040.0,2,1
3745,1178,50,71575.0,1,2
3746,990,31,57364.0,1,2
3747,30,18,30861.0,2,0
3748,1025,52,112615.0,1,0
3749,328,46,87735.0,1,1
3750,226,51,43699.0,1,0
3751,877,35,41980.0,1,2
3752,467,46,71866.0,2,2
3753,489,68,74080.0,1,3
3754,980,54,26761.0,1,2
3755,599,33,22325.0,1,0
3756,471,24,71279.0,2,0
3757,743,23,34028.0,4,0
3758,240,51,45584.0,3,1
3759,255,43,27740.0,2,2
3760,500,50,38220.0,1,1
3761,462,47,18245.0,1,0
3762,1110,46,45306.0,2,0
3763,630,25,36811.0,1,0
3764,170,42,60480.0,3,3
3765,365,18,63804.0,3,2
3766,328,38,53726.0,2,2
3767,547,36,18679.0,1,0
3768,932,35,54467.0,1,1
3769,458,18,31485.0,3,0
3770,630,29,69006.0,2,0
3771,831,67,134405.0,1,0
3772,678,18,54120.0,2,0
3773,807,33,60818.0,2,1
3774,738,35,46338.0,3,2
3775,398,35,65091.0,1,0
3776,61,55,53564.0,1,0
3777,425,47,43881.0,4,0
3778,646,50,72890.0,1,1
3779,624,36,71464.0,2,0
3780,385,39,48893.0,2,1
3781,324,44,21604.0,1,0
3782,726,25,38057.0,1,1
3783,49,77,43341.0,2,0
3784,911,40,46517.0,3,0
3785,760,36,53287.0,1,0
3786,407,31,38302.0,3,0
3787,370,25,32165.0,1,1
3788,564,31,50162.0,1,1
3789,139,34,51759.0,2,3
3790,430,43,70782.0,2,2
3791,86,62,26567.0,2,0
3792,954,56,140589.0,1,2
3793,973,20,22402.0,4,0
3794,852,39,64031.0,3,2
3795,338,20,53996.0,3,0
3796,588,31,84400.0,3,0
3797,469,46,27252.0,4,1
3798,662,42,51389.0,1,0
3799,835,46,33111.0,2,2
3800,535,46,77757.0,3,1
3801,240,30,62937.0,1,0
3802,508,55,48064.0,5,2
3803,478,62,30012.0,1,2
3804,893,25,169390.0,1,1
3805,821,41,52174.0,1,0
3806,789,31,37566.0,1,0
3807,1165,54,47620.0,2,1
3808,467,36,29843.0,4,0
3809,777,26,40279.0,1,1
3810,378,32,39415.0,1,1
3811,928,59,44816.0,1,0
3812,547,44,44375.0,1,2
3813,652,31,33753.0,2,0
3814,1129,18,28253.0,1,1
3815,137,24,75510.0,3,0
3816,965,37,38637.0,3,1
3817,419,37,53021.0,2,0
3818,905,41,25479.0,1,3
3819,115,24,70928.0,1,2
3820,452,48,33670.0,1,0
3821,108,57,51566.0,1,1
3822,857,36,86563.0,4,1
3823,1005,40,50457.0,3,1
3824,729,56,56328.0,2,0
3825,212,48,40349.0,4,0
3826,635,50,69684.0,2,1
3827,16,37,45669.0,1,1
3828,8,18,23754.0,1,0
3829,1188,52,70179.0,1,1
3830,673,18,74948.0,1,2
3831,466,47,37045.0,1,2
3832,130,59,50108.0,1,2
3833,1043,52,23107.0,4,1
3834,184,37,32428.0,2,2
3835,69,41,66352.0,1,3
3836,977,60,53113.0,5,3
3837,125,22,40084.0,1,0
3838,12,34,46517.0,1,2
3839,622,24,53860.0,2,1
3840,273,51,57776.0,3,3
3841,481,43,21770.0,2,2
3842,1013,56,27558.0,3,0
3843,144,18,72107.0,3,1
3844,927,47,22099.0,1,0
3845,882,27,68004.0,3,2
3846,1115,32,77104.0,1,2
3847,578,35,87063.0,1,1
3848,61,41,48661.0,2,2
3849,32,52,41931.0,2,0
3850,1185,44,39921.0,3,0
3851,881,49,41670.0,2,0
3852,209,31,41873.0,2,1
3853,1024,31,36349.0,2,2
3854,87,41,78032.0,2,0
3855,1181,18,61959.0,1,0
3856,208,23,36014.0,2,0
3857,105,40,31020.0,4,0
3858,43,40,74649.0,2,0
3859,1140,28,35384.0,1,0
3860,620,31,47444.0,1,1
3861,450,36,114996.0,1,1
3862,519,40,66281.0,1,1
3863,400,33,50496.0,1,0
3864,449,32,34038.0,4,0
3865,1109,44,33872.0,2,1
3866,948,53,79620.0,1,3
3867,678,43,42018.0,2,2
3868,396,66,21941.0,1,0
3869,149,25,36189.0,4,2
3870,513,48,28343.0,1,0
3871,861,35,46237.0,3,1
3872,1022,28,29025.0,1,0
3873,593,37,61953.0,1,1
3874,929,30,59451.0,2,0
3875,339,31,51782.0,1,1
3876,764,40,72954.0,1,1
3877,1125,40,45383.0,3,0
3878,589,55,50966.0,1,2
3879,481,41,69250.0,2,2
3880,907,54,95467.0,1,1
3881,208,41,57249.0,1,1
3882,1138,22,62362.0,1,2
3883,463,40,83543.0,2,2
3884,720,43,18000.0,1,0
3885,883,70,33761.0,2,2
3886,1190,41,104642.0,1,2
3887,1106,19,49740.0,1,0
3888,630,27,75860.0,1,1
3889,366,50,35940.0,1,0
3890,360,35,23619.0,1,1
3891,139,35,78785.0,1,1
3892,451,74,29763.0,5,0
3893,807,34,44309.0,1,1
3894,246,18,42582.0,4,2
3895,60,34,47953.0,1,0
3896,23,45,37245.0,3,0
3897,935,29,60898.0,2,2
3898,531,38,49427.0,2,1
3899,771,53,41229.0,1,0
3900,45,20,79772.0,1,1
3901,1094,32,29877.0,1,2
3902,28,27,59721.0,1,1
3903,277,48,91232.0,3,0
3904,454,32,40539.0,1,0
3905,1022,37,68396.0,4,0
3906,9,37,50192.0,1,2
3907,710,43,54103.0,1,1
3908,336,18,32935.0,1,0
3909,149,28,48130.0,1,2
3910,454,30,60920.0,2,1
3911,848,50,81351.0,1,1
3912,751,42,43463.0,3,3
3913,960,19,69758.0,1,1
3914,74,29,51603.0,2,0
3915,36,18,85512.0,1,0
3916,950,55,23008.0,1,2
3917,1151,45,53478.0,5,0
3918,915,28,50575.0,2,0
3919,523,42,28398.0,4,0
3920,680,21,42212.0,3,3
3921,410,34,84075.0,4,1
3922,1192,47,36941.0,1,0
3923,1118,41,34794.0,1,0
3924,964,30,40214.0,2,3
3925,778,53,84325.0,1,2
3926,586,58,44587.0,2,0
3927,1127,38,57658.0,3,0
3928,76,35,40904.0,1,0
3929,415,33,25925.0,2,0
3930,866,34,55932.0,1,0
3931,925,29,59181.0,5,3
3932,549,35,50250.0,1,0
3933,404,18,35361.0,1,3
3934,1096,38,33613.0,2,1
3935,332,33,35377.0,3,0
3936,93,26,46782.0,1,1
3937,948,46,43362.0,2,1
3938,727,54,33257.0,2,1
3939,122,31,43428.0,4,2
3940,1020,27,43389.0,3,1
3941,270,31,47688.0,2,0
3942,507,43,86992.0,1,1
3943,388,34,27767.0,4,0
3944,130,28,42709.0,1,0
3945,513,28,60171.0,2,0
3946,344,28,56356.0,2,1
3947,666,26,55717.0,3,2
3948,1095,45,42949.0,1,1
3949,222,35,81178.0,1,0
3950,251,31,73330.0,1,0
3951,139,54,57859.0,2,0
3952,671,34,52733.0,2,1
3953,71,40,64764.0,1,0
3954,696,40,18342.0,1,0
3955,152,61,76128.0,3,1
3956,381,18,64485.0,1,3
3957,40,42,67491.0,1,0
3958,1195,38,110039.0,4,0
3959,903,42,52110.0,1,1
3960,960,21,23510.0,1,0
3961,1044,35,98522.0,1,3
3962,39,37,112689.0,1,1
3963,1121,47,44142.0,1,0
3964,134,40,43978.0,1,1
3965,221,49,77550.0,1,0
3966,298,53,44844.0,2,0
3967,891,43,23792.0,3,0
3968,890,19,70796.0,1,0
3969,159,30,40146.0,1,1
3970,459,34,56064.0,1,3
3971,938,54,36654.0,1,0
3972,488,18,67078.0,2,3
3973,224,39,43891.0,1,1
3974,662,27,47178.0,1,0
3975,761,18,67569.0,3,1
3976,80,42,66348.0,1,1
3977,523,45,34777.0,4,0
3978,249,32,67310.0,2,1
3979,128,20,48404.0,2,0
3980,425,49,39970.0,4,1
3981,8,39,52736.0,3,1
3982,940,21,19966.0,1,1
3983,854,18,25024.0,2,0
3984,1119,37,95513.0,2,2
3985,439,36,26774.0,2,0
3986,708,35,38483.0,2,0
3987,335,53,24168.0,1,0
3988,69,26,35559.0,2,0
3989,1179,39,43824.0,2,1
3990,619,40,51749.0,1,1
3991,1176,27,37550.0,1,2
3992,917,25,48710.0,2,0
3993,981,57,50145.0,2,0
3994,383,35,22612.0,1,0
3995,940,46,34044.0,2,0
3996,1080,18,73222.0,2,2
3997,452,30,133387.0,2,1
3998,163,37,69566.0,1,3
3999,989,24,54261.0,3,3
4000,60,46,42032.0,2,1
4001,236,47,48603.0,1,1
4002,277,20,33539.0,1,1
4003,663,54,41273.0,3,0
4004,385,51,49407.0,1,1
4005,790,30,41760.0,2,1
4006,344,31,83190.0,2,0
4007,126,56,24763.0,1,0
4008,1172,51,56494.0,1,1
4009,685,36,66494.0,4,2
4010,249,19,132557.0,2,2
4011,104,51,70387.0,4,1
4012,1046,35,34682.0,1,0
4013,343,29,176233.0,3,2
4014,1023,33,63021.0,2,2
4015,847,24,79871.0,5,0
4016,279,58,54074.0,4,0
4017,887,19,50252.0,1,3
4018,360,57,34294.0,2,0
4019,1020,56,32431.0,1,0
4020,319,33,41801.0,5,0
4021,1159,40,26714.0,2,1
4022,1085,37,45448.0,1,1
4023,1103,33,32964.0,1,0
4024,348,33,34854.0,3,1
4025,907,30,48641.0,1,0
4026,501,42,23839.0,1,1
4027,165,28,43476.0,1,3
4028,1063,31,54785.0,2,0
4029,299,24,50381.0,1,1
4030,1062,45,69503.0,1,0
4031,700,39,92074.0,3,0
4032,1163,47,32618.0,1,1
4033,832,41,70389.0,1,2
4034,438,24,41828.0,3,3
4035,1110,65,63099.0,3,1
4036,203,29,31539.0,2,1
4037,1137,44,103412.0,2,2
4038,666,49,46961.0,4,2
4039,1012,20,31165.0,1,0
4040,631,28,63825.0,1,1
4041,1189,63,59509.0,1,2
4042,600,20,69651.0,1,2
4043,912,35,39425.0,2,0
4044,511,38,71802.0,3,0
4045,216,40,43030.0,2,0
4046,33,44,26855.0,2,0
4047,730,32,35561.0,1,0
4048,340,18,52280.0,1,0
4049,914,62,40833.0,1,1
4050,580,33,42834.0,1,1
4051,715,18,74876.0,2,2
4052,332,46,48148.0,2,1
4053,692,18,42045.0,1,0
4054,9,41,62773.0,1,0
4055,284,37,31447.0,1,0
4056,489,38,48267.0,1,0
4057,971,24,95751.0,1,0
4058,392,31,39168.0,3,1
4059,22,33,34206.0,1,0
4060,1053,24,78418.0,1,3
4061,1026,40,26699.0,1,1
4062,289,45,24876.0,5,1
4063,255,55,30909.0,1,0
4064,549,38,36605.0,2,0
4065,364,55,70313.0,3,0
4066,654,35,84419.0,3,1
4067,342,26,61863.0,2,0
4068,148,44,133285.0,1,3
4069,168,66,26562.0,3,2
4070,582,37,94835.0,2,1
4071,290,32,47405.0,1,0
4072,260,56,82575.0,3,1
4073,1113,36,83115.0,1,0
4074,433,28,22597.0,1,0
4075,595,37,47018.0,1,1
4076,558,46,31296.0,1,2
4077,1018,44,48757.0,1,0
4078,127,26,43420.0,1,1
4079,410,49,45763.0,4,0
4080,110,56,68110.0,1,2
4081,767,51,52558.0,1,2
4082,1183,42,46642.0,2,0
4083,15,48,37307.0,2,3
4084,459,45,54142.0,2,0
4085,1006,25,39470.0,1,0
4086,77,28,51384.0,1,0
4087,402,27,97418.0,4,0
4088,15,47,68296.0,2,0
4089,234,22,28467.0,1,2
4090,1144,18,86402.0,2,1
4091,546,24,46145.0,2,1
4092,734,32,77914.0,2,0
4093,938,36,34322.0,3,0
4094,151,41,34995.0,1,0
4095,851,42,32461.0,1,3
4096,593,52,74117.0,1,3
4097,816,57,131780.0,1,2
4098,970,52,128908.0,1,2
4099,136,38,62681.0,1,0
4100,621,43,54288.0,2,3
4101,140,39,90548.0,1,1
4102,145,37,49282.0,2,0
4103,149,41,74966.0,1,0
4104,784,52,62652.0,1,0
4105,834,47,34017.0,1,1
4106,363,42,64374.0,1,0
4107,615,46,67052.0,1,2
4108,522,38,45678.0,1,0
4109,47,69,42255.0,1,1
4110,325,36,35690.0,1,2
4111,621,43,43815.0,3,2
4112,737,34,44623.0,2,0
4113,815,34,94980.0,2,1
4114,441,38,18000.0,4,0
4115,281,43,158462.0,1,2
4116,708,20,65801.0,1,3
4117,183,45,46052.0,5,2
4118,353,58,29325.0,2,0
4119,475,39,47840.0,2,0
4120,1089,54,64450.0,2,1
4121,410,42,41705.0,1,1
4122,968,25,39172.0,1,0
4123,280,31,29284.0,1,2
4124,608,56,89680.0,3,2
4125,853,55,65898.0,1,1
4126,1003,55,140505.0,1,0
4127,1184,41,63736.0,1,1
4128,330,32,24324.0,2,2
4129,788,36,78504.0,3,0
4130,406,43,85220.0,1,2
4131,800,54,30136.0,2,0
4132,105,41,81826.0,1,2
4133,465,28,59027.0,1,0
4134,578,40,47525.0,3,0
4135,501,36,53927.0,1,1
4136,757,61,35413.0,1,2
4137,379,18,52323.0,1,0
4138,583,47,27213.0,2,0
4139,831,18,34756.0,3,1
4140,552,25,26010.0,1,0
4141,853,63,42998.0,3,0
4142,630,59,42254.0,1,2
4143,856,25,70437.0,1,0
4144,43,34,129641.0,1,1
4145,982,22,76879.0,1,1
4146,140,18,66746.0,1,0
4147,806,18,43308.0,3,1
4148,79,40,67775.0,1,2
4149,1006,18,51589.0,1,0
4150,378,43,26023.0,3,0
4151,1172,35,28379.0,1,1
4152,967,22,46359.0,3,1
4153,567,56,72576.0,1,1
4154,219,46,106145.0,1,1
4155,642,62,39351.0,3,3
4156,616,53,81714.0,1,1
4157,649,20,57349.0,4,2
4158,595,37,118047.0,1,1
4159,611,35,50596.0,2,1
4160,720,57,31261.0,1,0
4161,534,60,29742.0,1,1
4162,73,73,60304.0,2,1
4163,777,43,26595.0,2,0
4164,459,44,93177.0,1,2
4165,535,38,44635.0,2,0
4166,321,57,41673.0,2,0
4167,245,38,36662.0,1,1
4168,518,26,40613.0,3,0
4169,833,29,59168.0,1,1
4170,1170,55,43653.0,5,0
4171,352,21,37852.0,2,1
4172,269,18,51081.0,1,2
4173,1173,57,69318.0,4,1
4174,883,44,52128.0,1,1
4175,122,33,79070.0,5,0
4176,645,19,95545.0,1,0
4177,1088,33,37879.0,1,2
4178,514,55,34782.0,1,1
4179,358,31,60367.0,1,0
4180,680,53,39455.0,2,0
4181,710,35,65347.0,1,1
4182,1116,37,37611.0,4,0
4183,1137,30,53097.0,1,0
4184,442,45,40679.0,1,0
4185,126,42,130372.0,3,1
4186,906,27,46033.0,1,2
4187,339,38,24039.0,2,0
4188,677,32,38791.0,5,2
4189,425,53,78817.0,1,3
4190,763,53,46841.0,1,1
4191,64,27,41909.0,1,0
4192,962,67,47284.0,1,3
4193,1196,46,36114.0,1,2
4194,693,37,59092.0,1,1
4195,1089,48,58088.0,4,0
4196,82,31,44063.0,3,2
4197,703,42,56918.0,1,1
4198,63,26,39640.0,1,0
4199,178,29,78834.0,1,1
4200,548,26,27961.0,1,1
