id,ticket_id,passenger_id,bag_count,bag_weight,is_priority,oversize_flag,fragile_flag
1,48,1327,1,15.36,0,0,0
2,1595,1713,5,22.84,0,0,0
3,1857,539,3,25.62,0,0,0
4,903,1367,5,23.92,1,0,0
5,2140,569,4,22.03,0,0,0
6,2189,409,3,23.96,0,0,0
7,571,427,3,16.38,0,0,0
8,528,1640,2,20.57,1,0,0
9,1027,1595,1,16.29,0,0,0
10,1504,747,3,15.79,0,0,0
11,2787,455,2,19.81,0,0,0
12,2415,349,3,19.17,0,0,1
13,675,844,4,21.67,0,0,0
14,804,478,3,28.52,0,1,0
15,1371,1700,2,13.72,0,0,0
16,1383,459,4,18.66,1,0,0
17,2777,1078,2,18.35,0,0,0
18,1135,1782,1,10.55,0,0,0
19,2799,1083,2,16.43,0,0,0
20,374,1746,3,31.46,0,1,0
21,1252,352,4,21.41,0,0,0
22,1012,809,5,30.75,0,1,0
23,468,426,2,18.06,0,0,0
24,1142,1095,3,17.12,0,0,1
25,1456,945,1,15.98,0,0,0
26,2928,1261,4,31.19,0,1,0
27,2976,1394,2,16.02,0,0,1
28,391,490,2,14.46,0,0,0
29,109,66,2,14.31,1,0,1
30,371,471,1,18.43,1,0,0
31,1024,1071,4,27.94,0,0,0
32,621,786,2,14.35,1,0,0
33,2356,1172,2,19.26,0,0,0
34,998,1392,2,21.54,0,0,0
35,977,846,3,19.51,0,0,0
36,898,1087,4,23.32,0,0,1
37,2390,1591,4,22.74,0,0,0
38,2383,1459,3,21.5,0,0,0
39,1230,304,1,19.04,0,0,0
40,2767,992,2,22.09,0,0,0
41,1906,1320,2,19.82,0,0,0
42,973,818,2,20.28,0,0,0
43,1041,1304,4,19.39,0,0,1
44,2429,1513,1,11.13,0,0,0
45,2304,1320,2,19.02,0,0,0
46,2560,792,1,26.58,0,0,1
47,307,759,4,28.91,0,1,1
48,2658,963,4,20.48,1,0,0
49,2875,1717,3,25.34,0,0,0
50,756,112,2,22.05,1,0,1
51,2342,945,1,16.23,0,0,1
52,405,411,2,16.13,0,0,0
53,111,1252,3,16.47,1,0,1
54,2228,363,1,17.02,0,0,0
55,338,1780,3,18.26,1,0,0
56,2285,1700,2,19.76,0,0,1
57,1197,1462,2,21.07,0,0,0
58,477,1205,3,18.69,0,0,1
59,2477,1333,1,14.29,0,0,0
60,1603,1617,4,23.32,0,0,0
61,2693,644,2,16.4,0,0,0
62,2170,1509,2,20.07,0,0,0
63,296,1115,3,23.9,0,0,0
64,1475,1498,3,24.93,0,0,0
65,1912,896,2,19.4,0,0,0
66,2502,420,1,23.32,0,0,0
67,2515,301,5,26.35,0,0,1
68,2546,54,2,16.68,0,0,0
69,468,426,1,15.91,0,0,0
70,419,994,2,19.04,0,0,0
71,2981,44,3,21.98,0,0,0
72,2640,1427,2,14.66,0,0,0
73,1280,152,2,17.04,0,0,0
74,940,1677,3,27.12,0,0,0
75,1425,1569,1,14.77,1,0,0
76,1228,1240,4,23.72,0,0,0
77,1826,685,3,22.47,0,0,0
78,757,712,1,17.85,0,0,0
79,2722,1473,2,21.74,0,0,0
80,2205,1469,4,23.62,1,0,0
81,306,38,3,14.96,0,0,0
82,1676,1068,3,15.0,0,0,0
83,1930,511,2,21.68,0,0,0
84,2036,1680,2,15.83,0,0,0
85,2525,416,1,15.16,0,0,0
86,869,610,1,11.28,0,0,0
87,706,1365,4,21.73,0,0,0
88,2394,1161,1,21.44,0,0,0
89,250,158,1,19.91,1,0,0
90,2493,345,2,17.24,0,0,0
91,2626,438,1,16.41,0,0,0
92,1581,709,1,9.89,1,0,0
93,1254,1565,5,28.48,1,1,0
94,536,527,2,15.95,0,0,0
95,928,1504,2,11.55,0,0,0
96,434,434,2,19.11,0,0,1
97,1946,947,2,17.63,0,0,1
98,2842,1666,2,28.65,0,1,0
99,2312,515,1,10.28,0,0,0
100,2474,1445,2,12.26,1,0,1
101,2750,1640,2,16.13,0,0,0
102,550,1602,2,18.57,0,0,0
103,1233,78,1,16.36,0,0,0
104,2713,974,2,16.83,0,0,0
105,584,151,2,18.14,1,0,1
106,1305,299,2,18.42,0,0,0
107,228,395,2,15.5,0,0,1
108,1200,1149,1,15.2,0,0,0
109,2531,622,2,17.34,0,0,0
110,1147,965,1,16.38,0,0,0
111,58,449,1,18.15,0,0,0
112,1082,1517,3,22.1,0,0,0
113,1766,700,1,13.71,0,0,0
114,979,1421,4,22.49,0,0,1
115,1421,932,3,21.37,0,0,0
116,456,580,2,14.68,0,0,1
117,2890,1078,1,27.04,0,0,0
118,1702,1108,1,15.32,0,0,0
119,710,959,4,21.35,0,0,1
120,823,911,1,15.33,0,0,0
121,2090,724,2,18.28,0,0,0
122,375,1151,2,16.62,0,0,0
123,377,922,3,23.24,0,0,0
124,164,457,2,21.18,0,0,0
125,2479,1087,4,22.41,1,0,0
126,2867,1009,2,17.32,0,0,0
127,328,1030,2,17.62,0,0,0
128,2242,100,1,15.33,0,0,0
129,1760,1093,2,16.44,0,0,0
130,2097,1307,3,20.54,0,0,1
131,619,1396,3,14.73,0,0,0
132,998,1392,2,14.19,0,0,0
133,1058,454,1,15.31,0,0,0
134,845,364,2,17.38,0,0,1
135,1026,227,1,15.36,0,0,0
136,2579,1321,1,15.68,0,0,1
137,2963,1353,1,15.4,0,0,0
138,1975,1095,3,20.96,0,0,0
139,2502,420,2,24.47,0,0,1
140,1287,553,3,29.89,0,1,0
141,247,9,2,17.11,1,0,0
142,2432,150,3,18.25,0,0,1
143,1995,348,1,14.38,0,0,0
144,1199,1716,1,10.1,0,0,1
145,1771,581,3,20.65,0,0,0
146,1838,57,1,25.19,0,0,0
147,536,527,2,24.64,0,0,1
148,698,818,2,18.83,1,0,0
149,669,1772,2,22.88,0,0,0
150,2975,707,2,28.12,0,1,0
151,1610,324,4,31.72,1,1,0
152,194,344,2,16.74,0,0,0
153,2811,716,5,32.15,0,1,0
154,1667,1153,2,22.32,0,0,0
155,1554,826,5,19.99,0,0,1
156,752,442,3,14.86,0,0,0
157,1203,296,1,18.72,1,0,0
158,367,309,3,21.97,0,0,1
159,2044,312,3,20.01,1,0,1
160,2423,1081,4,23.15,0,0,0
161,1034,1284,2,13.09,0,0,0
162,1727,59,3,20.99,0,0,0
163,1456,945,3,22.75,0,0,0
164,1205,741,4,23.04,1,0,1
165,1607,1274,2,27.6,0,0,0
166,2404,481,4,19.36,0,0,0
167,1551,844,2,17.56,0,0,0
168,1983,1084,1,14.76,0,0,0
169,1509,551,5,28.35,0,1,0
170,2108,171,2,11.96,0,0,0
171,830,1575,3,18.0,0,0,0
172,615,4,4,20.99,0,0,1
173,2414,1520,2,18.15,0,0,0
174,2714,400,2,19.77,0,0,1
175,2710,212,1,14.52,0,0,1
176,191,891,2,18.85,0,0,0
177,2635,1738,4,18.11,1,0,0
178,1059,1569,4,25.88,0,0,0
179,1433,1563,3,22.48,0,0,0
180,1833,974,2,17.26,0,0,0
181,2484,996,4,23.34,0,0,0
182,731,1037,1,20.74,0,0,0
183,675,844,3,19.08,0,0,0
184,1289,267,3,17.6,1,0,0
185,814,1001,2,19.86,0,0,0
186,445,745,1,13.4,1,0,1
187,2463,517,3,24.28,0,0,0
188,2045,805,4,24.38,0,0,0
189,1241,855,3,16.17,0,0,0
190,1413,613,2,16.29,1,0,0
191,1887,1681,3,22.52,0,0,0
192,2172,1099,3,25.89,1,0,0
193,302,757,1,10.7,0,0,0
194,787,211,1,15.18,0,0,0
195,690,1649,1,17.1,0,0,1
196,376,1788,1,11.09,0,0,1
197,1751,1469,5,26.12,0,0,0
198,2424,751,4,25.86,1,0,0
199,631,691,2,13.17,0,0,0
200,1417,628,1,10.77,0,0,0
201,311,762,4,24.94,0,0,0
202,464,1703,2,18.44,0,0,0
203,1741,994,1,17.27,0,0,0
204,153,1390,3,21.28,0,0,0
205,2665,62,2,21.94,0,0,0
206,2827,749,2,20.38,1,0,0
207,1950,83,3,20.55,0,0,0
208,2419,1618,2,19.34,1,0,0
209,74,660,2,18.99,0,0,0
210,933,377,2,17.31,0,0,0
211,1320,1347,4,24.49,0,0,1
212,943,430,3,18.92,0,0,1
213,2642,1422,1,14.82,0,0,1
214,1920,1035,1,16.1,1,0,0
215,905,1466,2,15.55,0,0,0
216,908,617,1,18.93,1,0,0
217,83,1602,2,17.17,0,0,1
218,2024,1456,5,28.92,1,1,0
219,808,1507,4,23.6,0,0,0
220,2760,1395,1,11.79,0,0,0
221,1091,1038,3,27.81,1,0,1
222,1279,444,1,16.85,0,0,1
223,434,434,1,16.91,0,0,0
224,1482,288,3,20.25,0,0,0
225,2959,1581,2,13.14,0,0,1
226,1954,229,1,12.91,0,0,0
227,2913,775,2,25.76,0,0,0
228,2483,657,2,19.0,0,0,0
229,508,20,1,14.58,0,0,0
230,453,405,2,16.96,0,0,0
231,679,713,2,16.14,0,0,0
232,1075,1212,4,19.39,0,0,1
233,2117,1747,3,17.92,0,0,1
234,2341,352,2,20.84,0,0,0
235,744,1101,4,25.86,0,0,0
236,2990,975,2,14.71,1,0,0
237,1858,343,4,25.09,0,0,1
238,2902,1692,1,20.42,0,0,1
239,442,538,3,22.88,0,0,1
240,940,1677,2,17.2,0,0,0
241,2834,395,4,23.66,0,0,0
242,2596,782,1,18.11,0,0,0
243,1525,162,4,23.47,0,0,1
244,945,1362,2,22.25,0,0,0
245,1048,61,1,11.36,0,0,0
246,2588,1432,2,19.08,0,0,0
247,1577,412,2,15.61,0,0,0
248,1361,203,2,17.79,0,0,0
249,1957,43,1,7.99,1,0,0
250,1840,1062,4,19.07,0,0,1
251,2073,1268,2,14.97,1,0,1
252,446,1478,2,20.14,1,0,0
253,1013,1283,3,23.25,0,0,0
254,361,1111,4,18.53,0,0,0
255,2388,738,1,14.45,0,0,1
256,1039,1107,1,14.15,0,0,0
257,337,734,1,12.15,0,0,0
258,1286,1733,1,13.29,0,0,0
259,252,39,2,16.83,0,0,0
260,1047,468,3,15.04,0,0,0
261,98,1421,3,19.84,0,0,1
262,356,1455,2,14.4,1,0,0
263,1593,1772,1,10.61,1,0,0
264,2513,189,4,21.57,0,0,0
265,2497,1357,1,21.85,0,0,0
266,16,689,1,11.58,0,0,0
267,2135,726,3,14.73,0,0,0
268,889,976,1,26.34,0,0,0
269,1146,1535,1,15.45,1,0,1
270,2507,480,1,10.21,0,0,0
271,2554,1510,4,21.04,0,0,0
272,198,1116,3,22.58,0,0,0
273,691,317,1,14.6,0,0,0
274,2569,222,1,17.88,0,0,0
275,136,1393,1,17.03,0,0,0
276,2014,1212,1,14.76,0,0,0
277,2222,254,2,17.51,0,0,1
278,1297,1077,1,13.99,0,0,0
279,1701,1677,4,22.2,0,0,0
280,2197,1131,1,15.01,1,0,0
281,2196,786,1,16.74,0,0,0
282,195,1606,2,19.93,1,0,0
283,1053,1799,2,30.25,0,1,1
284,528,1640,3,25.3,0,0,0
285,615,4,2,18.54,0,0,0
286,2326,534,1,23.47,0,0,0
287,1869,89,1,13.81,1,0,0
288,1055,1405,4,20.58,0,0,1
289,2590,1428,3,18.84,0,0,0
290,1012,809,2,21.42,1,0,1
291,1932,1153,1,23.02,0,0,1
292,2340,165,5,22.29,0,0,0
293,539,960,3,16.3,0,0,0
294,613,164,3,21.1,1,0,0
295,2290,170,5,29.1,0,1,0
296,969,510,2,15.31,0,0,0
297,1956,1150,2,14.85,0,0,0
298,1680,1436,3,22.73,1,0,0
299,1797,1799,1,15.12,0,0,0
300,494,35,1,17.54,0,0,0
301,2492,1648,1,16.41,0,0,1
302,434,434,2,19.31,0,0,0
303,2280,550,3,19.03,0,0,0
304,2515,301,2,24.98,1,0,1
305,2964,440,2,21.17,0,0,0
306,1560,529,1,17.68,0,0,0
307,871,1404,1,17.62,0,0,0
308,238,1187,3,18.9,0,0,0
309,2259,959,3,12.51,0,0,0
310,137,322,2,16.03,1,0,0
311,1522,1441,1,13.5,1,0,0
312,929,1326,3,20.31,0,0,0
313,59,1790,1,17.32,0,0,0
314,2578,908,2,11.29,1,0,0
315,1113,1101,1,8.25,0,0,0
316,2886,860,2,19.56,0,0,0
317,1552,295,2,17.6,0,0,0
318,1717,701,1,16.25,0,0,0
319,500,511,1,15.02,0,0,0
320,2028,642,2,18.48,0,0,0
321,642,1265,1,13.42,1,0,0
322,1961,1234,3,19.95,0,0,0
323,872,447,2,19.36,0,0,0
324,623,1578,2,18.12,0,0,0
325,2032,461,3,29.81,0,1,0
326,1971,538,3,16.23,0,0,0
327,2756,895,2,15.93,0,0,0
328,180,696,2,17.48,0,0,0
329,867,1433,2,16.41,0,0,0
330,1116,1799,2,14.13,1,0,1
331,2680,1399,2,13.21,0,0,0
332,41,706,4,20.55,0,0,1
333,2281,1067,1,14.95,1,0,0
334,139,91,5,28.34,0,1,0
335,1010,1592,1,14.05,0,0,0
336,674,1098,1,13.23,0,0,0
337,1842,1148,4,21.13,0,0,1
338,1845,717,2,22.01,0,0,0
339,651,1265,4,22.71,0,0,0
340,2392,1501,3,18.26,1,0,0
341,268,34,2,13.26,0,0,0
342,2703,244,3,21.37,0,0,0
343,2582,1151,2,18.1,1,0,0
344,215,774,1,10.32,0,0,0
345,517,607,3,19.77,0,0,0
346,2306,1430,1,11.25,0,0,0
347,1239,121,3,18.9,0,0,0
348,1136,1680,1,21.92,0,0,0
349,3,1494,1,15.63,0,0,0
350,2307,859,2,22.55,0,0,0
351,2328,1130,2,19.8,0,0,0
352,2705,1040,3,24.42,0,0,0
353,625,1559,1,14.59,0,0,0
354,1592,437,2,11.75,0,0,0
355,394,192,3,19.22,0,0,0
356,2272,1344,2,15.27,0,0,0
357,2636,362,4,18.45,0,0,0
358,2127,780,3,16.82,0,0,0
359,1307,1692,4,19.52,0,0,0
360,2367,952,1,24.15,0,0,1
361,545,755,3,27.87,0,0,1
362,2506,269,2,18.42,0,0,0
363,1388,665,2,14.01,0,0,0
364,660,1514,2,17.24,0,0,0
365,1208,487,3,14.84,1,0,0
366,805,1047,2,17.4,0,0,0
367,1961,1234,2,14.12,1,0,0
368,1799,1570,3,13.93,0,0,0
369,2977,1005,2,19.39,0,0,0
370,208,79,2,17.87,0,0,0
371,2660,857,1,16.07,0,0,0
372,2614,729,2,18.81,0,0,0
373,1431,1166,3,20.59,0,0,1
374,969,510,2,28.67,0,1,0
375,1396,1563,2,17.72,1,0,0
376,2109,192,3,16.31,0,0,0
377,2765,956,3,18.83,0,0,0
378,2520,117,3,14.75,0,0,0
379,580,1202,3,21.09,0,0,1
380,48,1327,2,29.82,0,1,0
381,1230,304,4,21.45,1,0,0
382,2330,1057,2,18.23,0,0,1
383,2530,837,2,18.31,0,0,1
384,2403,1660,2,12.68,0,0,0
385,75,1226,1,18.76,0,0,0
386,582,689,2,9.46,0,0,0
387,634,1433,1,10.35,0,0,0
388,656,1793,2,18.79,0,0,1
389,1030,1646,2,20.87,0,0,1
390,2796,1394,2,14.8,1,0,0
391,2625,1432,1,16.18,0,0,0
392,1054,1756,2,17.67,0,0,0
393,2896,327,3,15.1,0,0,0
394,17,1274,3,20.69,0,0,0
395,1612,731,3,24.85,0,0,0
396,1552,295,2,11.69,0,0,1
397,487,1560,2,18.71,0,0,1
398,1831,693,3,23.29,0,0,0
399,1345,1487,4,25.5,0,0,0
400,1090,1628,5,28.36,1,1,1
401,624,853,2,18.08,0,0,0
402,2240,140,2,14.35,0,0,0
403,2041,1328,3,21.29,0,0,0
404,25,1191,3,27.85,0,0,0
405,2302,587,2,19.98,0,0,0
406,1606,245,1,14.23,0,0,0
407,669,1772,2,12.99,0,0,0
408,2523,1688,3,18.74,0,0,0
409,629,1160,3,22.35,0,0,1
410,500,511,1,15.7,0,0,0
411,1000,419,2,17.14,0,0,0
412,1260,1083,1,13.26,0,0,0
413,1711,1294,5,24.6,0,0,0
414,2163,1314,3,26.48,1,0,0
415,1806,954,1,14.68,1,0,1
416,135,134,4,19.34,1,0,0
417,2455,1173,3,21.16,0,0,1
418,1910,1329,3,15.18,0,0,1
419,1802,758,3,16.32,0,0,1
420,266,761,1,16.72,0,0,0
421,35,670,3,21.81,0,0,0
422,2243,1175,1,19.59,0,0,0
423,2675,262,3,18.52,0,0,1
424,1317,1092,3,19.79,0,0,0
425,14,814,2,16.77,0,0,0
426,1546,1103,3,19.0,1,0,1
427,2416,1233,2,15.73,0,0,0
428,521,697,1,22.97,0,0,0
429,1455,1411,4,24.3,0,0,1
430,1439,731,4,27.89,0,0,1
431,967,1562,3,22.3,0,0,0
432,203,1692,1,18.59,0,0,0
433,2640,1427,1,14.04,0,0,0
434,992,957,3,22.9,0,0,0
435,1797,1799,2,13.28,0,0,0
436,2169,906,2,21.8,0,0,0
437,2680,1399,5,24.44,0,0,1
438,2782,1687,3,21.35,0,0,0
439,983,1408,4,22.36,0,0,0
440,366,1422,3,18.39,0,0,0
441,2967,591,2,18.88,0,0,0
442,2804,194,1,17.05,0,0,1
443,644,1278,1,18.99,1,0,1
444,1598,774,1,21.3,0,0,0
445,2529,420,1,15.19,0,0,0
446,2331,250,1,15.58,1,0,0
447,677,1571,4,25.76,0,0,0
448,1229,36,3,17.67,0,0,0
449,1135,1782,1,10.94,0,0,0
450,526,987,2,17.35,0,0,0
451,2401,533,1,15.36,1,0,0
452,1075,1212,3,22.96,0,0,0
453,1531,1472,2,14.83,1,0,1
454,888,1582,4,25.44,0,0,0
455,2362,161,2,18.6,0,0,0
456,2208,1572,2,18.45,1,0,1
457,1854,1314,3,20.07,0,0,0
458,2567,1559,3,22.25,0,0,0
459,1748,49,1,19.45,0,0,0
460,2111,1439,1,11.48,0,0,0
461,944,1645,3,19.32,0,0,0
462,2154,1703,2,21.92,0,0,1
463,2445,1136,5,26.98,0,0,1
464,2150,327,2,15.94,0,0,1
465,2481,783,4,20.97,0,0,0
466,960,1413,2,17.18,1,0,0
467,1237,1601,4,20.74,0,0,0
468,2972,249,3,18.29,0,0,0
469,2804,194,1,19.04,0,0,0
470,2814,1273,2,18.91,0,0,0
471,1632,1013,2,17.82,0,0,0
472,985,1313,4,25.16,0,0,0
473,2048,355,2,24.19,0,0,0
474,949,430,3,14.41,0,0,0
475,425,122,2,17.47,0,0,0
476,247,9,2,24.65,0,0,0
477,1815,783,4,20.61,0,0,0
478,1623,1200,1,15.17,0,0,0
479,965,1131,1,18.41,0,0,1
480,29,1750,2,19.5,0,0,0
481,2160,1368,2,20.53,0,0,0
482,1183,1698,4,22.84,0,0,1
483,1286,1733,2,14.54,0,0,0
484,2100,1412,1,19.54,0,0,0
485,2456,574,2,16.44,0,0,0
486,2926,1256,1,14.31,0,0,0
487,968,1518,1,14.07,0,0,0
488,1237,1601,3,17.66,0,0,1
489,2858,759,3,17.87,0,0,0
490,693,1318,2,11.69,0,0,1
491,1951,200,1,19.96,0,0,1
492,2084,988,3,20.14,0,0,0
493,797,343,2,26.7,0,0,0
494,2388,738,1,11.81,0,0,0
495,304,712,3,17.38,1,0,0
496,1583,1287,1,15.79,1,0,0
497,1805,337,3,21.22,0,0,0
498,115,474,1,16.61,0,0,0
499,1161,1096,4,18.21,0,0,0
500,911,1090,1,14.83,0,0,0
501,2690,1540,1,9.78,0,0,1
502,1153,308,3,19.66,0,0,0
503,597,1475,3,22.03,0,0,0
504,265,1067,2,17.38,0,0,0
505,72,1341,5,25.77,1,0,0
506,1659,1095,2,14.12,0,0,1
507,2752,1768,2,22.78,1,0,1
508,142,64,4,22.5,0,0,0
509,1760,1093,4,14.82,0,0,0
510,1534,382,1,20.31,1,0,0
511,1051,245,3,17.29,0,0,0
512,524,1141,2,17.03,0,0,0
513,2578,908,1,16.85,1,0,1
514,495,735,3,16.05,0,0,0
515,2818,373,2,16.98,1,0,0
516,1366,1699,4,20.13,0,0,0
517,2603,157,2,17.0,0,0,0
518,1581,709,1,15.09,1,0,0
519,1355,820,1,16.4,0,0,0
520,2894,1473,1,18.42,0,0,0
521,1736,1002,2,13.5,0,0,0
522,2534,1714,3,18.94,0,0,0
523,1635,1551,2,19.53,0,0,0
524,975,888,2,17.34,0,0,0
525,1054,1756,3,22.48,0,0,1
526,1728,330,2,19.37,0,0,0
527,1565,766,2,15.83,0,0,0
528,1673,776,3,17.54,0,0,0
529,2674,528,3,18.52,0,0,1
530,1974,904,3,17.66,0,0,0
531,2916,1208,3,18.39,0,0,1
532,329,318,1,14.86,0,0,1
533,2269,779,4,20.33,1,0,0
534,2533,718,2,12.89,0,0,0
535,572,1691,2,13.71,0,0,1
536,146,903,1,13.18,0,0,0
537,1288,1248,2,17.93,1,0,0
538,2251,229,2,11.89,0,0,0
539,2421,604,2,23.88,0,0,0
540,885,552,3,28.93,1,1,0
541,1980,482,4,26.36,0,0,0
542,1290,1423,2,18.89,0,0,1
543,2741,855,3,24.3,0,0,1
544,1896,1705,2,19.22,1,0,0
545,382,1786,1,19.84,0,0,1
546,148,103,3,11.75,0,0,0
547,1276,1765,5,24.34,0,0,1
548,2781,608,4,27.42,0,0,0
549,1277,847,1,8.98,1,0,1
550,2354,1139,1,13.27,0,0,0
551,644,1278,2,16.2,0,0,0
552,1076,1409,5,24.18,0,0,0
553,2710,212,4,27.31,0,0,1
554,769,1386,2,14.31,1,0,0
555,2557,1555,1,10.65,0,0,1
556,1247,1514,3,16.15,0,0,0
557,2878,1110,3,22.42,0,0,0
558,2703,244,2,20.74,0,0,0
559,2405,137,4,25.35,0,0,0
560,2073,1268,3,21.74,0,0,0
561,2783,401,1,18.62,0,0,0
562,992,957,3,22.03,0,0,0
563,620,95,4,25.36,1,0,1
564,684,1345,3,24.75,0,0,0
565,1849,164,1,18.73,0,0,0
566,1921,1545,3,17.38,0,0,0
567,705,1110,3,25.12,0,0,0
568,1439,731,3,14.78,0,0,0
569,1854,1314,3,31.73,0,1,0
570,1565,766,1,13.39,0,0,0
571,751,1262,4,16.1,0,0,0
572,938,758,2,30.13,0,1,0
573,1238,800,2,24.34,0,0,0
574,921,1716,1,20.89,0,0,0
575,2726,697,2,18.68,0,0,0
576,2058,1655,2,21.42,0,0,0
577,2074,688,2,13.74,0,0,1
578,2239,44,1,13.45,0,0,0
579,626,561,4,31.57,0,1,0
580,1723,51,2,15.59,0,0,0
581,1834,681,2,13.38,0,0,0
582,2911,31,2,14.37,0,0,1
583,283,837,3,27.34,0,0,0
584,2880,114,1,23.61,0,0,0
585,1291,623,3,19.26,0,0,0
586,1520,249,2,18.44,0,0,0
587,1693,210,1,20.96,1,0,0
588,1404,659,2,14.44,0,0,1
589,2019,580,1,20.31,0,0,0
590,697,31,1,19.6,0,0,0
591,2437,1389,2,15.16,0,0,1
592,1387,1157,2,12.74,0,0,0
593,2437,1389,2,21.85,1,0,1
594,2286,273,2,17.39,0,0,0
595,592,1560,3,20.84,0,0,0
596,2724,1151,2,19.31,0,0,0
597,1238,800,2,19.31,0,0,0
598,165,1587,1,16.46,0,0,0
599,29,1750,2,19.42,1,0,1
600,2545,1071,2,15.35,0,0,0
601,2628,1380,2,17.16,1,0,0
602,704,899,1,10.58,0,0,0
603,2774,782,2,9.59,0,0,1
604,1755,417,3,19.64,0,0,0
605,1099,1500,3,21.95,0,0,0
606,597,1475,2,18.45,0,0,0
607,732,1533,2,15.87,0,0,0
608,802,498,1,14.28,1,0,1
609,1221,837,3,16.65,0,0,0
610,1134,1506,2,21.49,0,0,1
611,2021,700,2,23.38,0,0,1
612,1532,1479,1,15.61,0,0,0
613,1728,330,1,11.99,1,0,0
614,2212,765,2,21.64,0,0,1
615,452,1506,1,21.61,0,0,0
616,328,1030,1,15.42,1,0,0
617,1623,1200,1,14.95,0,0,0
618,1696,1503,2,15.37,1,0,0
619,2548,1488,5,26.51,0,0,1
620,2360,711,3,15.13,0,0,0
621,776,732,2,18.27,0,0,0
622,943,430,1,8.74,0,0,1
623,1653,132,3,19.45,0,0,0
624,2671,1126,3,19.9,0,0,0
625,1563,1361,2,15.7,0,0,1
626,122,340,4,21.99,0,0,0
627,2905,1342,2,11.82,0,0,0
628,810,1346,1,16.39,1,0,1
629,2139,235,3,17.11,0,0,1
630,1743,280,2,18.96,0,0,0
631,319,867,3,20.21,0,0,0
632,2296,796,1,11.11,0,0,0
633,1991,903,1,17.09,0,0,1
634,1921,1545,1,11.06,0,0,0
635,2108,171,3,13.49,0,0,0
636,2590,1428,1,17.77,0,0,0
637,2031,1729,1,16.28,0,0,0
638,1444,637,1,10.99,0,0,0
639,719,1780,5,27.24,0,0,1
640,1702,1108,2,16.59,1,0,0
641,1091,1038,3,19.39,1,0,0
642,613,164,4,22.29,0,0,1
643,39,63,2,14.77,0,0,0
644,1531,1472,2,19.57,1,0,0
645,2918,393,2,16.3,0,0,0
646,1019,596,1,13.19,0,0,0
647,2950,1430,1,16.51,0,0,0
648,2794,1083,2,20.18,0,0,0
649,1011,606,2,18.25,0,0,0
650,105,1176,2,14.38,0,0,0
651,1875,863,2,12.03,0,0,0
652,2152,634,1,9.37,0,0,0
653,2406,791,1,8.02,0,0,0
654,666,1053,1,6.7,0,0,1
655,1904,1610,3,22.95,0,0,0
656,2358,1075,2,21.18,0,0,0
657,201,1262,3,25.89,0,0,1
658,993,111,2,20.57,1,0,0
659,2940,1562,2,17.19,0,0,0
660,2995,558,2,18.8,0,0,0
661,2372,347,1,10.54,1,0,0
662,2771,718,1,17.79,1,0,1
663,1236,707,2,19.19,0,0,1
664,2269,779,4,21.65,0,0,0
665,2677,575,2,18.3,0,0,0
666,2236,728,2,19.2,0,0,0
667,790,482,1,13.18,0,0,0
668,295,894,1,17.69,0,0,0
669,2092,1281,4,26.3,1,0,0
670,1600,613,2,18.22,0,0,0
671,2166,486,3,25.69,1,0,0
672,619,1396,1,15.47,0,0,0
673,781,1397,1,11.11,0,0,0
674,1577,412,3,18.07,1,0,0
675,397,716,2,19.74,0,0,0
676,151,1242,2,14.54,1,0,0
677,585,784,4,21.45,0,0,0
678,1448,1035,4,21.44,0,0,0
679,2627,1719,2,15.53,0,0,0
680,1624,873,1,10.76,1,0,0
681,27,1589,1,13.64,0,0,1
682,785,1032,4,26.85,0,0,1
683,1236,707,4,14.87,0,0,0
684,2712,1377,4,17.31,0,0,0
685,1841,1171,2,15.28,0,0,0
686,1264,1650,4,25.63,0,0,1
687,556,793,2,18.84,0,0,0
688,1903,1737,2,17.93,0,0,0
689,1425,1569,2,18.51,0,0,0
690,154,1360,2,10.67,0,0,0
691,1967,1027,1,13.35,0,0,0
692,2620,437,2,14.64,1,0,1
693,2900,1324,6,27.44,1,0,0
694,2683,1012,4,22.54,0,0,0
695,1375,1230,3,18.98,0,0,0
696,289,1094,1,8.37,0,0,0
697,1236,707,2,12.94,0,0,0
698,1202,944,1,19.89,0,0,1
699,1441,688,2,18.09,0,0,0
700,896,678,3,22.9,0,0,0
701,1218,995,4,25.37,0,0,1
702,107,412,5,22.94,1,0,0
703,2903,1251,2,12.51,0,0,0
704,100,512,2,20.51,0,0,0
705,1231,1040,1,17.29,0,0,0
706,1461,236,1,19.49,0,0,0
707,1907,294,2,13.93,1,0,0
708,496,494,1,13.53,0,0,1
709,514,1591,3,23.75,0,0,1
710,307,759,2,25.17,0,0,0
711,284,921,2,20.26,0,0,0
712,1691,1558,2,30.63,0,1,1
713,1260,1083,3,11.68,1,0,0
714,2404,481,1,15.86,0,0,0
715,2754,35,3,17.32,1,0,0
716,694,1770,2,18.75,0,0,1
717,1883,1538,1,13.43,1,0,1
718,1810,1207,4,20.61,0,0,0
719,1128,1272,2,13.0,0,0,0
720,2140,569,2,18.22,0,0,0
721,197,839,3,23.06,1,0,1
722,290,1111,2,26.61,0,0,0
723,867,1433,1,11.66,0,0,0
724,1786,1719,2,13.17,1,0,0
725,2630,1275,2,18.75,1,0,0
726,2963,1353,2,17.36,0,0,1
727,977,846,4,29.12,0,1,0
728,210,110,1,16.24,1,0,0
729,1371,1700,3,13.29,0,0,0
730,1727,59,3,17.66,0,0,0
731,1247,1514,1,13.41,0,0,0
732,577,1205,5,21.78,0,0,0
733,259,378,3,21.76,0,0,0
734,336,1608,4,26.28,0,0,0
735,5,1629,1,12.75,0,0,0
736,2265,1641,3,18.72,0,0,0
737,2241,691,1,11.44,1,0,1
738,1872,448,1,14.61,0,0,0
739,1410,821,1,19.41,0,0,0
740,1125,1534,3,15.94,0,0,1
741,2149,860,1,15.76,0,0,1
742,2746,825,1,14.34,0,0,0
743,1756,474,1,22.79,0,0,0
744,1677,136,1,17.07,1,0,0
745,2932,207,4,29.14,0,1,0
746,107,412,2,21.31,0,0,1
747,1681,1781,3,17.52,1,0,0
748,2258,1683,1,17.17,0,0,0
749,1901,1361,1,18.25,1,0,0
750,1150,1480,2,13.38,1,0,1
751,747,1632,1,18.63,0,0,0
752,1365,84,2,17.72,0,0,0
753,383,1696,3,14.46,0,0,0
754,177,18,1,13.21,1,0,1
755,1270,786,1,12.88,0,0,0
756,788,421,4,18.14,0,0,0
757,1733,277,1,18.57,0,0,0
758,1178,1731,2,13.78,0,0,0
759,1931,852,2,28.52,0,1,0
760,789,27,2,17.24,0,0,0
761,2682,1722,5,26.98,0,0,0
762,781,1397,2,13.77,0,0,0
763,1101,1616,2,17.49,0,0,0
764,1683,852,2,20.94,0,0,0
765,1111,72,2,22.66,0,0,0
766,2106,788,1,12.02,0,0,0
767,2593,519,2,26.12,1,0,1
768,2812,95,3,21.8,0,0,1
769,233,1478,1,16.58,0,0,0
770,2928,1261,3,20.3,1,0,1
771,1558,1388,1,13.91,0,0,0
772,1607,1274,1,27.32,0,0,1
773,1747,1038,1,22.48,0,0,0
774,1845,717,4,21.89,1,0,0
775,196,693,4,18.17,0,0,0
776,1733,277,1,17.64,0,0,0
777,2011,450,5,22.05,0,0,0
778,996,720,1,13.85,1,0,0
779,2445,1136,3,19.8,0,0,0
780,1368,1476,3,18.8,0,0,0
781,883,432,4,22.28,0,0,1
782,1960,1602,4,23.31,0,0,0
783,229,1439,2,13.35,0,0,0
784,849,1547,2,25.58,0,0,0
785,400,1672,2,17.34,1,0,0
786,2616,1208,3,22.5,0,0,1
787,2526,1347,4,25.95,0,0,0
788,2826,1668,4,23.55,1,0,0
789,2136,667,3,24.17,1,0,0
790,2844,954,3,17.86,0,0,0
791,1447,327,3,24.91,0,0,0
792,1563,1361,1,19.01,0,0,1
793,602,1362,1,21.12,0,0,0
794,1667,1153,3,22.56,1,0,0
795,1644,1628,3,16.53,0,0,0
796,994,306,2,15.75,0,0,0
797,2178,1549,4,20.48,0,0,0
798,1761,1499,2,17.47,0,0,0
799,1425,1569,2,19.49,0,0,1
800,772,445,2,15.37,0,0,1
801,503,900,2,19.18,0,0,0
802,313,1491,4,20.48,0,0,0
803,892,1605,1,13.87,0,0,1
804,2421,604,4,27.83,0,0,1
805,351,1290,3,14.95,0,0,0
806,1257,805,2,19.9,0,0,0
807,582,689,2,17.79,1,0,0
808,133,1473,2,19.97,0,0,0
809,1926,497,1,9.61,0,0,0
810,2025,947,2,15.59,0,0,0
811,2228,363,1,13.93,0,0,1
812,97,591,1,15.51,0,0,0
813,1947,214,5,26.39,0,0,0
814,2176,1082,3,19.83,0,0,0
815,1469,742,2,20.83,0,0,0
816,1867,337,2,14.18,0,0,0
817,2342,945,2,20.38,0,0,0
818,493,1453,3,19.72,1,0,1
819,764,32,4,19.29,0,0,0
820,2085,988,5,24.99,1,0,1
821,2932,207,1,17.47,0,0,0
822,2349,1779,1,19.44,0,0,1
823,1218,995,3,22.9,1,0,0
824,2669,1565,2,12.27,0,0,0
825,1695,750,3,12.84,0,0,0
826,2362,161,1,16.05,0,0,0
827,1757,681,2,17.21,0,0,1
828,2826,1668,2,12.77,0,0,0
829,1495,623,3,19.56,0,0,0
830,875,506,1,16.96,0,0,0
831,2786,893,3,21.72,1,0,0
832,277,1262,2,19.46,1,0,0
833,1853,1707,3,21.28,0,0,0
834,2026,1212,1,14.45,0,0,0
835,2094,674,2,24.02,0,0,0
836,679,713,2,21.72,0,0,0
837,2901,1553,2,18.37,0,0,0
838,784,433,2,17.5,0,0,0
839,1867,337,1,15.81,0,0,0
840,1113,1101,3,20.03,0,0,0
841,2375,1190,2,10.62,0,0,0
842,2143,1787,4,28.16,1,1,0
843,1925,481,4,21.91,1,0,0
844,1643,1215,1,14.06,0,0,0
845,2395,778,2,12.99,0,0,0
846,2276,857,1,11.63,0,0,0
847,1947,214,3,18.34,0,0,0
848,2720,410,2,20.87,0,0,0
849,578,793,3,24.87,0,0,0
850,2989,1348,3,16.36,0,0,0
851,1935,380,1,22.6,1,0,1
852,2952,488,1,14.08,1,0,0
853,1763,979,1,19.9,0,0,0
854,267,455,2,13.91,0,0,0
855,786,1774,2,15.38,1,0,0
856,368,232,2,13.73,0,0,0
857,2661,547,4,25.78,0,0,0
858,542,230,2,20.92,0,0,0
859,854,1565,4,22.57,1,0,0
860,2881,290,3,28.5,1,1,0
861,2586,1588,1,13.32,1,0,0
862,2026,1212,2,19.25,0,0,0
863,2278,1590,2,18.52,0,0,0
864,1727,59,2,17.05,1,0,0
865,233,1478,1,12.5,0,0,0
866,2723,252,4,17.95,0,0,1
867,557,1639,2,16.57,1,0,0
868,988,1241,1,18.49,0,0,0
869,798,212,1,17.09,0,0,0
870,2627,1719,4,29.06,0,1,0
871,439,1628,2,12.19,0,0,0
872,652,58,3,21.41,0,0,0
873,1448,1035,1,11.97,0,0,0
874,2891,84,2,20.02,0,0,0
875,708,1529,2,22.53,0,0,0
876,2165,1205,4,27.38,1,0,1
877,1614,286,3,16.7,0,0,0
878,664,1611,2,15.57,0,0,1
879,1776,18,1,9.82,0,0,0
880,13,653,3,24.94,1,0,0
881,1914,1414,1,16.8,0,0,0
882,2735,712,3,15.73,0,0,0
883,852,1323,2,16.79,0,0,0
884,910,392,1,22.22,0,0,0
885,2772,1078,1,12.97,0,0,0
886,868,1630,5,23.68,0,0,0
887,1660,1396,1,17.4,1,0,0
888,2197,1131,2,13.99,0,0,0
889,810,1346,1,20.5,0,0,0
890,732,1533,4,22.07,1,0,0
891,187,1201,4,22.71,0,0,0
892,2648,347,2,13.13,0,0,0
893,355,1090,3,16.73,0,0,0
894,2229,1655,1,14.76,1,0,0
895,1511,808,1,20.6,0,0,0
896,1765,543,4,23.38,0,0,1
897,2572,1462,2,16.74,0,0,1
898,672,667,3,19.13,0,0,0
899,2925,20,1,13.76,0,0,0
900,2,1693,3,16.07,0,0,1
901,700,874,4,26.27,0,0,1
902,1532,1479,4,15.62,0,0,0
903,2635,1738,1,13.49,0,0,0
904,1263,1252,4,23.0,0,0,1
905,142,64,1,14.0,0,0,1
906,89,333,2,21.23,0,0,0
907,730,674,4,18.73,0,0,0
908,2741,855,2,24.49,0,0,0
909,1931,852,2,18.82,0,0,1
910,296,1115,1,13.04,0,0,1
911,1157,1741,1,9.58,0,0,0
912,682,697,2,19.77,0,0,0
913,1023,48,3,19.65,0,0,0
914,2418,943,1,20.12,0,0,0
915,1119,842,1,20.27,0,0,0
916,2088,17,1,15.29,0,0,0
917,1181,1384,4,17.72,0,0,0
918,1676,1068,2,16.06,0,0,1
919,2153,458,1,18.79,0,0,1
920,2531,622,5,24.79,0,0,1
921,441,1409,3,16.26,0,0,1
922,263,1716,1,11.87,0,0,0
923,2868,804,1,15.71,0,0,0
924,2103,1122,1,17.54,0,0,1
925,1552,295,2,17.74,0,0,0
926,2884,791,3,14.08,0,0,0
927,2061,463,2,14.64,0,0,0
928,502,153,3,23.83,0,0,1
929,793,81,1,13.45,0,0,1
930,2819,463,1,9.59,0,0,0
931,2532,1775,2,15.95,1,0,1
932,236,779,2,12.91,0,0,0
933,190,1668,2,14.63,0,0,0
934,1332,135,4,20.19,0,0,0
935,1298,617,3,23.24,1,0,0
936,2004,1208,5,19.52,0,0,0
937,1713,1020,4,19.21,0,0,0
938,2003,1402,3,22.47,0,0,0
939,132,140,1,18.81,0,0,0
940,1777,439,1,13.38,0,0,0
941,2109,192,2,13.45,0,0,0
942,2906,217,1,10.27,0,0,0
943,182,1065,3,26.36,0,0,0
944,1971,538,2,20.24,0,0,0
945,1773,1744,3,20.91,0,0,0
946,2651,867,1,14.22,0,0,0
947,1010,1592,3,19.6,0,0,0
948,341,129,2,14.91,0,0,0
949,1896,1705,1,25.48,0,0,0
950,410,1434,4,23.79,0,0,1
951,2634,852,1,15.21,0,0,1
952,893,1169,3,14.88,1,0,1
953,2080,1095,2,16.87,0,0,1
954,1458,35,2,17.52,0,0,0
955,2944,1046,2,18.62,0,0,0
956,290,1111,3,20.61,0,0,0
957,2915,1564,1,16.02,0,0,0
958,757,712,1,13.69,0,0,0
959,1806,954,2,17.85,0,0,1
960,75,1226,2,16.3,0,0,0
961,2636,362,2,17.0,0,0,0
962,1317,1092,3,16.23,0,0,1
963,2955,973,2,19.07,0,0,0
964,2190,778,2,13.01,0,0,0
965,2488,1491,5,30.43,0,1,0
966,29,1750,2,17.84,0,0,0
967,2376,1444,1,10.77,0,0,0
968,2701,1238,3,15.8,0,0,1
969,2721,1064,4,22.93,0,0,0
970,837,1389,1,15.65,0,0,1
971,1513,300,2,16.83,1,0,0
972,1258,1654,3,18.89,0,0,0
973,161,1328,4,13.8,0,0,0
974,1137,503,4,29.02,0,1,0
975,2388,738,1,18.99,0,0,0
976,882,1790,3,19.47,0,0,0
977,355,1090,1,13.79,0,0,0
978,2332,897,5,23.82,0,0,0
979,2395,778,5,22.21,0,0,0
980,1233,78,1,11.24,0,0,1
981,2827,749,3,26.58,1,0,0
982,1782,1335,1,15.6,0,0,0
983,2015,1274,1,15.42,0,0,0
984,1010,1592,3,23.2,0,0,0
985,976,1243,1,15.91,0,0,1
986,2032,461,3,14.68,0,0,1
987,2549,1717,3,22.39,0,0,0
988,683,816,3,21.45,0,0,0
989,1349,1048,2,14.6,0,0,0
990,873,745,1,8.92,0,0,1
991,2764,459,4,20.35,1,0,0
992,2519,1608,1,11.09,0,0,0
993,1557,403,1,10.3,0,0,0
994,2672,1488,3,18.21,0,0,0
995,98,1421,3,19.53,0,0,0
996,1954,229,3,16.27,1,0,0
997,1921,1545,4,21.56,0,0,0
998,415,1381,1,4.86,0,0,0
999,775,877,1,11.32,0,0,0
1000,477,1205,4,25.5,0,0,0
1001,2441,1708,1,7.7,0,0,0
1002,1777,439,1,8.0,0,0,0
1003,1805,337,2,20.26,0,0,0
1004,1126,570,2,14.92,0,0,0
1005,2899,591,3,19.71,1,0,1
1006,2189,409,2,22.23,0,0,0
1007,2260,968,2,19.26,1,0,0
1008,9,1424,4,23.83,0,0,0
1009,1646,1559,2,16.98,0,0,0
1010,2850,539,2,15.82,0,0,1
1011,2832,1475,2,15.62,1,0,1
1012,2334,672,3,18.07,0,0,0
1013,1203,296,1,12.84,0,0,0
1014,2591,774,1,15.37,0,0,1
1015,2727,1179,1,12.3,0,0,0
1016,1732,1673,2,12.89,0,0,0
1017,359,402,2,16.02,0,0,0
1018,2353,57,1,15.81,0,0,0
1019,1864,1362,1,14.81,0,0,0
1020,995,579,1,16.12,0,0,0
1021,221,484,3,23.38,0,0,1
1022,765,1485,2,12.16,0,0,1
1023,1080,739,1,13.44,0,0,1
1024,456,580,1,23.15,0,0,0
1025,2932,207,1,15.67,0,0,0
1026,436,233,2,25.4,0,0,1
1027,2331,250,1,20.62,0,0,0
1028,1630,123,2,15.11,0,0,0
1029,2927,378,1,20.4,0,0,0
1030,394,192,2,10.92,0,0,0
1031,2411,659,2,15.7,0,0,0
1032,1444,637,1,15.26,0,0,0
1033,2550,1574,2,13.6,1,0,0
1034,2848,997,1,11.97,0,0,1
1035,1147,965,2,19.47,0,0,0
1036,1983,1084,2,19.43,1,0,0
1037,2391,1048,4,27.04,1,0,0
1038,1449,1509,2,17.26,0,0,0
1039,1827,189,1,11.81,0,0,0
1040,645,311,4,25.49,0,0,0
1041,128,415,2,16.1,0,0,1
1042,187,1201,2,12.6,1,0,1
1043,442,538,2,19.02,0,0,0
1044,2593,519,4,25.12,1,0,0
1045,1128,1272,4,19.22,0,0,0
1046,1249,1480,1,13.02,0,0,0
1047,2171,1068,3,17.87,0,0,0
1048,2334,672,2,20.16,0,0,0
1049,2259,959,3,20.21,0,0,0
1050,102,1070,2,20.0,0,0,1
1051,2672,1488,5,24.24,0,0,1
1052,1772,1149,4,18.55,0,0,0
1053,1625,528,2,22.2,0,0,0
1054,2121,1426,3,22.4,0,0,0
1055,2960,801,2,20.01,1,0,0
1056,1578,1707,1,11.05,1,0,0
1057,824,1208,3,25.73,0,0,0
1058,173,800,1,17.34,1,0,0
1059,285,624,3,19.88,0,0,1
1060,2961,1745,1,9.88,0,0,0
1061,2019,580,3,27.36,0,0,0
1062,1300,550,2,16.62,0,0,0
1063,1558,1388,2,14.64,0,0,0
1064,2591,774,2,14.52,0,0,0
1065,695,205,4,26.43,0,0,0
1066,2059,1629,1,17.3,0,0,1
1067,921,1716,1,18.89,0,0,1
1068,1905,26,1,13.08,0,0,0
1069,938,758,1,20.2,0,0,1
1070,500,511,2,20.5,0,0,0
1071,141,94,2,19.47,0,0,0
1072,756,112,2,18.54,1,0,1
1073,2172,1099,2,17.61,0,0,0
1074,613,164,4,19.61,0,0,1
1075,955,632,2,20.74,0,0,0
1076,2726,697,1,17.07,0,0,0
1077,384,951,3,29.67,0,1,1
1078,2278,1590,2,17.12,0,0,0
1079,163,163,3,24.12,0,0,0
1080,1658,65,2,15.45,0,0,0
1081,2251,229,2,17.56,0,0,0
1082,1133,258,2,22.82,1,0,0
1083,2995,558,3,24.5,0,0,0
1084,2695,459,3,20.12,0,0,0
1085,2933,924,4,24.85,0,0,0
1086,2066,850,2,14.61,0,0,0
1087,2496,759,2,14.87,0,0,1
1088,2678,1727,2,15.97,0,0,0
1089,2940,1562,1,17.52,0,0,0
1090,2471,1112,2,18.14,1,0,0
1091,2654,908,2,17.55,1,0,0
1092,59,1790,1,15.62,0,0,0
1093,51,1010,5,25.07,1,0,0
1094,1623,1200,2,15.68,0,0,0
1095,801,1026,2,13.64,0,0,1
1096,1964,8,1,15.92,1,0,0
1097,1904,1610,1,8.14,1,0,0
1098,1154,1597,1,21.28,0,0,1
1099,1409,1042,5,21.16,1,0,0
1100,2299,1486,3,22.51,1,0,0
1101,1198,1635,2,17.29,0,0,0
1102,2641,1634,2,19.55,0,0,0
1103,1822,1691,6,27.92,0,0,1
1104,1325,292,2,17.12,1,0,0
1105,71,242,3,14.16,1,0,1
1106,2390,1591,1,12.27,1,0,0
1107,2993,1723,2,14.42,0,0,1
1108,2541,302,2,17.29,0,0,0
1109,333,1097,3,18.6,0,0,0
1110,1801,1481,2,18.03,0,0,1
1111,1972,377,2,15.16,0,0,0
1112,1739,1197,3,22.4,0,0,0
1113,472,784,2,14.14,0,0,0
1114,2895,1742,2,12.29,1,0,0
1115,2641,1634,2,23.2,0,0,0
1116,1918,1019,3,20.82,0,0,0
1117,154,1360,4,23.98,0,0,0
1118,1553,1357,2,25.4,0,0,0
1119,1285,394,3,10.01,0,0,0
1120,1567,820,5,22.89,0,0,0
1121,2661,547,2,18.52,0,0,0
1122,1365,84,1,15.06,1,0,0
1123,1437,715,3,19.19,0,0,0
1124,911,1090,4,20.22,0,0,0
1125,2964,440,2,16.45,0,0,0
1126,1848,972,1,13.74,0,0,0
1127,2481,783,3,20.64,0,0,0
1128,2695,459,2,17.05,0,0,1
1129,2982,1202,3,21.57,0,0,0
1130,1383,459,3,19.51,0,0,0
1131,784,433,3,22.4,1,0,0
1132,2498,1623,3,24.05,0,0,0
1133,2482,723,1,15.89,0,0,0
1134,2745,603,2,16.53,0,0,0
1135,2300,1450,4,18.44,0,0,1
1136,2309,46,2,25.85,0,0,0
1137,2819,463,1,15.98,0,0,1
1138,585,784,2,14.48,0,0,0
1139,451,1792,2,11.93,0,0,0
1140,259,378,2,18.1,0,0,0
1141,676,432,2,21.93,0,0,0
1142,65,684,2,14.21,0,0,0
1143,1058,454,2,13.99,0,0,0
1144,629,1160,3,17.1,0,0,0
1145,304,712,3,21.23,1,0,0
1146,214,1232,1,17.81,1,0,0
1147,1635,1551,4,20.38,1,0,0
1148,379,1260,3,16.18,0,0,0
1149,841,409,2,19.67,0,0,1
1150,2381,1291,1,18.19,0,0,0
1151,680,1373,2,17.05,0,0,0
1152,1308,1690,1,14.92,0,0,0
1153,1617,1461,3,25.01,0,0,0
1154,2380,735,2,18.63,0,0,0
1155,2789,1464,1,27.16,0,0,1
1156,1891,1474,1,18.43,0,0,0
1157,841,409,2,14.18,0,0,0
1158,2303,992,4,16.49,0,0,1
1159,439,1628,2,23.13,0,0,1
1160,2546,54,3,23.6,0,0,0
1161,1812,1238,2,27.52,0,0,0
1162,1508,817,3,19.62,0,0,1
1163,2874,1009,3,21.16,0,0,0
1164,2312,515,1,12.5,0,0,0
1165,2427,1173,1,25.54,0,0,0
1166,1868,1701,3,12.75,0,0,0
1167,1261,1643,2,18.98,0,0,0
1168,974,817,2,19.27,1,0,0
1169,937,456,2,17.98,0,0,0
1170,2258,1683,2,13.66,1,0,0
1171,1603,1617,2,18.09,0,0,0
1172,2077,1676,3,28.18,1,1,0
1173,2207,1381,4,32.03,0,1,0
1174,2597,1623,2,12.59,1,0,1
1175,1990,1071,1,13.8,0,0,1
1176,590,712,4,26.9,1,0,1
1177,2546,54,3,23.52,1,0,0
1178,2612,1551,1,10.96,0,0,0
1179,2451,1039,2,18.2,0,0,1
1180,857,1354,2,21.75,0,0,0
1181,2570,874,3,20.47,0,0,0
1182,47,144,3,20.67,0,0,0
1183,1815,783,3,16.31,0,0,0
1184,371,471,4,35.16,0,1,1
1185,1653,132,1,15.19,0,0,1
1186,2813,1319,4,28.64,0,1,0
1187,381,688,4,27.03,0,0,0
1188,702,116,2,16.05,0,0,1
1189,1865,563,1,18.27,0,0,0
1190,992,957,3,24.04,0,0,0
1191,2021,700,1,12.42,0,0,1
1192,1327,689,4,27.2,1,0,0
1193,1461,236,3,22.71,0,0,0
1194,2088,17,1,17.07,0,0,0
1195,1722,953,4,18.75,0,0,0
1196,708,1529,3,20.3,0,0,0
1197,2280,550,2,22.55,1,0,0
1198,1564,673,3,17.21,0,0,0
1199,1493,279,1,19.2,0,0,0
1200,566,1277,2,19.91,0,0,0
1201,2640,1427,1,17.33,0,0,0
1202,195,1606,2,16.69,0,0,0
1203,1163,332,1,18.48,0,0,1
1204,2345,278,2,17.46,0,0,0
1205,603,1135,1,8.98,1,0,1
1206,128,415,1,14.25,0,0,0
1207,1307,1692,4,22.26,0,0,0
1208,1218,995,4,23.31,1,0,1
1209,2067,1280,2,19.13,0,0,0
1210,32,967,3,21.3,0,0,0
1211,401,1507,1,11.49,0,0,0
1212,1362,720,4,20.68,0,0,0
1213,260,1690,1,11.27,0,0,0
1214,787,211,1,15.76,0,0,0
1215,1566,21,2,26.22,0,0,1
1216,138,800,2,15.47,0,0,0
1217,2225,988,1,12.15,0,0,0
1218,1134,1506,3,18.07,0,0,0
1219,490,200,1,17.19,0,0,0
1220,556,793,4,21.66,0,0,0
1221,1130,843,1,16.21,0,0,0
1222,1357,1427,2,22.2,1,0,0
1223,1109,1626,2,15.8,0,0,1
1224,2927,378,2,20.8,1,0,0
1225,936,1571,1,13.44,1,0,0
1226,741,1390,1,10.45,0,0,0
1227,1062,665,2,24.3,0,0,1
1228,273,1229,2,23.45,0,0,1
1229,2337,311,2,19.06,1,0,0
1230,1698,337,2,18.99,0,0,1
1231,251,90,3,21.8,0,0,0
1232,2520,117,3,34.01,1,1,1
1233,2318,765,1,12.94,0,0,0
1234,1468,1074,4,23.39,1,0,1
1235,291,1530,2,16.69,0,0,1
1236,1017,1140,1,18.6,0,0,0
1237,2354,1139,2,19.66,1,0,0
1238,2098,1449,2,20.12,1,0,0
1239,2047,234,1,17.84,0,0,1
1240,345,1344,2,15.71,0,0,0
1241,2919,1046,2,16.1,0,0,0
1242,2331,250,1,13.71,0,0,0
1243,2698,923,1,16.29,0,0,0
1244,40,562,3,21.87,0,0,0
1245,1312,1621,1,19.11,0,0,0
1246,2087,1265,2,14.56,0,0,0
1247,975,888,2,19.74,0,0,0
1248,1624,873,2,17.3,0,0,0
1249,803,1277,3,20.64,0,0,0
1250,1200,1149,1,14.35,0,0,0
1251,252,39,2,22.1,1,0,0
1252,2286,273,4,24.92,0,0,0
1253,1106,1068,4,28.74,0,1,1
1254,852,1323,2,17.57,1,0,0
1255,507,1626,1,11.84,0,0,1
1256,358,794,1,11.31,0,0,0
1257,2150,327,5,23.74,0,0,0
1258,1489,1403,1,20.93,0,0,0
1259,1481,1734,4,23.99,0,0,0
1260,1784,1309,1,12.13,0,0,0
1261,2523,1688,2,12.86,0,0,0
1262,487,1560,1,19.28,1,0,1
1263,81,1274,3,21.6,0,0,0
1264,630,828,4,20.82,1,0,1
1265,308,35,1,12.46,0,0,0
1266,2811,716,2,17.64,1,0,0
1267,1584,692,1,13.7,1,0,0
1268,2164,824,1,20.96,0,0,0
1269,321,1541,2,16.11,0,0,0
1270,1903,1737,4,21.62,0,0,0
1271,784,433,2,18.2,0,0,1
1272,2484,996,2,21.3,1,0,0
1273,1252,352,5,31.78,0,1,0
1274,2737,1414,2,18.92,0,0,0
1275,751,1262,2,16.95,0,0,0
1276,2760,1395,1,14.93,1,0,0
1277,1842,1148,1,13.32,0,0,0
1278,2859,1084,1,15.66,0,0,0
1279,1363,417,4,32.4,0,1,0
1280,121,864,4,26.12,0,0,0
1281,1265,444,1,18.25,1,0,0
1282,2276,857,2,17.79,0,0,0
1283,1035,701,2,16.41,0,0,1
1284,1566,21,2,16.15,0,0,1
1285,239,875,2,20.92,0,0,0
1286,1702,1108,2,10.85,0,0,0
1287,772,445,2,18.32,0,0,0
1288,2682,1722,3,16.28,0,0,0
1289,2576,1511,4,22.18,0,0,1
1290,237,1783,2,21.05,0,0,0
1291,2064,1535,2,20.46,0,0,1
1292,2679,890,1,17.42,0,0,0
1293,652,58,3,21.93,1,0,1
1294,2110,306,2,23.68,0,0,0
1295,169,881,2,14.96,0,0,0
1296,698,818,5,27.24,0,0,1
1297,2950,1430,3,17.8,0,0,0
1298,961,1014,5,21.89,1,0,1
1299,572,1691,2,16.67,0,0,0
1300,2980,489,2,17.84,1,0,0
1301,1395,1673,2,19.76,0,0,0
1302,627,1372,2,23.4,0,0,0
1303,2756,895,2,16.33,0,0,1
1304,197,839,1,18.31,0,0,0
1305,781,1397,3,22.55,0,0,1
1306,990,693,4,26.36,0,0,0
1307,436,233,1,17.2,0,0,1
1308,2162,505,2,17.88,1,0,1
1309,1177,950,4,20.08,1,0,1
1310,432,386,2,18.05,0,0,1
1311,1435,15,1,13.12,0,0,0
1312,2442,43,5,27.96,0,0,1
1313,2026,1212,3,16.03,0,0,0
1314,98,1421,5,25.59,0,0,0
1315,933,377,1,16.25,0,0,0
1316,2621,1293,3,20.24,0,0,0
1317,598,417,5,24.08,1,0,0
1318,1100,1053,1,20.4,0,0,1
1319,1834,681,4,23.26,0,0,0
1320,2679,890,1,11.9,0,0,0
1321,2941,735,4,22.34,1,0,0
1322,2194,153,1,15.6,0,0,1
1323,2971,318,1,10.67,1,0,0
1324,513,621,2,17.47,0,0,1
1325,1994,44,2,16.74,0,0,1
1326,1624,873,2,19.96,0,0,0
1327,566,1277,2,33.25,0,1,0
1328,1144,508,3,23.97,0,0,0
1329,456,580,1,17.89,0,0,0
1330,1891,1474,1,10.62,0,0,0
1331,2436,1477,1,13.27,0,0,0
1332,2441,1708,2,17.27,0,0,0
1333,2859,1084,3,19.45,0,0,0
1334,1788,1164,2,14.93,0,0,1
1335,979,1421,1,17.76,1,0,0
1336,2679,890,1,16.37,0,0,0
1337,2244,45,2,20.2,0,0,1
1338,2422,1379,1,17.78,0,0,0
1339,262,1607,2,25.5,1,0,1
1340,1495,623,3,22.84,0,0,1
1341,2015,1274,1,17.42,0,0,0
1342,2950,1430,2,16.34,0,0,1
1343,984,543,3,19.45,0,0,0
1344,192,384,3,20.4,1,0,1
1345,1965,43,3,17.35,0,0,0
1346,1,718,1,12.64,1,0,1
1347,493,1453,1,14.33,1,0,1
1348,305,77,1,11.94,1,0,0
1349,2829,52,4,26.15,0,0,1
1350,568,996,3,19.31,0,0,0
1351,1362,720,4,27.96,0,0,0
1352,344,61,2,11.46,0,0,0
1353,1723,51,1,13.11,0,0,0
1354,550,1602,1,14.66,0,0,0
1355,2001,653,1,19.19,0,0,0
1356,1542,832,2,23.66,0,0,1
1357,1504,747,1,8.66,0,0,0
1358,1537,929,3,13.11,0,0,0
1359,253,192,3,20.21,0,0,1
1360,1958,1406,1,16.64,0,0,1
1361,936,1571,2,24.72,0,0,0
1362,2290,170,2,15.67,1,0,0
1363,1757,681,2,18.18,0,0,0
1364,2502,420,2,21.66,0,0,0
1365,511,280,3,27.86,1,0,0
1366,1576,1341,1,17.71,0,0,0
1367,1974,904,1,16.9,0,0,0
1368,1262,1253,1,15.56,1,0,0
1369,66,1139,5,23.19,0,0,0
1370,2955,973,2,17.27,0,0,1
1371,2555,791,3,28.2,0,1,0
1372,2190,778,4,26.27,0,0,0
1373,2171,1068,3,28.23,1,1,1
1374,1214,85,2,21.41,0,0,0
1375,332,709,2,16.19,0,0,0
1376,13,653,3,22.68,0,0,0
1377,2369,335,3,18.51,0,0,0
1378,2504,627,2,18.91,0,0,0
1379,2181,1595,1,16.89,1,0,0
1380,1608,1143,2,17.32,0,0,0
1381,1750,1632,2,17.36,0,0,0
1382,2185,1702,2,23.87,0,0,1
1383,2264,702,3,16.51,0,0,0
1384,1947,214,4,22.97,1,0,0
1385,2482,723,1,15.05,0,0,0
1386,2670,1700,2,17.93,0,0,0
1387,554,375,1,9.97,0,0,0
1388,1546,1103,2,16.74,1,0,0
1389,259,378,1,16.44,0,0,0
1390,2772,1078,3,18.04,0,0,1
1391,2556,445,2,14.61,0,0,0
1392,468,426,3,16.04,1,0,0
1393,2195,300,1,13.3,0,0,0
1394,1894,528,2,12.12,0,0,0
1395,2876,153,2,16.27,1,0,0
1396,1414,115,5,25.45,0,0,0
1397,2408,772,3,20.72,0,0,1
1398,889,976,3,23.21,1,0,0
1399,557,1639,1,15.34,0,0,0
1400,842,440,4,18.56,0,0,0
1401,1267,1377,3,11.9,0,0,1
1402,2626,438,1,13.92,0,0,0
1403,1784,1309,2,17.49,0,0,1
1404,891,883,1,23.76,0,0,0
1405,1976,90,2,14.3,0,0,0
1406,2030,1570,1,17.02,0,0,0
1407,2517,282,1,9.56,0,0,0
1408,967,1562,1,6.92,0,0,1
1409,2112,522,3,19.68,0,0,0
1410,1301,353,1,15.09,0,0,0
1411,2,1693,3,15.02,0,0,0
1412,1094,1044,2,11.7,0,0,0
1413,651,1265,1,14.23,0,0,0
1414,668,918,4,23.8,0,0,1
1415,563,1216,3,29.89,0,1,0
1416,2732,1783,1,13.78,0,0,1
1417,259,378,1,13.98,0,0,0
1418,556,793,3,27.02,0,0,1
1419,2258,1683,1,11.21,0,0,0
1420,1296,799,2,21.0,0,0,0
1421,1346,949,1,16.28,0,0,0
1422,1228,1240,4,32.46,0,1,1
1423,2658,963,2,14.66,0,0,0
1424,1069,661,3,15.47,1,0,0
1425,2501,923,1,12.84,0,0,0
1426,10,1314,2,16.11,0,0,0
1427,1149,691,3,23.56,0,0,0
1428,956,1057,2,16.45,1,0,0
1429,2286,273,2,17.16,1,0,0
1430,2171,1068,2,15.34,0,0,1
1431,902,1448,3,19.65,1,0,0
1432,123,874,1,20.08,0,0,0
1433,2402,1483,3,21.48,0,0,0
1434,451,1792,1,21.32,1,0,0
1435,1944,322,2,18.26,1,0,0
1436,1920,1035,1,12.12,0,0,0
1437,2707,336,1,9.48,0,0,1
1438,2480,1375,2,14.15,1,0,0
1439,1646,1559,2,13.17,0,0,0
1440,1419,243,2,20.03,1,0,0
1441,2551,961,1,14.25,0,0,0
1442,1038,795,1,14.18,0,0,0
1443,2225,988,1,15.12,1,0,1
1444,528,1640,1,12.16,0,0,0
1445,625,1559,3,27.04,0,0,0
1446,2939,43,2,18.61,1,0,0
1447,571,427,5,26.66,0,0,0
1448,272,10,1,15.99,0,0,1
1449,3000,1176,4,25.53,0,0,0
1450,1660,1396,1,18.21,0,0,0
1451,427,1257,1,13.56,1,0,0
1452,731,1037,2,15.35,0,0,0
1453,2293,560,3,20.8,0,0,0
1454,867,1433,3,20.38,0,0,0
1455,1485,464,1,15.95,0,0,0
1456,1722,953,2,25.06,0,0,0
1457,44,1516,4,26.79,1,0,0
1458,664,1611,2,21.11,0,0,0
1459,414,224,1,13.75,1,0,0
1460,139,91,2,16.93,0,0,0
1461,2777,1078,1,16.34,0,0,0
1462,1198,1635,1,16.78,1,0,1
1463,2562,746,1,12.85,0,0,0
1464,2298,1015,1,14.69,0,0,1
1465,37,1040,4,28.57,0,1,0
1466,2428,743,3,13.95,0,0,0
1467,1175,1596,4,18.08,0,0,0
1468,2690,1540,3,19.88,0,0,1
1469,1001,684,3,20.19,0,0,1
1470,2480,1375,2,17.36,0,0,1
1471,2050,1024,1,18.94,0,0,0
1472,440,417,2,19.29,1,0,0
1473,679,713,2,19.36,0,0,0
1474,2510,1119,4,21.79,1,0,0
1475,1501,383,4,27.56,1,0,0
1476,2827,749,2,13.31,0,0,0
1477,652,58,4,23.83,0,0,0
1478,2315,184,2,24.78,1,0,0
1479,915,968,2,14.87,0,0,0
1480,2618,642,2,20.88,0,0,1
1481,2725,1136,1,18.16,0,0,0
1482,2719,513,2,20.5,0,0,0
1483,338,1780,3,22.65,0,0,0
1484,2028,642,2,16.12,0,0,0
1485,1963,150,3,20.68,0,0,0
1486,409,318,1,10.15,1,0,1
1487,1596,30,1,10.02,0,0,0
1488,2342,945,1,7.42,0,0,0
1489,184,1183,3,17.1,0,0,1
1490,2714,400,3,18.76,0,0,0
1491,1069,661,3,27.47,0,0,0
1492,2035,1568,3,18.52,0,0,0
1493,2808,664,4,18.93,0,0,1
1494,670,937,4,23.05,1,0,0
1495,2238,438,2,13.15,0,0,1
1496,1520,249,2,13.48,0,0,0
1497,835,598,4,19.51,0,0,0
1498,1948,828,3,25.87,0,0,0
1499,1141,1716,4,25.34,0,0,0
1500,2718,540,2,14.07,0,0,1
1501,1038,795,1,9.9,0,0,0
1502,2269,779,2,16.66,0,0,0
1503,2769,1751,3,21.16,0,0,0
1504,364,578,3,27.28,0,0,0
1505,2498,1623,3,24.05,0,0,0
1506,2902,1692,2,20.82,0,0,1
1507,1755,417,1,15.94,0,0,1
1508,1827,189,1,12.88,0,0,0
1509,2720,410,4,19.11,0,0,1
1510,2016,1445,1,15.86,0,0,0
1511,389,742,3,18.81,0,0,0
1512,151,1242,1,17.45,0,0,0
1513,2057,1069,2,12.39,0,0,0
1514,1028,1594,3,16.78,0,0,0
1515,2650,1378,3,21.33,0,0,0
1516,2343,1155,1,16.4,0,0,0
1517,1379,1104,3,19.18,1,0,0
1518,562,1772,1,15.03,0,0,0
1519,409,318,2,22.25,0,0,0
1520,469,102,2,16.67,0,0,1
1521,438,1645,1,19.22,0,0,0
1522,2461,107,4,25.21,1,0,0
1523,2646,1628,1,20.93,0,0,0
1524,1377,1724,5,22.99,1,0,0
1525,2666,1247,2,21.39,0,0,0
1526,1383,459,3,16.29,0,0,0
1527,711,954,3,23.48,0,0,0
1528,2201,534,1,16.62,0,0,0
1529,638,1110,5,22.07,0,0,0
1530,949,430,1,10.55,1,0,0
1531,844,905,4,27.41,0,0,0
1532,2190,778,3,22.95,0,0,0
1533,2920,1376,3,26.28,1,0,1
1534,2715,39,3,18.01,0,0,0
1535,968,1518,1,13.78,1,0,0
1536,1331,262,5,25.61,0,0,0
1537,891,883,3,21.4,0,0,1
1538,2241,691,2,18.27,1,0,0
1539,2853,1146,3,26.1,0,0,1
1540,1933,315,2,11.36,0,0,0
1541,1901,1361,1,13.9,0,0,0
1542,1985,573,1,10.51,0,0,0
1543,1324,993,4,25.81,0,0,0
1544,2172,1099,2,23.67,0,0,1
1545,2967,591,1,19.62,0,0,0
1546,1183,1698,3,25.26,0,0,0
1547,649,328,1,14.33,1,0,0
1548,2927,378,3,18.79,0,0,0
1549,1522,1441,2,20.29,0,0,0
1550,1502,1013,5,24.65,0,0,0
1551,856,425,3,26.84,1,0,0
1552,2018,1508,1,11.07,0,0,0
1553,604,746,1,11.59,0,0,1
1554,1188,1441,4,18.32,1,0,1
1555,415,1381,3,13.74,1,0,1
1556,1759,1100,2,15.76,0,0,0
1557,1624,873,2,21.37,0,0,0
1558,2456,574,3,26.62,0,0,0
1559,946,736,4,24.67,0,0,0
1560,1630,123,1,12.52,0,0,0
1561,2688,475,4,18.71,0,0,0
1562,2335,790,4,22.72,1,0,0
1563,1604,1738,3,22.37,0,0,0
1564,2355,482,2,21.53,1,0,0
1565,1404,659,2,18.45,1,0,1
1566,1093,1189,3,14.86,0,0,0
1567,2234,397,2,14.86,0,0,0
1568,300,617,2,20.75,0,0,0
1569,668,918,3,17.72,0,0,0
1570,398,1702,2,22.7,0,0,0
1571,237,1783,2,21.27,0,0,1
1572,2823,167,3,12.35,0,0,1
1573,2958,1408,1,12.89,0,0,0
1574,775,877,2,16.05,0,0,0
1575,2360,711,2,14.09,0,0,0
1576,2913,775,3,18.99,0,0,0
1577,2782,1687,4,25.97,0,0,0
1578,1862,9,3,21.17,0,0,1
1579,2872,703,4,23.82,0,0,0
1580,765,1485,5,29.44,1,1,0
1581,853,971,1,12.89,0,0,1
1582,2588,1432,1,11.63,0,0,0
1583,1605,1668,2,21.23,0,0,0
1584,2763,212,1,15.42,0,0,1
1585,2644,201,3,22.18,0,0,1
1586,1098,134,2,5.54,0,0,0
1587,1366,1699,2,20.74,0,0,1
1588,2627,1719,2,20.22,1,0,0
1589,2201,534,1,12.29,0,0,0
1590,2045,805,3,20.47,0,0,0
1591,2941,735,2,20.63,1,0,0
1592,2409,852,5,27.84,0,0,0
1593,1736,1002,2,16.3,0,0,0
1594,927,1445,2,21.46,0,0,0
1595,1809,620,1,14.28,0,0,0
1596,282,1339,1,20.66,1,0,1
1597,114,1229,1,10.8,1,0,0
1598,2277,807,1,18.3,0,0,0
1599,1507,1171,2,21.18,0,0,0
1600,2907,187,2,22.53,1,0,0
1601,1294,1327,1,25.47,0,0,1
1602,832,97,3,15.54,0,0,0
1603,2162,505,2,15.9,0,0,0
1604,1933,315,5,30.04,0,1,0
1605,2824,1509,1,16.33,0,0,0
1606,1732,1673,1,16.77,0,0,0
1607,988,1241,4,20.69,1,0,1
1608,2225,988,1,18.58,1,0,0
1609,1228,1240,2,19.17,0,0,0
1610,1475,1498,3,19.97,0,0,1
1611,27,1589,2,14.55,0,0,0
1612,847,821,1,17.42,0,0,1
1613,1882,595,4,19.91,0,0,0
1614,2808,664,1,14.22,0,0,0
1615,1633,822,1,16.09,0,0,0
1616,2908,933,1,16.7,1,0,0
1617,2507,480,3,22.3,0,0,0
1618,573,544,3,18.62,0,0,1
1619,2078,1713,4,21.16,1,0,0
1620,166,661,3,21.83,0,0,1
1621,1493,279,2,10.34,0,0,0
1622,608,909,1,13.18,1,0,0
1623,2647,898,4,25.33,0,0,0
1624,1149,691,1,12.49,0,0,0
1625,2278,1590,2,17.16,0,0,0
1626,601,1375,3,18.15,0,0,0
1627,960,1413,2,14.71,0,0,0
1628,1874,1502,2,20.57,0,0,0
1629,1868,1701,5,25.77,0,0,0
1630,2698,923,1,17.07,0,0,0
1631,2936,309,4,17.45,0,0,0
1632,1780,334,3,27.44,0,0,0
1633,2223,869,1,17.52,0,0,1
1634,1664,1643,2,16.46,0,0,0
1635,2641,1634,1,12.74,0,0,1
1636,358,794,3,24.94,1,0,0
1637,463,1113,2,15.32,0,0,0
1638,2035,1568,4,21.73,0,0,1
1639,324,1208,2,18.59,0,0,0
1640,839,341,1,20.53,0,0,0
1641,2043,1130,2,21.83,0,0,0
1642,2013,651,1,11.07,0,0,0
1643,178,1658,2,14.99,0,0,1
1644,96,1716,4,24.61,1,0,0
1645,322,1368,2,19.78,0,0,1
1646,2913,775,3,21.6,0,0,1
1647,2956,1799,2,15.17,0,0,0
1648,1392,1406,3,27.36,0,0,0
1649,2982,1202,3,14.91,0,0,1
1650,2501,923,3,20.71,1,0,0
1651,501,1658,1,11.87,1,0,0
1652,2355,482,2,17.52,0,0,1
1653,1067,5,3,16.89,1,0,0
1654,2782,1687,2,10.79,0,0,0
1655,2382,1017,3,25.9,1,0,1
1656,649,328,4,22.12,0,0,0
1657,76,370,3,32.99,1,1,0
1658,1575,306,2,15.78,0,0,0
1659,534,792,2,18.36,1,0,0
1660,1339,1096,3,23.24,0,0,0
1661,1502,1013,4,30.25,1,1,0
1662,434,434,2,23.95,0,0,0
1663,2875,1717,3,19.61,1,0,0
1664,1642,1694,4,23.22,0,0,0
1665,1084,557,4,20.48,0,0,1
1666,2732,1783,2,17.83,0,0,0
1667,68,1011,2,30.4,0,1,0
1668,10,1314,4,19.48,0,0,1
1669,2478,600,2,18.01,1,0,0
1670,2076,7,2,16.75,0,0,0
1671,2358,1075,2,18.88,0,0,0
1672,1837,1013,4,28.67,0,1,0
1673,725,817,3,24.65,0,0,0
1674,851,727,3,21.68,0,0,1
1675,1552,295,3,22.16,0,0,0
1676,815,555,3,17.18,0,0,0
1677,668,918,2,20.44,0,0,0
1678,1001,684,1,14.48,0,0,0
1679,535,937,3,20.9,1,0,0
1680,267,455,2,19.31,0,0,0
1681,875,506,3,23.11,0,0,0
1682,490,200,3,22.49,0,0,0
1683,2316,1760,1,16.36,1,0,0
1684,217,1165,1,20.65,0,0,1
1685,173,800,1,18.5,1,0,0
1686,2949,832,2,18.49,1,0,1
1687,1420,1201,3,12.35,0,0,0
1688,2759,514,2,13.09,0,0,0
1689,2004,1208,4,15.76,0,0,0
1690,264,188,1,11.5,0,0,0
1691,321,1541,4,18.31,0,0,0
1692,1096,534,1,19.89,0,0,0
1693,2482,723,1,16.15,1,0,0
1694,250,158,2,19.51,0,0,0
1695,535,937,3,23.02,0,0,0
1696,1415,995,4,20.23,0,0,1
1697,349,1372,1,17.09,0,0,1
1698,1348,1651,3,18.82,1,0,0
1699,1284,522,1,12.12,0,0,0
1700,2548,1488,5,23.44,0,0,0
1701,410,1434,1,16.25,0,0,0
1702,1529,1228,2,18.22,0,0,0
1703,1479,123,2,11.67,1,0,0
1704,1340,6,1,19.35,0,0,0
1705,1512,1124,1,13.22,0,0,0
1706,1230,304,3,20.62,0,0,0
1707,1047,468,2,18.0,0,0,1
1708,795,1465,4,24.32,0,0,0
1709,1151,831,3,16.78,1,0,0
1710,1381,1465,2,11.8,0,0,0
1711,1897,779,5,23.51,0,0,0
1712,420,830,4,24.37,0,0,0
1713,2825,371,4,25.21,0,0,1
1714,2401,533,1,16.17,0,0,1
1715,1030,1646,3,17.35,0,0,0
1716,857,1354,4,20.59,0,0,0
1717,751,1262,3,15.4,0,0,0
1718,233,1478,2,17.31,0,0,0
1719,221,484,4,25.97,1,0,0
1720,1257,805,3,31.56,1,1,0
1721,1667,1153,2,21.52,0,0,1
1722,1471,318,3,21.6,0,0,1
1723,2480,1375,4,27.44,1,0,0
1724,1555,764,2,20.42,0,0,0
1725,2303,992,3,22.45,0,0,0
1726,2379,1682,5,26.73,1,0,0
1727,1601,499,2,12.95,1,0,1
1728,1047,468,4,18.76,0,0,0
1729,274,404,1,18.2,0,0,0
1730,1199,1716,2,17.69,0,0,0
1731,1512,1124,1,14.8,0,0,0
1732,2963,1353,1,15.78,0,0,0
1733,2800,1542,1,12.95,0,0,0
1734,2616,1208,3,19.25,0,0,0
1735,1411,715,2,15.4,0,0,0
1736,131,978,3,21.79,0,0,0
1737,1651,1789,1,15.97,0,0,0
1738,106,344,3,17.61,0,0,1
1739,1097,1768,1,9.31,0,0,0
1740,804,478,1,11.41,0,0,1
1741,28,405,2,12.23,0,0,1
1742,706,1365,2,18.12,0,0,0
1743,2139,235,3,18.63,1,0,0
1744,1818,511,1,17.79,0,0,1
1745,1412,243,4,22.68,0,0,1
1746,2995,558,2,15.39,0,0,0
1747,1475,1498,1,17.95,0,0,0
1748,592,1560,5,28.12,0,1,1
1749,2358,1075,2,17.17,0,0,0
1750,64,714,2,15.68,0,0,0
1751,318,147,3,20.76,0,0,0
1752,2551,961,2,22.05,0,0,1
1753,1926,497,1,9.93,0,0,0
1754,329,318,1,17.78,0,0,0
1755,1988,1138,2,17.78,0,0,0
1756,1905,26,4,25.4,0,0,0
1757,551,1002,3,21.57,0,0,0
1758,1612,731,3,18.88,0,0,0
1759,2019,580,2,19.69,0,0,0
1760,1770,1209,2,19.03,0,0,1
1761,1576,1341,1,9.61,0,0,0
1762,1464,8,1,13.37,0,0,0
1763,2460,626,3,27.59,0,0,1
1764,1190,1217,2,20.17,0,0,0
1765,2543,1665,3,21.9,0,0,0
1766,959,430,1,15.94,1,0,0
1767,2231,863,3,27.15,0,0,0
1768,817,139,3,20.13,1,0,0
1769,1381,1465,2,15.33,0,0,0
1770,2349,1779,1,18.01,0,0,0
1771,88,1071,2,18.44,0,0,0
1772,2373,587,3,20.77,1,0,0
1773,1490,1538,1,13.06,0,0,0
1774,1026,227,1,9.03,0,0,0
1775,2889,1774,2,13.4,1,0,0
1776,835,598,4,13.26,0,0,0
1777,1063,533,2,11.95,1,0,0
1778,1768,290,3,17.77,0,0,0
1779,2300,1450,2,24.17,0,0,1
1780,647,498,3,21.82,0,0,0
1781,2947,1578,2,16.71,0,0,0
1782,789,27,4,17.08,0,0,0
1783,1260,1083,2,14.37,0,0,1
1784,825,1679,2,19.47,1,0,0
1785,2149,860,4,27.85,0,0,0
1786,952,520,2,15.98,0,0,0
1787,1660,1396,1,16.95,1,0,1
1788,451,1792,1,11.62,0,0,1
1789,1572,941,2,19.29,0,0,0
1790,2258,1683,1,13.89,0,0,0
1791,944,1645,4,29.67,0,1,1
1792,564,1350,1,13.23,0,0,0
1793,2664,76,1,14.14,0,0,0
1794,747,1632,3,22.66,0,0,0
1795,2411,659,4,24.27,1,0,0
1796,827,1681,2,16.84,1,0,0
1797,2015,1274,2,15.88,0,0,0
1798,698,818,3,29.23,0,1,0
1799,20,1241,2,21.66,0,0,1
1800,593,1728,4,26.55,0,0,1
1801,1387,1157,1,16.48,0,0,0
1802,339,1268,5,25.07,0,0,0
1803,2448,180,4,15.81,0,0,0
1804,1476,475,3,22.83,0,0,1
1805,1190,1217,4,28.66,0,1,1
1806,1108,754,4,24.48,0,0,1
1807,1453,452,3,20.87,0,0,0
1808,2331,250,2,18.82,1,0,0
1809,1348,1651,2,20.65,0,0,0
1810,2421,604,1,11.26,1,0,1
1811,1360,717,5,27.41,1,0,0
1812,971,11,1,15.88,0,0,0
1813,2903,1251,1,13.03,0,0,0
1814,956,1057,3,21.8,0,0,0
1815,685,316,1,15.74,0,0,0
1816,1073,459,1,12.02,0,0,1
1817,2249,1173,2,20.79,0,0,0
1818,964,646,3,22.78,0,0,0
1819,1629,1217,3,19.45,0,0,0
1820,2945,209,3,19.18,1,0,0
1821,982,198,2,20.41,0,0,0
1822,465,332,5,25.21,1,0,0
1823,190,1668,3,21.2,1,0,0
1824,159,1314,2,23.44,1,0,0
1825,2238,438,1,14.33,0,0,0
1826,1950,83,2,18.11,1,0,0
1827,580,1202,2,21.47,0,0,0
1828,1189,1130,1,17.66,0,0,0
1829,2566,1369,3,21.84,0,0,1
1830,1089,1415,2,20.99,0,0,1
1831,1019,596,2,21.64,1,0,1
1832,490,200,2,10.07,0,0,0
1833,1955,94,1,21.76,0,0,0
1834,1113,1101,4,21.14,0,0,0
1835,288,736,3,24.61,0,0,0
1836,1909,147,4,20.02,0,0,0
1837,2113,1668,3,18.36,0,0,1
1838,347,626,2,27.49,0,0,0
1839,2153,458,1,19.69,0,0,1
1840,2859,1084,2,20.18,0,0,0
1841,2439,1695,1,20.26,0,0,0
1842,2516,1089,1,14.32,0,0,0
1843,2129,473,2,17.84,0,0,0
1844,2636,362,2,12.54,1,0,0
1845,1014,1310,1,12.6,0,0,0
1846,2572,1462,2,19.54,1,0,0
1847,1423,964,2,16.87,0,0,0
1848,1813,558,2,18.52,0,0,0
1849,1005,1056,2,15.08,0,0,0
1850,1405,72,5,23.81,1,0,0
1851,329,318,3,18.92,0,0,0
1852,992,957,3,15.56,1,0,0
1853,1162,972,3,24.91,0,0,0
1854,2624,1588,1,16.16,0,0,0
1855,556,793,2,21.35,0,0,0
1856,1479,123,2,19.18,0,0,0
1857,1395,1673,2,17.13,0,0,0
1858,1306,759,2,18.03,1,0,0
1859,2654,908,1,16.98,0,0,0
1860,2860,1142,2,13.91,0,0,1
1861,547,780,2,16.99,0,0,1
1862,698,818,2,19.67,0,0,0
1863,2291,1588,2,26.25,0,0,0
1864,1202,944,2,22.34,0,0,1
1865,198,1116,4,27.42,1,0,0
1866,731,1037,3,15.48,0,0,0
1867,1424,295,6,30.59,0,1,1
1868,624,853,2,19.99,1,0,0
1869,1520,249,3,18.12,0,0,1
1870,520,1621,1,20.72,1,0,0
1871,621,786,2,17.92,1,0,0
1872,1608,1143,1,12.15,0,0,0
1873,1538,512,1,17.3,0,0,0
1874,89,333,1,13.63,0,0,0
1875,2928,1261,4,32.27,1,1,0
1876,1415,995,4,19.27,0,0,0
1877,1923,582,1,15.19,0,0,0
1878,1116,1799,4,26.84,0,0,0
1879,955,632,2,14.16,0,0,1
1880,1822,1691,5,24.58,1,0,0
1881,1833,974,1,16.56,0,0,0
1882,1942,1363,2,21.65,0,0,0
1883,2804,194,1,12.85,0,0,0
1884,1387,1157,1,7.92,0,0,1
1885,664,1611,2,21.35,1,0,1
1886,29,1750,4,23.4,1,0,0
1887,2709,1796,3,20.58,0,0,0
1888,2817,1165,1,8.19,0,0,0
1889,2292,1250,1,11.22,0,0,0
1890,2118,1169,3,17.13,0,0,0
1891,2177,1689,3,22.64,0,0,0
1892,729,965,1,16.04,0,0,1
1893,885,552,2,26.08,0,0,0
1894,913,1115,4,20.3,1,0,0
1895,1802,758,1,13.27,1,0,0
1896,873,745,1,17.45,0,0,0
1897,689,1420,2,16.88,0,0,1
1898,2338,1600,1,9.56,1,0,0
1899,90,360,2,16.95,0,0,0
1900,2108,171,2,14.86,0,0,0
1901,2978,1429,2,21.28,1,0,0
1902,913,1115,5,24.28,0,0,0
1903,518,1547,2,21.42,1,0,0
1904,1864,1362,1,16.2,1,0,1
1905,2500,482,2,13.48,1,0,0
1906,1598,774,2,13.22,0,0,0
1907,1185,1789,1,25.72,0,0,0
1908,1199,1716,2,20.83,0,0,0
1909,661,1119,2,20.53,0,0,1
1910,1181,1384,4,29.53,0,1,0
1911,2960,801,3,18.89,0,0,0
1912,2924,1312,2,23.73,0,0,0
1913,2239,44,1,17.64,0,0,0
1914,2607,1200,2,12.83,0,0,1
1915,905,1466,2,18.29,0,0,0
1916,1190,1217,2,14.42,0,0,0
1917,1055,1405,4,25.38,0,0,1
1918,2710,212,1,16.47,0,0,0
1919,827,1681,2,17.82,0,0,0
1920,2080,1095,3,22.27,0,0,0
1921,1094,1044,3,20.71,0,0,1
1922,1247,1514,3,18.03,1,0,0
1923,2451,1039,4,18.77,1,0,0
1924,2569,222,2,16.01,0,0,0
1925,817,139,1,20.23,0,0,0
1926,113,950,1,12.54,0,0,0
1927,2013,651,3,21.48,0,0,1
1928,1776,18,1,16.05,0,0,0
1929,925,1220,2,16.33,1,0,1
1930,2691,122,2,17.55,0,0,0
1931,32,967,1,21.32,0,0,0
1932,1781,379,1,15.84,1,0,1
1933,2913,775,1,18.49,1,0,0
1934,1951,200,2,13.29,0,0,0
1935,1807,17,3,24.35,1,0,0
1936,327,402,3,24.32,0,0,0
1937,569,1337,1,9.6,1,0,0
1938,2681,156,3,23.04,0,0,0
1939,2639,1147,1,5.58,0,0,1
1940,2263,1250,2,12.74,0,0,0
1941,1649,1064,1,15.96,0,0,0
1942,2491,954,2,17.06,0,0,0
1943,976,1243,2,14.49,0,0,1
1944,343,1578,3,19.3,1,0,0
1945,766,838,2,21.85,1,0,0
1946,1331,262,3,16.14,0,0,1
1947,1592,437,2,20.84,0,0,1
1948,996,720,4,26.22,1,0,1
1949,1459,1347,2,21.99,0,0,0
1950,2304,1320,2,22.08,0,0,0
1951,1642,1694,2,20.97,0,0,1
1952,1979,671,2,16.1,0,0,0
1953,844,905,5,25.45,1,0,0
1954,1778,190,3,19.31,0,0,0
1955,1118,909,1,11.67,0,0,1
1956,2531,622,2,25.7,1,0,0
1957,2888,1387,1,17.3,0,0,0
1958,1994,44,4,20.2,1,0,1
1959,2031,1729,1,15.91,0,0,0
1960,1237,1601,1,12.41,0,0,1
1961,552,1753,4,21.27,0,0,1
1962,138,800,1,17.47,0,0,1
1963,1349,1048,2,12.74,0,0,1
1964,2474,1445,3,19.17,0,0,0
1965,1343,848,4,27.96,1,0,1
1966,2275,1365,1,15.98,1,0,0
1967,789,27,1,16.97,0,0,1
1968,2825,371,1,14.22,0,0,0
1969,413,1237,1,19.86,0,0,1
1970,6,1520,1,9.27,0,0,0
1971,609,1630,3,23.64,1,0,1
1972,2820,719,4,24.16,1,0,0
1973,2858,759,4,30.31,1,1,0
1974,2693,644,4,21.47,0,0,0
1975,1421,932,4,24.08,0,0,0
1976,2918,393,2,17.51,1,0,0
1977,1535,448,3,27.98,0,0,1
1978,1500,359,6,27.71,1,0,0
1979,1884,1642,4,26.23,0,0,0
1980,843,1152,2,15.08,1,0,0
1981,172,1269,1,13.1,0,0,0
1982,1458,35,1,14.86,1,0,0
1983,2623,1799,4,23.39,0,0,1
1984,1505,1458,1,16.86,0,0,0
1985,1302,1421,2,17.5,0,0,0
1986,1685,267,2,11.14,0,0,1
1987,232,1046,3,17.42,0,0,0
1988,1807,17,2,17.44,0,0,0
1989,720,123,2,23.83,0,0,0
1990,2452,1524,1,16.88,0,0,1
1991,1267,1377,3,18.27,0,0,0
1992,505,191,4,23.36,0,0,0
1993,2826,1668,1,19.81,1,0,0
1994,455,1351,3,22.51,0,0,1
1995,79,1218,4,23.72,0,0,1
1996,1176,1630,4,25.02,1,0,0
1997,745,139,3,16.75,0,0,0
1998,2920,1376,4,19.52,0,0,0
1999,6,1520,2,15.45,0,0,0
2000,792,570,4,17.87,0,0,0
2001,2499,1370,3,19.09,0,0,0
2002,1217,189,2,10.2,0,0,0
2003,968,1518,4,31.94,0,1,0
2004,70,224,2,17.32,1,0,0
2005,763,1344,3,19.51,0,0,0
2006,775,877,2,19.52,0,0,1
2007,1897,779,2,15.55,0,0,0
2008,1914,1414,1,16.63,0,0,0
2009,541,383,2,26.64,0,0,0
2010,1345,1487,4,22.32,0,0,0
2011,1370,514,1,13.71,0,0,0
2012,2208,1572,2,28.28,0,1,0
2013,2661,547,1,8.11,0,0,0
2014,772,445,3,17.99,0,0,0
2015,1134,1506,2,21.52,0,0,0
2016,2110,306,2,19.62,0,0,0
2017,1076,1409,2,13.52,0,0,0
2018,1732,1673,4,15.85,1,0,0
2019,2957,1240,1,14.33,0,0,0
2020,1931,852,2,16.02,0,0,0
2021,106,344,3,24.91,1,0,0
2022,795,1465,4,23.66,0,0,0
2023,1528,1028,4,23.15,1,0,0
2024,1122,611,1,14.08,0,0,0
2025,1138,377,3,18.39,0,0,0
2026,1770,1209,1,17.07,0,0,0
2027,147,506,2,12.02,0,0,1
2028,1420,1201,1,16.32,0,0,1
2029,658,1327,1,12.7,0,0,1
2030,1123,350,2,19.18,1,0,0
2031,1117,546,1,19.11,1,0,0
2032,419,994,3,19.82,0,0,1
2033,288,736,3,20.71,0,0,0
2034,230,19,2,22.79,0,0,0
2035,2112,522,1,9.81,1,0,0
2036,856,425,3,16.91,0,0,0
2037,2012,928,1,16.62,0,0,1
2038,247,9,2,10.25,0,0,0
2039,551,1002,3,16.04,0,0,0
2040,2847,635,5,24.4,0,0,0
2041,1470,1462,4,26.05,0,0,0
2042,2677,575,1,13.08,0,0,0
2043,1353,782,3,24.94,0,0,1
2044,1203,296,1,13.43,0,0,0
2045,2895,1742,1,23.95,0,0,0
2046,1883,1538,1,19.85,0,0,0
2047,2653,1319,3,20.38,1,0,0
2048,2859,1084,4,19.39,0,0,1
2049,2956,1799,1,15.05,0,0,0
2050,1441,688,4,20.81,0,0,0
2051,409,318,1,13.33,1,0,0
2052,2687,1083,1,17.73,0,0,0
2053,766,838,1,14.86,0,0,0
2054,1759,1100,2,8.45,0,0,0
2055,33,583,1,13.39,0,0,0
2056,937,456,1,13.35,0,0,0
2057,2287,1632,4,25.94,1,0,0
2058,50,1586,3,21.54,0,0,0
2059,1064,7,3,25.8,0,0,0
2060,821,907,2,22.85,1,0,0
2061,1406,606,1,12.48,0,0,0
2062,457,546,2,17.6,0,0,0
2063,1906,1320,5,20.82,1,0,1
2064,628,496,2,16.24,0,0,0
2065,863,917,1,13.0,0,0,0
2066,1383,459,1,14.5,0,0,1
2067,398,1702,4,21.2,0,0,0
2068,765,1485,2,18.17,1,0,1
2069,1185,1789,4,18.13,0,0,0
2070,1031,865,2,18.26,1,0,0
2071,978,1486,2,18.35,0,0,0
2072,2315,184,2,24.68,0,0,0
2073,271,1117,1,13.26,1,0,0
2074,672,667,3,25.54,0,0,0
2075,1883,1538,4,23.85,0,0,0
2076,2623,1799,3,19.95,1,0,1
2077,2906,217,1,16.48,0,0,0
2078,1500,359,4,23.0,1,0,1
2079,1508,817,3,16.9,0,0,1
2080,2284,1251,5,29.17,1,1,0
2081,632,1740,2,15.11,0,0,0
2082,1647,1237,4,25.93,0,0,1
2083,2468,436,2,21.98,0,0,0
2084,1780,334,3,18.22,1,0,0
2085,2915,1564,2,22.85,0,0,0
2086,2065,671,4,21.61,0,0,0
2087,1926,497,2,20.72,0,0,1
2088,2514,1294,2,18.21,0,0,0
2089,2769,1751,2,13.67,1,0,1
2090,2486,870,4,28.05,1,1,0
2091,160,116,2,18.62,0,0,0
2092,945,1362,4,25.53,0,0,1
2093,968,1518,2,20.83,0,0,0
2094,944,1645,4,24.75,0,0,1
2095,2937,544,2,17.03,0,0,1
2096,2242,100,2,16.28,0,0,0
2097,16,689,2,14.57,0,0,1
2098,2807,463,1,12.16,0,0,0
2099,2250,1375,4,28.89,0,1,0
2100,936,1571,1,6.73,0,0,0
2101,35,670,1,13.66,0,0,0
2102,1061,1084,2,18.22,0,0,0
2103,2359,1642,2,22.19,0,0,0
2104,1066,234,2,16.46,0,0,0
2105,593,1728,3,24.5,0,0,0
2106,1359,405,2,18.46,0,0,0
2107,2902,1692,3,19.72,0,0,0
2108,347,626,1,9.28,0,0,0
2109,1397,1780,2,22.72,1,0,0
2110,1083,1508,1,17.51,1,0,0
2111,1038,795,3,17.39,1,0,0
2112,914,639,1,9.43,0,0,0
2113,465,332,2,23.44,0,0,0
2114,38,590,2,23.53,0,0,1
2115,1646,1559,3,17.89,0,0,0
2116,1099,1500,3,18.64,1,0,0
2117,2632,1764,2,18.77,0,0,0
2118,2453,259,2,21.6,0,0,1
2119,1490,1538,1,16.7,0,0,0
2120,1945,1645,3,18.54,1,0,0
2121,238,1187,2,18.41,0,0,1
2122,1025,547,1,13.69,0,0,0
2123,1238,800,4,26.61,1,0,0
2124,2582,1151,5,23.82,0,0,0
2125,790,482,1,12.29,0,0,0
2126,2010,1207,1,19.15,0,0,0
2127,1215,1169,3,20.21,0,0,0
2128,1844,205,3,18.79,0,0,0
2129,1708,256,1,17.78,0,0,0
2130,2903,1251,1,14.57,0,0,1
2131,2283,1423,3,22.0,0,0,0
2132,2993,1723,2,18.94,0,0,0
2133,308,35,2,13.17,0,0,0
2134,1846,1240,1,19.03,1,0,0
2135,2359,1642,2,13.09,0,0,0
2136,335,699,2,15.42,0,0,0
2137,2299,1486,2,23.37,0,0,0
2138,2741,855,2,12.85,0,0,0
2139,2013,651,1,20.45,0,0,1
2140,2642,1422,3,16.2,0,0,0
2141,2702,1703,1,18.29,0,0,0
2142,2557,1555,1,16.59,0,0,0
2143,500,511,1,14.05,1,0,0
2144,1735,377,1,15.08,1,0,0
2145,1160,524,1,11.41,0,0,0
2146,804,478,2,15.26,0,0,1
2147,943,430,2,20.18,1,0,0
2148,1198,1635,1,10.7,0,0,0
2149,1878,1725,1,14.51,0,0,0
2150,592,1560,2,15.0,1,0,0
2151,317,388,2,22.69,0,0,0
2152,579,44,1,17.81,0,0,0
2153,788,421,3,16.25,0,0,0
2154,2985,893,2,19.41,1,0,0
2155,171,1208,2,18.91,0,0,0
2156,2083,1422,3,25.27,0,0,0
2157,1882,595,4,21.29,0,0,0
2158,487,1560,2,17.65,0,0,0
2159,2458,96,3,23.28,0,0,1
2160,348,828,2,13.62,0,0,0
2161,1146,1535,1,18.78,0,0,0
2162,2755,1116,2,14.87,0,0,0
2163,1969,984,3,18.77,1,0,1
2164,1324,993,3,17.75,0,0,0
2165,740,502,1,14.68,0,0,0
2166,593,1728,2,16.89,0,0,0
2167,2291,1588,3,20.23,0,0,0
2168,1558,1388,2,12.64,0,0,0
2169,2120,41,3,16.21,0,0,0
2170,1927,1424,3,16.98,1,0,0
2171,2239,44,1,16.41,0,0,1
2172,2841,955,1,15.79,1,0,0
2173,2708,1276,3,18.24,0,0,0
2174,1637,715,2,18.59,0,0,0
2175,660,1514,5,21.89,0,0,0
2176,710,959,4,21.47,0,0,0
2177,349,1372,1,11.28,0,0,0
2178,1263,1252,3,17.06,0,0,0
2179,2205,1469,2,16.89,0,0,0
2180,2834,395,1,13.78,0,0,1
2181,396,1542,3,18.65,0,0,0
2182,1534,382,1,21.37,0,0,1
2183,2159,447,2,16.05,1,0,0
2184,399,158,2,17.78,0,0,1
2185,2434,335,2,22.57,0,0,0
2186,2769,1751,2,16.08,0,0,0
2187,1180,1649,3,17.56,0,0,0
2188,2452,1524,1,10.28,0,0,0
2189,1667,1153,2,16.41,0,0,0
2190,2847,635,3,22.1,0,0,0
2191,684,1345,1,12.36,0,0,0
2192,2659,1368,2,15.1,0,0,0
2193,2379,1682,2,26.43,0,0,0
2194,224,565,1,19.28,0,0,0
2195,408,1321,3,19.18,0,0,0
2196,122,340,3,19.85,0,0,0
2197,2773,83,5,26.6,0,0,0
2198,1672,1158,1,16.6,0,0,0
2199,672,667,2,16.93,1,0,0
2200,2007,558,2,19.94,0,0,0
2201,1082,1517,3,22.32,0,0,0
2202,2935,1233,1,9.31,0,0,0
2203,1212,525,3,21.02,0,0,0
2204,1287,553,1,18.04,1,0,0
2205,2783,401,4,22.64,0,0,1
2206,2214,1061,4,27.27,1,0,0
2207,745,139,3,17.07,0,0,0
2208,789,27,1,12.94,0,0,0
2209,492,1765,3,23.23,0,0,0
2210,2971,318,1,16.88,0,0,0
2211,1156,908,1,14.0,0,0,1
2212,2958,1408,1,17.61,0,0,0
2213,1683,852,2,21.94,0,0,1
2214,245,854,3,23.57,0,0,0
2215,355,1090,1,18.88,0,0,0
2216,2850,539,2,20.07,0,0,0
2217,1430,1045,3,18.52,0,0,0
2218,367,309,4,23.98,0,0,0
2219,2458,96,4,32.11,1,1,0
2220,332,709,3,17.33,0,0,0
2221,1714,51,2,23.11,0,0,0
2222,2316,1760,4,25.78,1,0,1
2223,2666,1247,1,14.22,0,0,0
2224,1114,633,1,19.1,1,0,1
2225,1380,1455,2,20.5,0,0,1
2226,644,1278,1,16.82,0,0,0
2227,2599,1383,3,23.23,0,0,0
2228,903,1367,2,18.04,0,0,0
2229,1184,1219,2,18.24,0,0,0
2230,175,1225,1,17.71,0,0,0
2231,2385,1636,3,20.38,0,0,0
2232,464,1703,3,21.63,0,0,1
2233,1361,203,2,13.66,0,0,1
2234,1113,1101,1,11.7,0,0,0
2235,89,333,2,18.86,0,0,0
2236,2625,1432,3,21.37,0,0,0
2237,2279,1637,3,19.58,0,0,0
2238,2917,1343,2,15.12,0,0,0
2239,1702,1108,1,15.16,0,0,0
2240,938,758,2,16.63,0,0,0
2241,2015,1274,1,21.54,1,0,0
2242,2382,1017,2,14.57,1,0,0
2243,2095,394,2,8.41,0,0,0
2244,2599,1383,2,14.12,0,0,0
2245,1527,332,3,20.17,1,0,0
2246,1721,148,4,19.56,0,0,0
2247,1267,1377,2,18.63,0,0,0
2248,2181,1595,2,18.5,0,0,0
2249,1596,30,2,15.0,0,0,1
2250,2891,84,2,16.08,0,0,0
2251,2348,1490,2,27.03,0,0,1
2252,2131,1347,2,19.01,0,0,0
2253,135,134,2,18.62,0,0,0
2254,1872,448,1,16.13,0,0,0
2255,270,1204,3,23.37,0,0,1
2256,1640,121,4,24.28,0,0,0
2257,776,732,3,15.15,0,0,0
2258,679,713,4,20.64,1,0,0
2259,2590,1428,1,20.11,0,0,0
2260,216,1146,2,19.07,0,0,0
2261,2973,1524,4,25.78,0,0,1
2262,866,925,1,21.27,0,0,0
2263,2895,1742,1,10.74,0,0,0
2264,2009,1289,2,17.26,0,0,1
2265,2803,1508,3,22.25,0,0,0
2266,1741,994,1,16.94,0,0,0
2267,94,531,2,14.15,0,0,0
2268,2110,306,1,19.27,0,0,1
2269,947,823,2,21.58,0,0,1
2270,2310,1528,3,20.95,0,0,0
2271,2421,604,2,22.56,1,0,1
2272,546,1573,2,25.46,0,0,1
2273,2245,174,1,15.59,0,0,1
2274,1529,1228,2,20.96,0,0,0
2275,469,102,4,21.39,0,0,1
2276,2298,1015,2,19.99,0,0,1
2277,1388,665,2,19.99,0,0,0
2278,1712,251,4,26.18,0,0,0
2279,2039,321,3,20.44,0,0,0
2280,1082,1517,2,15.71,1,0,0
2281,2381,1291,1,10.97,0,0,0
2282,681,486,2,21.37,0,0,1
2283,2319,202,3,22.67,1,0,0
2284,2765,956,3,19.93,0,0,0
2285,1486,1206,6,29.74,0,1,0
2286,2252,1023,3,18.22,0,0,1
2287,2239,44,1,15.72,1,0,0
2288,1147,965,2,22.41,0,0,0
2289,1412,243,2,20.16,0,0,1
2290,46,85,2,20.14,0,0,1
2291,2520,117,3,19.08,1,0,0
2292,1824,1308,1,15.49,0,0,0
2293,2658,963,2,16.86,0,0,0
2294,125,1146,4,28.12,0,1,0
2295,2170,1509,3,22.4,0,0,0
2296,22,1342,2,13.76,1,0,0
2297,2585,894,2,15.78,0,0,0
2298,2281,1067,3,19.75,0,0,0
2299,108,1441,3,23.12,0,0,0
2300,698,818,3,20.45,1,0,0
2301,2955,973,2,17.09,1,0,0
2302,2071,1022,2,15.95,0,0,0
2303,2920,1376,3,20.4,0,0,0
2304,893,1169,3,19.85,1,0,0
2305,239,875,1,18.11,0,0,1
2306,512,952,2,14.6,0,0,0
2307,695,205,3,23.65,0,0,0
2308,575,986,3,16.83,0,0,0
2309,2810,1652,3,23.54,0,0,0
2310,1588,690,1,9.57,0,0,0
2311,2787,455,4,26.21,0,0,0
2312,1919,431,5,20.24,0,0,0
2313,2989,1348,2,14.88,0,0,0
2314,548,498,1,25.53,0,0,0
2315,2584,1376,4,22.03,0,0,0
2316,625,1559,1,9.34,0,0,0
2317,1074,378,3,21.36,1,0,1
2318,1277,847,1,9.27,0,0,0
2319,50,1586,3,25.38,0,0,1
2320,1694,219,1,19.68,0,0,0
2321,984,543,1,15.24,1,0,1
2322,677,1571,3,21.9,0,0,0
2323,37,1040,3,25.58,0,0,0
2324,1467,944,2,17.64,1,0,0
2325,2700,691,1,14.49,0,0,0
2326,256,931,4,28.14,0,1,0
2327,1080,739,4,24.37,1,0,1
2328,2494,1201,3,16.04,0,0,0
2329,328,1030,1,18.0,0,0,0
2330,103,1186,2,22.04,1,0,1
2331,1295,1467,2,20.59,0,0,1
2332,1212,525,1,21.58,0,0,0
2333,563,1216,5,23.6,1,0,0
2334,1877,372,3,19.74,0,0,0
2335,675,844,4,24.73,0,0,0
2336,2202,163,3,26.88,0,0,0
2337,2713,974,1,15.0,0,0,0
2338,1821,535,6,32.86,0,1,1
2339,1122,611,1,7.11,0,0,0
2340,2351,1559,1,9.1,1,0,0
2341,2133,1566,4,17.15,0,0,1
2342,508,20,1,19.07,0,0,0
2343,886,1050,4,20.64,0,0,0
2344,2598,538,3,17.88,1,0,0
2345,2629,667,2,16.32,0,0,0
2346,2614,729,3,20.63,0,0,0
2347,315,1229,2,15.85,0,0,0
2348,2541,302,2,12.72,0,0,1
2349,2215,194,2,17.19,0,0,1
2350,679,713,3,20.09,0,0,0
2351,1990,1071,2,18.8,0,0,0
2352,957,180,4,24.66,1,0,0
2353,1597,15,3,18.37,0,0,1
2354,2338,1600,2,15.73,0,0,1
2355,1716,1070,3,18.35,1,0,0
2356,1530,1746,3,21.39,0,0,1
2357,1509,551,2,14.62,1,0,1
2358,2717,844,3,24.9,0,0,0
2359,1193,658,2,20.2,0,0,0
2360,2759,514,1,15.3,0,0,0
2361,2227,297,1,19.18,1,0,1
2362,363,152,2,14.76,0,0,0
2363,93,1584,1,11.13,0,0,0
2364,2315,184,3,17.69,0,0,0
2365,363,152,3,17.9,0,0,0
2366,2882,551,1,15.33,0,0,0
2367,1175,1596,2,21.93,0,0,0
2368,2089,946,1,12.37,0,0,0
2369,386,758,2,16.53,0,0,1
2370,970,338,2,19.6,0,0,0
2371,1512,1124,1,10.89,0,0,0
2372,1669,646,2,17.67,0,0,0
2373,2993,1723,3,30.55,0,1,0
2374,34,1505,4,25.5,0,0,0
2375,2191,1457,3,17.36,0,0,0
2376,1680,1436,2,18.85,1,0,0
2377,337,734,2,12.78,0,0,0
2378,1450,1365,1,13.19,0,0,0
2379,517,607,4,23.48,0,0,0
2380,2548,1488,3,19.09,0,0,1
2381,918,1641,3,17.72,0,0,1
2382,687,1687,1,19.26,0,0,0
2383,2075,1113,3,16.9,0,0,0
2384,2695,459,3,20.89,0,0,0
2385,1599,946,2,13.55,0,0,0
2386,1016,1532,2,24.24,0,0,1
2387,883,432,1,18.13,0,0,0
2388,1676,1068,1,10.41,1,0,0
2389,301,1305,5,22.4,0,0,1
2390,156,627,1,9.37,0,0,0
2391,71,242,1,16.63,0,0,0
2392,1043,183,3,17.87,0,0,0
2393,2540,183,2,19.39,0,0,0
2394,2731,1180,1,17.67,0,0,0
2395,2140,569,4,23.59,0,0,0
2396,1636,1655,1,13.1,1,0,0
2397,2313,888,4,20.37,0,0,0
2398,1223,1315,3,26.25,1,0,0
2399,2553,1293,3,26.5,1,0,0
2400,732,1533,2,23.88,0,0,0
2401,1157,1741,1,11.54,0,0,0
2402,669,1772,1,22.23,0,0,0
2403,1972,377,2,16.55,0,0,1
2404,720,123,4,21.0,1,0,1
2405,1620,1687,3,20.75,0,0,0
2406,578,793,3,22.01,0,0,0
2407,530,1504,2,19.82,0,0,0
2408,2040,1387,1,17.41,0,0,1
2409,1986,1336,1,14.88,1,0,0
2410,2771,718,1,16.56,0,0,0
2411,1665,1515,2,17.66,0,0,0
2412,2444,413,3,19.85,0,0,0
2413,2763,212,2,14.59,0,0,0
2414,2139,235,2,21.55,0,0,0
2415,438,1645,1,21.31,0,0,0
2416,630,828,2,17.19,0,0,1
2417,1179,1285,4,17.73,0,0,1
2418,686,36,2,23.85,0,0,0
2419,1089,1415,2,19.73,0,0,0
2420,157,859,4,28.66,0,1,1
2421,2627,1719,2,16.28,1,0,0
2422,1362,720,2,23.91,0,0,0
2423,2107,779,2,20.99,0,0,0
2424,476,1331,4,20.54,0,0,1
2425,2063,1493,3,13.83,0,0,0
2426,49,1704,3,21.76,0,0,0
2427,1127,1480,1,14.31,0,0,1
2428,1382,139,1,12.09,0,0,0
2429,1973,58,2,21.05,0,0,1
2430,2690,1540,2,14.38,0,0,0
2431,809,810,3,18.28,1,0,1
2432,1562,402,1,15.42,0,0,0
2433,78,795,2,13.47,0,0,0
2434,1974,904,2,19.47,0,0,1
2435,982,198,2,14.99,0,0,0
2436,2097,1307,2,14.71,0,0,1
2437,2912,108,2,12.68,0,0,0
2438,2734,7,1,17.37,0,0,0
2439,2581,254,3,25.24,0,0,1
2440,1725,859,2,16.92,0,0,0
2441,1230,304,1,8.2,0,0,0
2442,864,42,4,22.5,0,0,1
2443,169,881,2,20.97,0,0,0
2444,1911,100,2,13.92,0,0,0
2445,645,311,3,19.44,0,0,0
2446,2228,363,2,13.0,0,0,0
2447,2146,1005,2,21.34,0,0,0
2448,1584,692,3,19.05,0,0,0
2449,1338,107,4,22.62,0,0,0
2450,2913,775,1,12.03,0,0,0
2451,2035,1568,3,27.93,0,0,0
2452,2858,759,2,18.03,0,0,1
2453,1519,58,3,23.19,0,0,0
2454,2867,1009,2,14.74,0,0,0
2455,2790,860,4,19.94,0,0,0
2456,1408,1726,3,25.99,0,0,0
2457,1783,681,2,18.37,0,0,0
2458,1845,717,2,22.39,0,0,1
2459,2706,1050,2,18.11,0,0,0
2460,1230,304,4,31.43,0,1,0
2461,717,227,2,16.64,0,0,1
2462,1782,1335,1,17.06,1,0,0
2463,392,210,2,17.7,0,0,1
2464,1404,659,1,11.99,0,0,0
2465,92,35,2,16.85,0,0,0
2466,1905,26,2,14.79,0,0,0
2467,149,1325,1,15.24,0,0,0
2468,33,583,3,19.15,0,0,0
2469,491,546,2,19.31,0,0,0
2470,76,370,2,16.41,0,0,0
2471,863,917,2,19.11,1,0,0
2472,1883,1538,1,21.53,0,0,0
2473,2969,1092,2,14.28,1,0,0
2474,1323,483,2,23.91,0,0,0
2475,1763,979,1,17.26,0,0,0
2476,268,34,2,20.89,0,0,0
2477,692,1031,1,11.18,1,0,0
2478,1616,71,5,31.58,0,1,0
2479,1610,324,2,19.17,0,0,1
2480,2978,1429,1,19.25,0,0,0
2481,995,579,1,17.14,0,0,1
2482,2998,1786,2,24.77,1,0,0
2483,664,1611,2,17.51,0,0,0
2484,484,831,2,17.77,0,0,0
2485,835,598,2,15.26,0,0,0
2486,103,1186,3,21.39,1,0,0
2487,1530,1746,1,15.77,0,0,0
2488,714,1438,2,19.11,0,0,1
2489,2387,342,2,15.9,0,0,0
2490,137,322,1,15.61,1,0,0
2491,1048,61,2,17.52,1,0,1
2492,1149,691,3,25.47,0,0,1
2493,1788,1164,1,13.22,0,0,0
2494,936,1571,1,14.26,0,0,0
2495,1093,1189,1,22.16,0,0,0
2496,1092,1037,3,23.03,0,0,1
2497,2830,1724,4,20.97,0,0,0
2498,2800,1542,2,15.49,0,0,1
2499,703,1013,3,16.53,0,0,0
2500,1575,306,2,18.88,0,0,0
2501,343,1578,5,28.54,1,1,0
2502,2113,1668,3,19.46,0,0,0
2503,924,460,1,18.46,0,0,1
2504,743,216,1,17.03,0,0,0
2505,428,1719,1,20.15,0,0,1
2506,1511,808,1,7.44,1,0,0
2507,1669,646,1,16.63,0,0,1
2508,166,661,3,21.02,1,0,0
2509,1169,870,2,14.85,0,0,0
2510,885,552,2,14.2,0,0,1
2511,2935,1233,2,17.07,0,0,0
2512,671,1214,2,19.32,1,0,0
2513,2521,562,1,16.8,0,0,0
2514,1880,1035,2,14.99,0,0,0
2515,866,925,2,12.8,0,0,0
2516,1480,370,2,21.75,1,0,0
2517,2636,362,3,18.91,0,0,0
2518,2058,1655,3,9.53,1,0,0
2519,2400,472,1,8.95,0,0,0
2520,1213,1017,2,12.63,0,0,0
2521,1528,1028,3,23.19,0,0,1
2522,634,1433,1,19.81,0,0,1
2523,1000,419,3,21.47,0,0,0
2524,416,1628,3,16.71,0,0,0
2525,2934,1567,4,23.68,0,0,1
2526,42,1223,2,15.73,0,0,0
2527,1357,1427,2,19.79,1,0,0
2528,859,189,2,18.4,0,0,0
2529,2285,1700,3,20.96,0,0,1
2530,102,1070,2,19.51,0,0,1
2531,1436,1782,2,19.36,0,0,0
2532,133,1473,1,11.49,0,0,0
2533,1715,1039,5,20.95,0,0,0
2534,2508,557,2,18.72,0,0,0
2535,2922,27,3,23.73,0,0,0
2536,2049,727,1,13.09,0,0,1
2537,2947,1578,2,22.57,0,0,0
2538,1415,995,3,17.22,0,0,0
2539,1085,561,1,12.36,0,0,0
2540,378,1612,4,20.76,0,0,1
2541,2472,745,2,22.48,1,0,0
2542,2409,852,5,26.71,1,0,0
2543,1601,499,2,15.59,0,0,1
2544,2613,755,3,12.17,0,0,0
2545,2509,1753,2,16.47,0,0,0
2546,321,1541,2,17.14,0,0,0
2547,2102,174,4,24.87,1,0,0
2548,89,333,1,17.03,0,0,0
2549,1652,49,2,18.37,0,0,0
2550,1871,1769,3,22.91,0,0,0
2551,1397,1780,3,19.32,0,0,0
2552,2211,698,2,17.33,0,0,0
2553,2594,431,2,20.27,0,0,1
2554,1982,432,3,22.76,0,0,0
2555,2214,1061,3,25.89,0,0,0
2556,1804,336,1,17.84,0,0,0
2557,46,85,4,26.46,1,0,0
2558,33,583,1,18.65,0,0,0
2559,1217,189,4,24.22,0,0,0
2560,88,1071,2,11.57,0,0,0
2561,2888,1387,2,15.24,0,0,0
2562,1722,953,1,9.22,0,0,1
2563,432,386,4,19.41,1,0,0
2564,2360,711,1,12.95,0,0,1
2565,2369,335,3,15.49,0,0,1
2566,1316,886,2,19.3,1,0,1
2567,1976,90,2,22.28,0,0,0
2568,761,294,2,19.35,0,0,0
2569,2657,819,3,31.72,1,1,1
2570,1770,1209,1,18.74,0,0,0
2571,2691,122,3,23.19,0,0,0
2572,456,580,1,18.56,0,0,1
2573,1037,152,1,27.21,1,0,0
2574,1549,1463,1,16.57,0,0,0
2575,1369,1198,2,20.46,0,0,0
2576,651,1265,2,20.57,1,0,0
2577,1049,662,3,17.78,0,0,0
2578,1078,445,4,26.09,0,0,0
2579,886,1050,5,22.3,1,0,0
2580,2278,1590,3,26.44,0,0,1
2581,2840,97,2,19.23,0,0,0
2582,1672,1158,4,15.7,1,0,0
2583,2489,689,3,20.17,1,0,1
2584,2620,437,2,17.94,0,0,0
2585,2905,1342,2,14.07,0,0,1
2586,2967,591,3,15.43,0,0,0
2587,2709,1796,2,21.38,0,0,0
2588,1353,782,1,27.49,0,0,0
2589,1,718,2,17.9,0,0,1
2590,2154,1703,2,21.55,0,0,0
2591,2900,1324,4,28.51,0,1,0
2592,521,697,3,20.76,0,0,0
2593,1369,1198,3,18.7,0,0,0
2594,2760,1395,1,14.35,0,0,0
2595,2326,534,1,18.57,0,0,0
2596,1089,1415,4,22.5,0,0,0
2597,2719,513,2,13.58,1,0,1
2598,1647,1237,3,21.04,1,0,1
2599,2848,997,4,20.67,0,0,1
2600,1510,1403,3,8.87,0,0,0
2601,2346,1026,2,14.71,0,0,1
2602,230,19,1,16.89,1,0,0
2603,378,1612,1,11.83,0,0,0
2604,789,27,1,14.31,0,0,1
2605,2507,480,1,11.78,0,0,1
2606,2146,1005,2,19.92,0,0,0
2607,2916,1208,3,18.31,0,0,0
2608,1755,417,1,18.2,0,0,0
2609,2904,366,3,23.02,0,0,0
2610,2557,1555,1,17.28,0,0,0
2611,2761,61,1,17.28,0,0,0
2612,1012,809,2,24.39,0,0,0
2613,109,66,2,19.01,0,0,0
2614,863,917,4,23.99,0,0,0
2615,108,1441,2,28.66,0,1,0
2616,1253,809,2,24.66,0,0,0
2617,252,39,2,22.88,0,0,0
2618,238,1187,2,23.34,1,0,0
2619,2816,71,1,14.29,0,0,0
2620,1573,601,2,18.85,0,0,1
2621,2693,644,3,25.99,0,0,0
2622,1244,91,4,21.86,0,0,0
2623,1726,57,1,10.87,1,0,0
2624,1115,756,3,19.69,0,0,0
2625,1999,122,2,24.0,0,0,0
2626,2251,229,1,14.48,0,0,0
2627,1615,816,3,17.56,0,0,0
2628,2213,780,3,23.06,1,0,0
2629,2731,1180,1,13.85,0,0,0
2630,498,1627,3,30.84,0,1,0
2631,1793,292,2,23.64,1,0,1
2632,2646,1628,2,15.46,0,0,0
2633,467,401,1,12.61,0,0,0
2634,1584,692,2,17.24,0,0,1
2635,2941,735,3,19.82,1,0,0
2636,2123,504,4,22.71,0,0,0
2637,1523,121,4,20.34,0,0,0
2638,2570,874,4,22.91,0,0,0
2639,1193,658,2,20.54,1,0,0
2640,1478,922,3,21.3,0,0,0
2641,415,1381,2,23.58,0,0,0
2642,2624,1588,1,20.6,0,0,0
2643,2243,1175,2,21.23,1,0,0
2644,2028,642,2,14.01,0,0,0
2645,2520,117,3,18.64,0,0,1
2646,1859,1239,4,16.69,0,0,0
2647,519,623,3,19.66,1,0,0
2648,2423,1081,4,19.89,0,0,0
2649,2369,335,2,17.2,1,0,0
2650,2788,1362,1,14.42,0,0,0
2651,1691,1558,2,21.43,1,0,1
2652,1777,439,1,15.82,1,0,0
2653,469,102,2,13.37,1,0,1
2654,441,1409,3,19.15,1,0,0
2655,69,430,1,18.94,0,0,1
2656,2766,1613,2,12.87,1,0,1
2657,1941,630,3,16.56,0,0,1
2658,1916,360,2,18.44,0,0,0
2659,1840,1062,1,9.02,0,0,0
2660,1487,1709,4,23.67,0,0,1
2661,589,589,1,21.68,0,0,1
2662,1129,1681,3,25.66,0,0,0
2663,2337,311,2,18.49,0,0,0
2664,599,1457,2,10.66,0,0,0
2665,753,1504,3,22.97,0,0,0
2666,712,163,3,24.97,0,0,0
2667,206,1533,1,12.83,1,0,0
2668,2294,83,2,18.23,1,0,0
2669,747,1632,2,20.67,0,0,0
2670,131,978,2,19.41,1,0,0
2671,2225,988,1,16.66,0,0,0
2672,324,1208,4,29.38,0,1,0
2673,236,779,2,13.33,0,0,1
2674,2309,46,2,22.21,1,0,0
2675,2141,1622,5,18.61,0,0,0
2676,1408,1726,1,21.46,0,0,0
2677,1881,409,2,20.85,0,0,1
2678,2633,1118,3,15.81,1,0,0
2679,1642,1694,3,18.64,1,0,0
2680,2075,1113,1,18.38,0,0,1
2681,2877,838,2,22.74,1,0,0
2682,2626,438,1,12.14,0,0,0
2683,331,1759,1,22.09,0,0,0
2684,1844,205,4,31.9,0,1,0
2685,1857,539,2,16.23,0,0,0
2686,2040,1387,2,17.68,0,0,1
2687,2553,1293,4,17.61,0,0,0
2688,2567,1559,2,21.13,0,0,0
2689,727,1016,2,15.93,0,0,0
2690,2843,780,2,22.43,0,0,0
2691,104,1485,3,14.66,0,0,0
2692,133,1473,3,15.22,0,0,1
2693,1437,715,1,17.45,0,0,0
2694,2609,559,1,12.89,0,0,0
2695,203,1692,3,16.33,1,0,1
2696,2327,231,2,20.98,0,0,1
2697,157,859,1,17.31,0,0,1
2698,2261,791,1,9.64,1,0,1
2699,62,1174,1,14.67,0,0,0
2700,2224,286,4,19.1,0,0,0
2701,2663,1078,1,15.86,0,0,0
2702,2244,45,4,20.62,0,0,0
2703,558,1418,3,17.53,0,0,0
2704,519,623,2,15.67,1,0,1
2705,2663,1078,2,19.97,0,0,0
2706,227,1245,3,24.84,0,0,0
2707,985,1313,4,26.83,0,0,0
2708,20,1241,3,21.15,0,0,1
2709,1863,1087,3,17.3,0,0,0
2710,2954,585,3,17.88,0,0,0
2711,412,912,1,21.46,0,0,0
2712,2620,437,3,15.31,0,0,0
2713,2568,641,3,20.02,0,0,0
2714,1954,229,1,19.51,1,0,0
2715,1881,409,3,18.93,1,0,0
2716,2166,486,5,29.15,1,1,0
2717,1507,1171,1,29.24,0,1,0
2718,1553,1357,5,24.86,0,0,0
2719,2541,302,2,16.63,0,0,1
2720,7,33,3,19.72,0,0,1
2721,2665,62,2,16.2,1,0,0
2722,1378,1322,3,17.07,0,0,0
2723,2935,1233,2,16.5,0,0,0
2724,1322,1291,1,12.89,0,0,0
2725,702,116,1,16.25,0,0,0
2726,227,1245,1,18.43,0,0,0
2727,2679,890,1,19.3,0,0,0
2728,532,1093,2,18.6,1,0,1
2729,2170,1509,1,18.49,0,0,0
2730,458,1669,3,28.29,0,1,0
2731,1390,368,1,8.01,1,0,0
2732,1293,115,4,22.35,1,0,0
2733,687,1687,3,24.16,0,0,0
2734,1089,1415,2,28.5,0,1,1
2735,1884,1642,3,18.97,0,0,0
2736,1001,684,1,11.7,0,0,0
2737,1297,1077,2,15.24,0,0,1
2738,1934,1463,3,17.33,0,0,0
2739,652,58,4,22.16,0,0,0
2740,2518,350,3,20.02,0,0,0
2741,2987,1041,5,24.91,1,0,0
2742,1975,1095,3,21.18,1,0,1
2743,1501,383,1,14.19,0,0,0
2744,1964,8,1,16.72,1,0,0
2745,575,986,3,20.1,0,0,0
2746,2597,1623,3,15.62,0,0,0
2747,1067,5,3,14.22,0,0,0
2748,2782,1687,3,22.38,0,0,0
2749,2115,1631,3,19.94,1,0,0
2750,1351,1452,4,24.12,0,0,0
2751,877,171,2,17.53,1,0,0
2752,815,555,4,22.14,0,0,1
2753,2769,1751,4,24.73,1,0,0
2754,1170,666,1,14.26,1,0,0
2755,2679,890,3,18.38,1,0,0
2756,592,1560,2,23.6,0,0,0
2757,1957,43,2,12.16,0,0,0
2758,2725,1136,1,15.01,0,0,1
2759,2231,863,4,20.73,0,0,0
2760,1039,1107,2,16.56,0,0,0
2761,1213,1017,2,14.12,1,0,0
2762,2260,968,2,13.6,0,0,0
2763,6,1520,2,21.54,0,0,1
2764,2998,1786,2,11.67,0,0,0
2765,1006,600,2,12.22,0,0,0
2766,1021,902,5,22.31,0,0,1
2767,2120,41,3,22.11,0,0,0
2768,2855,528,2,22.14,0,0,1
2769,398,1702,3,20.91,0,0,0
2770,410,1434,3,20.1,1,0,1
2771,1328,1481,3,15.37,1,0,0
2772,2270,1042,2,21.4,0,0,0
2773,1731,323,2,20.67,0,0,0
2774,2460,626,4,18.8,1,0,0
2775,1295,1467,4,19.36,0,0,0
2776,2341,352,2,18.47,0,0,0
2777,467,401,2,22.82,0,0,0
2778,2989,1348,3,22.71,0,0,0
2779,130,322,2,23.07,0,0,0
2780,25,1191,1,14.35,0,0,0
2781,220,694,2,15.8,0,0,0
2782,1043,183,3,18.94,1,0,0
2783,2495,919,2,16.8,1,0,0
2784,668,918,3,30.05,0,1,0
2785,628,496,2,18.94,1,0,1
2786,1552,295,3,19.11,0,0,1
2787,70,224,2,17.1,0,0,0
2788,2461,107,2,21.51,1,0,0
2789,1552,295,2,20.53,0,0,0
2790,2596,782,3,20.74,0,0,1
2791,990,693,3,24.79,0,0,0
2792,2971,318,4,20.03,0,0,0
2793,605,184,3,18.03,1,0,1
2794,1197,1462,3,16.37,0,0,0
2795,426,450,3,19.9,0,0,0
2796,1902,1283,3,19.24,1,0,1
2797,2758,1149,2,21.42,1,0,0
2798,569,1337,2,20.22,0,0,0
2799,2138,1374,3,21.94,0,0,1
2800,818,993,1,11.92,1,0,0
2801,2773,83,4,21.55,0,0,0
2802,2357,1161,2,14.91,0,0,0
2803,2320,1648,4,18.76,0,0,0
2804,154,1360,4,22.22,0,0,1
2805,1062,665,1,15.54,0,0,0
2806,2341,352,2,15.66,0,0,0
2807,544,70,1,5.89,0,0,0
2808,2091,492,1,11.5,0,0,0
2809,739,119,2,19.46,0,0,0
2810,2356,1172,4,20.98,0,0,0
2811,1781,379,1,20.06,0,0,1
2812,2645,521,5,27.74,0,0,0
2813,2769,1751,2,20.76,1,0,1
2814,1649,1064,1,17.8,1,0,0
2815,577,1205,2,11.92,0,0,0
2816,546,1573,3,22.97,0,0,0
2817,818,993,3,25.97,0,0,1
2818,371,471,1,18.22,0,0,1
2819,2221,691,3,25.7,1,0,0
2820,1908,1226,1,24.91,1,0,0
2821,1638,853,3,19.09,0,0,0
2822,2710,212,4,26.09,0,0,0
2823,2997,1610,2,15.5,0,0,0
2824,2741,855,3,18.32,0,0,0
2825,222,1765,6,28.25,0,1,1
2826,696,77,1,7.72,0,0,0
2827,881,855,5,23.64,1,0,0
2828,2093,1014,1,18.22,0,0,0
2829,2831,103,2,22.43,0,0,0
2830,495,735,2,15.09,0,0,0
2831,194,344,2,14.05,0,0,0
2832,485,543,2,10.51,0,0,0
2833,2318,765,2,14.45,0,0,0
2834,1939,545,3,20.15,0,0,0
2835,2625,1432,3,18.61,0,0,0
2836,1702,1108,2,15.27,0,0,1
2837,410,1434,2,18.26,0,0,0
2838,1370,514,2,21.68,0,0,0
2839,132,140,2,14.84,0,0,0
2840,1095,869,3,20.17,0,0,0
2841,2179,1765,2,18.74,1,0,0
2842,1425,1569,1,13.68,0,0,0
2843,1768,290,2,15.21,0,0,0
2844,2207,1381,3,19.57,0,0,1
2845,2612,1551,3,20.52,0,0,1
2846,654,1001,5,25.34,1,0,1
2847,2486,870,3,11.72,0,0,1
2848,2331,250,3,19.98,0,0,0
2849,1130,843,1,18.33,0,0,0
2850,2551,961,2,21.93,0,0,0
2851,1710,786,1,20.0,0,0,1
2852,573,544,6,25.55,1,0,0
2853,1169,870,2,22.37,0,0,0
2854,672,667,2,15.9,0,0,1
2855,658,1327,1,14.1,0,0,0
2856,434,434,1,23.09,0,0,0
2857,898,1087,4,18.4,1,0,1
2858,1208,487,1,11.86,0,0,0
2859,88,1071,1,14.13,0,0,0
2860,259,378,2,28.94,0,1,0
2861,2408,772,6,27.87,0,0,0
2862,1538,512,2,24.11,0,0,0
2863,2494,1201,2,17.09,0,0,0
2864,878,685,4,24.48,0,0,0
2865,2015,1274,1,19.73,0,0,1
2866,1017,1140,3,13.0,1,0,0
2867,2212,765,1,16.15,0,0,0
2868,817,139,3,24.98,0,0,0
2869,153,1390,3,18.86,0,0,0
2870,2720,410,3,22.02,0,0,0
2871,2679,890,3,14.9,0,0,0
2872,267,455,1,17.5,1,0,0
2873,778,1713,4,21.21,0,0,0
2874,2367,952,1,18.48,0,0,0
2875,200,950,1,12.76,0,0,0
2876,2176,1082,5,25.45,0,0,0
2877,253,192,6,25.75,0,0,0
2878,2042,1578,5,22.98,0,0,1
2879,883,432,2,15.85,0,0,0
2880,2984,245,2,15.34,0,0,0
2881,1669,646,2,20.27,0,0,0
2882,223,1475,3,23.19,1,0,1
2883,13,653,3,23.51,0,0,0
2884,1055,1405,2,20.24,1,0,0
2885,491,546,1,12.08,0,0,0
2886,121,864,4,21.02,0,0,1
2887,1828,426,4,22.84,0,0,0
2888,2493,345,2,19.21,0,0,1
2889,673,1572,1,14.75,0,0,0
2890,1796,323,2,14.81,0,0,0
2891,827,1681,2,17.88,0,0,0
2892,1426,486,3,18.69,1,0,1
2893,303,567,3,17.16,0,0,0
2894,711,954,2,16.41,0,0,0
2895,2953,75,1,20.11,0,0,0
2896,2812,95,4,23.47,0,0,0
2897,1168,934,1,11.54,0,0,1
2898,1691,1558,4,17.11,0,0,1
2899,573,544,3,20.11,1,0,0
2900,502,153,3,28.64,0,1,1
2901,302,757,1,15.26,0,0,1
2902,1583,1287,1,21.01,0,0,0
2903,1943,1425,3,18.32,0,0,1
2904,1801,1481,2,14.49,1,0,0
2905,2923,218,2,19.9,0,0,0
2906,2752,1768,1,9.75,0,0,1
2907,2714,400,2,14.87,0,0,0
2908,980,231,3,26.22,1,0,1
2909,670,937,4,19.51,0,0,0
2910,2471,1112,2,20.43,0,0,1
2911,2732,1783,3,18.19,0,0,0
2912,472,784,2,10.69,0,0,0
2913,1606,245,1,10.54,0,0,0
2914,1564,673,1,7.72,0,0,0
2915,227,1245,2,15.17,0,0,0
2916,2465,332,1,12.57,0,0,0
2917,2197,1131,1,19.98,0,0,0
2918,2735,712,2,22.89,0,0,0
2919,1156,908,1,11.58,1,0,0
2920,2769,1751,2,24.12,0,0,0
2921,2837,1736,1,14.6,0,0,0
2922,1899,1173,4,22.61,0,0,0
2923,1348,1651,2,19.84,0,0,0
2924,1530,1746,1,13.08,0,0,1
2925,504,270,2,20.97,0,0,0
2926,201,1262,2,15.34,0,0,0
2927,893,1169,4,20.72,0,0,0
2928,600,329,1,9.65,0,0,1
2929,821,907,4,29.17,1,1,0
2930,848,908,3,22.63,0,0,0
2931,889,976,1,12.67,0,0,0
2932,1323,483,1,16.0,0,0,0
2933,1929,1254,1,16.71,0,0,1
2934,1086,1664,3,14.57,0,0,0
2935,257,1318,1,15.56,0,0,0
2936,979,1421,1,18.36,0,0,1
2937,1213,1017,3,17.72,0,0,1
2938,1502,1013,4,28.11,0,1,0
2939,549,342,3,21.05,0,0,1
2940,2507,480,1,12.99,0,0,0
2941,2574,1367,2,13.23,1,0,0
2942,1594,786,1,12.75,0,0,1
2943,2270,1042,3,21.51,0,0,1
2944,1213,1017,2,16.86,0,0,0
2945,2516,1089,3,20.91,0,0,0
2946,275,946,2,22.94,0,0,1
2947,2825,371,1,8.94,0,0,1
2948,499,184,3,23.88,1,0,0
2949,1951,200,2,15.86,1,0,0
2950,231,151,3,32.6,0,1,0
2951,239,875,3,21.22,0,0,1
2952,805,1047,4,22.55,0,0,0
2953,1046,395,2,17.19,1,0,0
2954,656,1793,1,11.48,0,0,0
2955,313,1491,3,26.39,0,0,0
2956,450,403,2,22.48,0,0,0
2957,1164,1659,3,23.37,0,0,0
2958,2695,459,2,22.04,0,0,0
2959,1704,36,2,24.47,0,0,0
2960,542,230,2,18.34,0,0,0
2961,2046,544,2,12.92,0,0,0
2962,2590,1428,2,17.19,0,0,0
2963,2429,1513,1,13.03,0,0,0
2964,1071,1238,1,14.69,0,0,1
2965,627,1372,2,19.94,0,0,1
2966,127,189,1,11.44,0,0,0
2967,1910,1329,2,17.67,0,0,0
2968,2868,804,1,15.76,0,0,0
2969,1725,859,1,15.49,0,0,1
2970,2647,898,3,21.42,0,0,0
2971,287,1491,1,10.66,1,0,0
2972,2783,401,1,12.02,0,0,1
2973,613,164,3,19.62,0,0,0
2974,2505,1385,1,14.74,0,0,1
2975,1901,1361,2,10.2,0,0,0
2976,249,257,2,18.77,0,0,0
2977,903,1367,3,22.57,0,0,0
2978,1984,1026,4,22.32,0,0,0
2979,921,1716,2,18.29,0,0,0
2980,1436,1782,2,21.4,0,0,0
2981,1654,348,2,12.08,0,0,1
2982,1312,1621,1,23.16,1,0,1
2983,2203,1100,2,22.69,0,0,0
2984,211,1104,1,13.83,0,0,0
2985,1718,1254,2,24.0,0,0,1
2986,2945,209,2,16.64,0,0,0
2987,2133,1566,1,17.8,0,0,0
2988,2070,278,4,21.59,0,0,0
2989,2240,140,1,20.68,0,0,0
2990,441,1409,2,19.41,1,0,0
2991,888,1582,3,22.48,0,0,0
2992,2651,867,1,18.7,0,0,0
2993,1223,1315,2,21.29,1,0,0
2994,1047,468,1,10.11,0,0,0
2995,878,685,5,24.94,0,0,0
2996,2410,1310,2,16.8,0,0,0
2997,623,1578,4,23.89,0,0,0
2998,2364,722,3,15.16,0,0,0
2999,359,402,2,19.7,1,0,0
3000,618,1694,2,17.68,0,0,1
3001,30,1416,3,21.08,0,0,0
3002,2139,235,1,12.57,0,0,1
3003,2455,1173,1,11.45,0,0,1
3004,2563,953,3,17.08,0,0,0
3005,2034,280,3,20.43,0,0,0
3006,1648,29,2,15.02,0,0,0
3007,1236,707,4,19.38,0,0,1
3008,461,617,3,20.29,1,0,0
3009,794,417,1,19.51,0,0,1
3010,2450,787,3,26.86,0,0,0
3011,407,9,3,15.29,1,0,0
3012,408,1321,3,21.51,0,0,1
3013,2982,1202,4,17.56,0,0,1
3014,697,31,2,15.17,0,0,0
3015,1494,156,2,22.58,0,0,1
3016,1652,49,2,24.95,0,0,0
3017,1484,1011,3,17.86,1,0,1
3018,1539,792,4,20.46,0,0,0
3019,2061,463,2,19.31,0,0,0
3020,2842,1666,4,23.54,1,0,0
3021,1371,1700,5,25.74,0,0,0
3022,2477,1333,1,15.96,0,0,0
3023,2534,1714,2,13.36,0,0,0
3024,2991,1664,1,19.32,0,0,0
3025,1935,380,1,16.77,0,0,0
3026,2889,1774,5,31.78,1,1,0
3027,1347,1586,2,19.33,1,0,1
3028,2580,682,1,14.65,0,0,0
3029,983,1408,4,24.65,0,0,1
3030,2994,729,3,15.46,0,0,0
3031,1257,805,5,30.77,1,1,0
3032,1459,1347,4,18.55,0,0,0
3033,2837,1736,1,19.62,1,0,1
3034,1000,419,3,19.24,0,0,0
3035,112,1537,1,17.35,0,0,0
3036,2167,238,3,16.75,0,0,0
3037,372,1285,3,18.35,1,0,0
3038,592,1560,2,21.19,0,0,0
3039,2780,883,3,20.95,0,0,0
3040,1041,1304,2,16.32,0,0,0
3041,490,200,2,23.15,0,0,0
3042,1627,1366,2,18.35,1,0,1
3043,1875,863,5,23.69,0,0,1
3044,2436,1477,1,11.46,0,0,0
3045,2212,765,1,17.7,0,0,0
3046,1758,1560,1,19.91,0,0,0
3047,82,313,3,17.03,0,0,1
3048,1830,1152,2,15.2,0,0,0
3049,1014,1310,1,10.93,0,0,0
3050,720,123,3,16.7,1,0,1
3051,1617,1461,4,21.04,0,0,0
3052,1475,1498,2,17.51,0,0,0
3053,2666,1247,1,10.81,1,0,0
3054,787,211,4,26.38,0,0,1
3055,2116,493,4,26.82,0,0,0
3056,1087,487,3,14.29,0,0,0
3057,1780,334,2,18.61,0,0,1
3058,874,1701,5,25.51,0,0,1
3059,1500,359,4,20.26,1,0,1
3060,1796,323,4,32.35,0,1,0
3061,1558,1388,2,11.96,0,0,1
3062,1187,1567,3,16.82,0,0,0
3063,1811,1232,1,15.38,0,0,0
3064,1309,28,2,19.4,0,0,0
3065,1688,1648,3,19.94,0,0,0
3066,2138,1374,3,20.01,0,0,0
3067,1559,1554,1,16.72,0,0,0
3068,2446,228,1,20.51,0,0,0
3069,584,151,2,22.8,1,0,0
3070,2802,1634,2,15.06,0,0,0
3071,2339,1528,2,16.29,0,0,0
3072,211,1104,2,12.8,0,0,0
3073,1168,934,1,16.66,0,0,0
3074,790,482,2,18.2,0,0,0
3075,1891,1474,1,22.26,0,0,0
3076,2053,204,1,16.9,0,0,0
3077,35,670,2,16.63,0,0,0
3078,1058,454,4,17.44,0,0,0
3079,2950,1430,1,20.29,0,0,1
3080,2941,735,2,13.79,0,0,0
3081,2784,1213,3,25.59,0,0,0
3082,222,1765,4,26.08,1,0,1
3083,1132,61,1,21.09,0,0,0
3084,977,846,4,23.81,0,0,0
3085,1732,1673,2,16.42,0,0,1
3086,2531,622,2,13.84,1,0,0
3087,2925,20,2,19.42,0,0,1
3088,2543,1665,1,17.63,0,0,0
3089,2131,1347,3,23.69,0,0,0
3090,2635,1738,1,12.06,0,0,1
3091,1659,1095,3,15.24,0,0,0
3092,2152,634,3,22.59,0,0,0
3093,72,1341,4,22.51,0,0,0
3094,2261,791,1,16.62,0,0,0
3095,922,1086,2,17.2,0,0,1
3096,698,818,2,22.72,0,0,1
3097,1809,620,1,12.51,0,0,0
3098,1139,1777,1,19.02,0,0,0
3099,2558,879,1,14.62,0,0,0
3100,1071,1238,2,19.12,0,0,0
3101,2269,779,5,23.15,0,0,0
3102,2611,351,1,17.93,0,0,0
3103,92,35,2,18.48,1,0,0
3104,1189,1130,1,19.67,0,0,0
3105,206,1533,3,18.34,0,0,0
3106,1733,277,2,28.86,0,1,1
3107,2614,729,3,18.81,0,0,1
3108,1343,848,3,24.07,0,0,0
3109,366,1422,1,11.47,0,0,1
3110,303,567,2,19.01,0,0,0
3111,2803,1508,2,19.47,0,0,1
3112,1662,1242,1,14.36,0,0,0
3113,255,156,5,23.98,0,0,0
3114,2126,519,2,18.88,0,0,0
3115,2737,1414,2,16.98,0,0,0
3116,2284,1251,2,26.31,0,0,0
3117,1034,1284,3,26.34,0,0,0
3118,1740,743,2,14.71,0,0,0
3119,440,417,2,26.11,0,0,0
3120,1979,671,2,24.84,0,0,0
3121,731,1037,2,15.67,0,0,0
3122,1235,1281,1,16.46,0,0,0
3123,2413,642,3,22.28,0,0,0
3124,1791,1763,2,16.88,0,0,0
3125,1869,89,1,20.9,0,0,0
3126,2006,517,3,21.74,0,0,0
3127,1011,606,3,18.69,0,0,1
3128,1378,1322,3,16.32,0,0,0
3129,2703,244,5,24.91,0,0,1
3130,746,1765,3,16.0,0,0,1
3131,2244,45,1,14.6,1,0,0
3132,1431,1166,2,16.95,0,0,0
3133,1268,1416,3,17.86,0,0,0
3134,1562,402,2,12.18,0,0,0
3135,2755,1116,3,19.78,0,0,0
3136,337,734,1,17.76,0,0,0
3137,1022,826,6,25.59,1,0,1
3138,63,1600,2,13.29,0,0,1
3139,572,1691,3,20.12,0,0,0
3140,1817,1365,1,16.3,0,0,0
3141,738,391,2,13.44,0,0,0
3142,2591,774,2,18.48,0,0,0
3143,1219,522,3,9.06,0,0,1
3144,1181,1384,4,27.09,0,0,0
3145,522,505,2,19.08,0,0,0
3146,1090,1628,3,20.18,0,0,0
3147,842,440,4,19.04,0,0,1
3148,1495,623,2,16.82,0,0,0
3149,706,1365,2,12.68,1,0,0
3150,336,1608,4,23.02,0,0,0
3151,2935,1233,4,21.86,0,0,0
3152,2068,305,4,20.77,1,0,0
3153,2135,726,1,20.85,0,0,0
3154,2249,1173,2,19.24,0,0,0
3155,2757,516,2,19.44,0,0,0
3156,2374,1283,1,13.62,0,0,0
3157,183,1603,1,14.52,0,0,0
3158,344,61,1,16.63,0,0,0
3159,2071,1022,2,15.26,1,0,0
3160,1551,844,3,22.37,0,0,0
3161,2119,593,2,16.09,1,0,0
3162,2578,908,3,20.89,0,0,0
3163,887,990,1,23.41,0,0,1
3164,172,1269,1,17.69,0,0,1
3165,2054,1775,1,14.69,0,0,0
3166,45,1736,1,16.98,0,0,0
3167,925,1220,1,14.07,0,0,0
3168,2254,1751,3,21.76,1,0,1
3169,867,1433,1,18.5,0,0,0
3170,2533,718,1,13.41,0,0,0
3171,1378,1322,4,17.61,1,0,0
3172,450,403,3,19.06,0,0,0
3173,402,835,2,21.84,1,0,0
3174,990,693,1,13.93,0,0,0
3175,283,837,3,25.22,0,0,1
3176,1793,292,3,24.94,1,0,0
3177,1359,405,4,22.21,0,0,0
3178,1183,1698,2,17.22,1,0,1
3179,580,1202,2,18.82,0,0,0
3180,2631,560,4,29.05,1,1,0
3181,2822,598,4,23.02,1,0,0
3182,2778,160,2,14.78,0,0,0
3183,1436,1782,4,20.04,1,0,0
3184,1656,915,1,7.06,0,0,0
3185,2989,1348,3,15.8,0,0,0
3186,801,1026,3,17.06,0,0,0
3187,2665,62,2,19.78,0,0,0
3188,1089,1415,5,25.02,0,0,0
3189,1921,1545,3,20.02,0,0,0
3190,2105,1355,3,26.37,0,0,0
3191,1056,438,3,15.45,0,0,0
3192,284,921,1,12.96,0,0,0
3193,2230,1113,4,17.84,1,0,0
3194,1676,1068,1,13.35,0,0,0
3195,1023,48,4,28.54,0,1,0
3196,2771,718,2,19.69,0,0,0
3197,694,1770,2,25.96,1,0,0
3198,1620,1687,4,17.61,0,0,1
3199,1344,179,1,12.59,0,0,0
3200,2216,1497,2,22.09,0,0,1
3201,1278,1636,3,18.85,0,0,0
3202,631,691,2,25.55,0,0,0
3203,1326,358,3,24.7,0,0,0
3204,827,1681,1,17.16,0,0,0
3205,1710,786,2,12.18,0,0,0
3206,1674,888,5,18.93,0,0,0
3207,2933,924,3,21.58,0,0,0
3208,1336,428,4,26.2,0,0,0
3209,2333,72,3,13.58,1,0,0
3210,975,888,2,16.66,0,0,0
3211,100,512,1,14.37,0,0,0
3212,1950,83,2,14.2,1,0,1
3213,2345,278,1,9.28,0,0,0
3214,1460,127,2,12.93,0,0,1
3215,1076,1409,3,14.48,1,0,1
3216,615,4,3,16.15,1,0,0
3217,1667,1153,2,17.87,1,0,0
3218,809,810,4,21.96,0,0,0
3219,1787,926,1,13.03,0,0,0
3220,2550,1574,3,24.45,1,0,0
3221,2246,112,1,18.77,0,0,0
3222,317,388,2,12.79,0,0,0
3223,1984,1026,2,14.74,0,0,0
3224,2285,1700,3,26.6,0,0,0
3225,1578,1707,3,19.26,0,0,0
3226,2568,641,6,26.18,0,0,0
3227,2024,1456,3,25.16,1,0,0
3228,2936,309,1,9.6,0,0,0
3229,1056,438,1,13.13,0,0,0
3230,2785,665,4,30.11,0,1,1
3231,2508,557,1,12.39,1,0,0
3232,293,674,2,21.6,0,0,0
3233,316,151,2,16.31,0,0,0
3234,2623,1799,2,18.63,1,0,0
3235,962,920,3,20.72,0,0,0
3236,559,1453,2,22.93,0,0,0
3237,2237,1796,2,16.56,1,0,0
3238,1844,205,3,17.82,0,0,0
3239,362,792,3,20.28,1,0,0
3240,342,1633,2,17.51,0,0,0
3241,1769,249,2,12.94,0,0,0
3242,2416,1233,2,18.6,1,0,0
3243,1111,72,2,20.32,1,0,0
3244,753,1504,3,21.15,1,0,0
3245,1129,1681,3,27.65,1,0,0
3246,1107,1168,2,16.86,0,0,0
3247,210,110,1,15.54,0,0,0
3248,14,814,2,19.6,0,0,0
3249,866,925,1,12.29,0,0,0
3250,1343,848,4,26.81,1,0,1
3251,61,1551,2,16.98,0,0,0
3252,2716,701,2,10.06,1,0,0
3253,759,580,2,9.71,0,0,0
3254,1432,647,2,17.94,0,0,1
3255,2917,1343,1,11.48,0,0,0
3256,2135,726,2,22.11,0,0,0
3257,2845,254,3,21.15,0,0,0
3258,1574,1642,4,23.02,0,0,0
3259,1512,1124,1,8.17,0,0,1
3260,2975,707,2,14.31,0,0,0
3261,437,348,1,17.11,0,0,0
3262,2403,1660,3,19.43,0,0,0
3263,2617,1022,2,14.15,0,0,0
3264,1461,236,3,20.55,1,0,0
3265,1046,395,5,23.42,0,0,1
3266,2068,305,4,21.66,0,0,0
3267,1398,617,2,16.79,1,0,1
3268,2545,1071,2,18.93,0,0,0
3269,1571,1528,4,23.6,0,0,0
3270,2133,1566,1,18.7,1,0,0
3271,1964,8,1,11.19,1,0,0
3272,1036,660,3,20.79,0,0,1
3273,728,1794,1,15.69,0,0,0
3274,1041,1304,2,19.28,0,0,0
3275,2116,493,2,23.14,0,0,1
3276,891,883,3,21.59,0,0,0
3277,2514,1294,4,17.41,1,0,0
3278,1037,152,4,25.86,0,0,0
3279,1541,692,4,23.24,0,0,0
3280,1569,415,1,10.03,1,0,1
3281,219,1216,1,11.3,0,0,0
3282,1551,844,4,17.21,0,0,0
3283,676,432,3,20.31,0,0,0
3284,1168,934,3,17.31,0,0,0
3285,185,1162,1,13.66,0,0,0
3286,2440,850,2,19.77,0,0,0
3287,1513,300,4,24.03,0,0,1
3288,2047,234,4,22.98,0,0,0
3289,1436,1782,2,12.86,0,0,0
3290,499,184,3,14.09,0,0,0
3291,1449,1509,2,17.88,1,0,1
3292,1091,1038,1,16.76,0,0,0
3293,2372,347,1,21.46,0,0,0
3294,503,900,1,16.28,0,0,0
3295,776,732,4,22.05,0,0,0
3296,929,1326,1,13.39,0,0,0
3297,1210,78,1,12.84,0,0,0
3298,1348,1651,4,23.36,1,0,0
3299,1293,115,4,21.08,1,0,0
3300,918,1641,2,19.16,1,0,0
3301,1000,419,3,22.3,0,0,0
3302,797,343,3,20.08,0,0,1
3303,1065,1770,3,21.22,0,0,1
3304,2217,1779,2,18.9,1,0,1
3305,2816,71,1,19.76,1,0,0
3306,1926,497,1,11.93,0,0,0
3307,2225,988,1,14.98,0,0,0
3308,324,1208,2,19.08,0,0,0
3309,181,207,2,17.33,1,0,0
3310,2453,259,4,28.12,0,1,0
3311,226,1209,2,20.51,0,0,1
3312,2309,46,4,20.74,0,0,0
3313,696,77,2,20.27,0,0,0
3314,2426,1381,2,12.9,1,0,0
3315,143,1441,2,22.41,0,0,0
3316,1322,1291,2,27.32,0,0,1
3317,1812,1238,1,16.82,0,0,1
3318,971,11,1,19.14,0,0,0
3319,1797,1799,3,23.03,0,0,0
3320,1132,61,3,22.81,0,0,0
3321,2389,1087,1,14.25,0,0,1
3322,1365,84,1,14.68,1,0,0
3323,2939,43,2,18.64,0,0,1
3324,1738,204,1,11.11,0,0,0
3325,168,1417,3,20.96,0,0,1
3326,837,1389,1,18.99,0,0,0
3327,1881,409,3,18.75,0,0,0
3328,2424,751,3,21.2,0,0,0
3329,2424,751,3,22.36,0,0,0
3330,2790,860,1,11.56,0,0,0
3331,2499,1370,2,18.91,0,0,0
3332,30,1416,1,16.73,1,0,0
3333,2590,1428,2,17.63,0,0,1
3334,2485,1480,4,28.8,1,1,0
3335,1949,241,2,13.34,0,0,0
3336,296,1115,2,12.5,0,0,0
3337,86,1256,3,23.8,0,0,1
3338,2636,362,4,21.8,0,0,0
3339,608,909,2,18.13,0,0,0
3340,2430,1101,5,27.34,0,0,1
3341,484,831,2,20.35,0,0,1
3342,352,387,3,17.05,1,0,1
3343,1603,1617,1,19.71,0,0,0
3344,527,1301,2,20.65,0,0,0
3345,2469,802,4,28.22,0,1,1
3346,2647,898,2,15.58,0,0,0
3347,974,817,1,18.95,0,0,0
3348,181,207,3,21.86,0,0,0
3349,2982,1202,4,26.52,0,0,1
3350,2564,1591,2,18.5,0,0,1
3351,1071,1238,3,20.94,0,0,0
3352,298,1334,4,20.93,0,0,1
3353,1314,616,1,8.93,0,0,0
3354,797,343,3,20.66,0,0,0
3355,2338,1600,1,13.36,0,0,0
3356,523,376,4,22.05,1,0,1
3357,1784,1309,2,15.94,0,0,0
3358,2305,765,1,13.05,0,0,0
3359,1971,538,1,13.16,0,0,0
3360,2175,689,1,13.21,0,0,0
3361,2626,438,1,9.2,0,0,0
3362,2183,1163,2,25.18,0,0,1
3363,1672,1158,4,23.7,0,0,0
3364,7,33,1,16.91,0,0,0
3365,1110,66,2,20.37,0,0,0
3366,2515,301,2,18.35,1,0,1
3367,2871,1070,1,15.67,0,0,0
3368,1107,1168,1,18.35,0,0,0
3369,189,1341,3,21.16,0,0,0
3370,503,900,2,18.36,0,0,0
3371,1712,251,2,17.88,1,0,0
3372,2526,1347,3,17.19,0,0,0
3373,863,917,1,19.14,0,0,0
3374,1938,1628,1,19.34,0,0,0
3375,2963,1353,3,22.3,0,0,0
3376,47,144,2,16.84,0,0,0
3377,791,542,1,20.51,0,0,0
3378,1911,100,1,10.46,0,0,0
3379,2919,1046,4,28.31,0,1,0
3380,786,1774,1,13.11,0,0,0
3381,1951,200,1,12.02,0,0,0
3382,823,911,2,18.68,0,0,0
3383,2222,254,3,14.62,0,0,0
3384,2123,504,5,22.75,0,0,0
3385,350,1031,2,11.49,0,0,0
3386,472,784,4,19.53,0,0,0
3387,947,823,2,17.15,0,0,0
3388,991,995,4,22.46,0,0,0
3389,1040,833,2,19.59,0,0,0
3390,1915,69,1,3.44,1,0,0
3391,1319,531,1,17.78,0,0,0
3392,2967,591,2,15.15,0,0,1
3393,694,1770,4,24.16,1,0,0
3394,1417,628,1,11.41,0,0,0
3395,1831,693,4,22.4,0,0,0
3396,1759,1100,2,19.22,0,0,0
3397,1540,1511,3,18.12,0,0,0
3398,2638,1242,4,22.17,0,0,1
3399,1506,1348,3,14.62,0,0,0
3400,668,918,3,24.5,0,0,0
3401,1941,630,4,23.95,0,0,0
3402,1354,283,4,20.57,0,0,0
3403,1801,1481,2,11.89,0,0,0
3404,1144,508,3,21.46,0,0,0
3405,562,1772,1,12.6,0,0,1
3406,2484,996,4,24.33,0,0,0
3407,2221,691,3,19.05,0,0,1
3408,2321,886,2,10.36,0,0,0
3409,2970,906,2,18.16,0,0,0
3410,2875,1717,2,19.09,1,0,1
3411,420,830,1,14.25,0,0,1
3412,1085,561,2,12.24,1,0,1
3413,269,1767,2,16.45,1,0,0
3414,83,1602,2,25.93,0,0,0
3415,1375,1230,1,17.82,0,0,1
3416,1424,295,3,21.71,0,0,0
3417,2211,698,2,19.55,0,0,0
3418,2527,358,3,23.44,1,0,0
3419,2763,212,3,22.42,0,0,0
3420,1590,359,3,20.52,0,0,0
3421,2649,544,5,28.89,1,1,0
3422,2147,1586,2,15.28,0,0,1
3423,1704,36,1,17.91,0,0,1
3424,2465,332,2,16.14,0,0,0
3425,414,224,4,23.19,0,0,0
3426,1797,1799,3,18.39,0,0,1
3427,110,878,3,21.2,0,0,0
3428,1228,1240,2,17.83,0,0,1
3429,2147,1586,3,22.89,0,0,1
3430,2217,1779,4,25.29,0,0,0
3431,858,1305,1,8.63,0,0,0
3432,2812,95,2,20.14,1,0,1
3433,2988,1179,1,13.61,0,0,0
3434,2422,1379,1,14.53,0,0,0
3435,2773,83,4,23.69,1,0,0
3436,1594,786,1,11.45,0,0,0
3437,175,1225,2,16.81,0,0,0
3438,1379,1104,3,18.32,1,0,0
3439,218,1642,4,22.44,0,0,0
3440,2198,724,2,23.12,0,0,0
3441,2296,796,2,21.6,0,0,1
3442,1108,754,5,33.34,0,1,0
3443,1750,1632,3,15.57,0,0,0
3444,2538,1450,2,20.24,0,0,1
3445,214,1232,2,16.19,0,0,0
3446,261,454,4,18.63,0,0,0
3447,1247,1514,1,16.65,0,0,1
3448,694,1770,3,21.43,0,0,0
3449,2466,1462,3,27.29,1,0,0
3450,1544,113,2,24.17,0,0,0
3451,369,1703,1,10.68,0,0,1
3452,2774,782,1,23.42,0,0,0
3453,1130,843,2,21.03,0,0,0
3454,2585,894,4,27.34,0,0,0
3455,485,543,3,15.7,0,0,0
3456,2598,538,3,22.71,0,0,0
3457,2047,234,2,18.48,1,0,1
3458,2052,316,1,17.92,0,0,0
3459,2175,689,1,12.88,0,0,0
3460,1588,690,2,21.17,0,0,1
3461,636,1203,4,25.01,0,0,1
3462,1384,1017,1,8.31,0,0,0
3463,1855,73,3,22.01,0,0,0
3464,1561,1126,2,17.13,0,0,1
3465,1807,17,2,12.26,0,0,0
3466,1544,113,2,21.39,0,0,0
3467,2895,1742,2,17.21,1,0,1
3468,2399,1246,1,15.92,0,0,1
3469,1092,1037,3,13.76,0,0,1
3470,999,798,3,17.01,0,0,0
3471,1118,909,2,18.12,1,0,0
3472,2580,682,2,20.05,0,0,0
3473,2666,1247,1,9.83,0,0,0
3474,1896,1705,1,17.02,0,0,0
3475,2674,528,2,21.01,0,0,0
3476,812,808,1,18.98,1,0,0
3477,1970,1654,3,17.79,0,0,1
3478,975,888,3,11.79,1,0,1
3479,2383,1459,1,24.6,0,0,1
3480,2896,327,2,14.06,0,0,0
3481,212,777,3,16.84,0,0,0
3482,2926,1256,3,14.14,0,0,0
3483,2257,73,2,16.28,0,0,0
3484,2880,114,1,16.9,0,0,0
3485,2392,1501,1,14.73,0,0,0
3486,125,1146,2,15.95,0,0,0
3487,1677,136,2,13.0,1,0,0
3488,1339,1096,1,14.89,0,0,0
3489,2008,334,1,14.52,0,0,0
3490,2788,1362,2,21.04,0,0,0
3491,1620,1687,2,19.1,1,0,0
3492,1440,925,2,16.47,0,0,0
3493,1933,315,2,15.83,0,0,0
3494,247,9,3,24.42,0,0,0
3495,1058,454,2,23.15,0,0,0
3496,1196,491,4,21.03,1,0,0
3497,695,205,5,25.08,0,0,0
3498,1482,288,3,20.86,0,0,1
3499,1476,475,3,20.71,0,0,0
3500,2270,1042,3,22.88,0,0,1
3501,2633,1118,3,15.32,0,0,0
3502,2596,782,2,17.94,0,0,0
3503,2154,1703,3,23.17,0,0,0
3504,1034,1284,1,16.56,0,0,1
3505,241,1533,2,17.37,0,0,0
3506,372,1285,4,21.75,1,0,1
3507,211,1104,1,17.5,0,0,1
3508,1245,1375,3,14.18,0,0,0
3509,464,1703,2,16.92,0,0,0
3510,2723,252,2,14.56,0,0,0
3511,1153,308,2,22.17,0,0,0
3512,2477,1333,1,15.31,0,0,0
3513,1274,188,2,14.18,0,0,0
3514,703,1013,2,17.58,0,0,1
3515,2320,1648,2,20.73,0,0,1
3516,634,1433,1,13.37,1,0,0
3517,942,1148,4,18.68,0,0,0
3518,2026,1212,1,9.32,0,0,0
3519,470,1058,1,16.3,1,0,0
3520,378,1612,2,16.87,0,0,1
3521,1322,1291,2,13.37,0,0,0
3522,992,957,5,31.28,0,1,0
3523,167,1702,2,20.89,1,0,0
3524,378,1612,1,14.66,0,0,0
3525,1567,820,2,28.15,0,1,0
3526,1733,277,1,19.28,0,0,1
3527,355,1090,2,16.44,0,0,0
3528,1598,774,1,9.51,0,0,0
3529,2642,1422,2,14.31,0,0,0
3530,1921,1545,1,10.83,1,0,0
3531,70,224,2,13.97,0,0,0
3532,2831,103,4,12.67,0,0,0
3533,133,1473,4,28.37,0,1,0
3534,352,387,3,18.96,1,0,0
3535,309,1771,3,15.58,0,0,0
3536,443,1762,2,23.14,0,0,0
3537,2877,838,2,13.03,0,0,0
3538,1243,960,2,13.53,1,0,0
3539,229,1439,1,14.93,1,0,0
3540,2927,378,1,21.17,0,0,0
3541,2122,205,3,20.01,0,0,0
3542,2418,943,1,18.01,0,0,0
3543,1249,1480,3,20.98,0,0,0
3544,273,1229,2,22.79,0,0,0
3545,987,177,3,18.12,1,0,0
3546,2368,147,5,30.02,0,1,0
3547,220,694,2,17.12,0,0,0
3548,1192,503,1,16.01,0,0,0
3549,2651,867,2,23.9,1,0,0
3550,1133,258,2,21.6,0,0,0
3551,246,943,1,20.87,0,0,0
3552,2631,560,4,22.61,1,0,0
3553,1609,1575,2,16.22,0,0,0
3554,2446,228,1,15.35,0,0,0
3555,1086,1664,1,13.43,0,0,0
3556,1929,1254,3,19.0,0,0,0
3557,1875,863,2,18.72,0,0,0
3558,11,641,3,26.84,0,0,0
3559,985,1313,4,19.26,0,0,1
3560,183,1603,1,14.34,0,0,1
3561,2669,1565,2,20.78,0,0,0
3562,2004,1208,4,22.58,0,0,0
3563,1237,1601,1,9.92,0,0,1
3564,789,27,1,23.22,0,0,1
3565,1406,606,2,16.42,0,0,0
3566,2935,1233,1,18.1,0,0,0
3567,1095,869,4,23.67,0,0,1
3568,416,1628,1,9.55,0,0,0
3569,656,1793,1,14.02,0,0,1
3570,606,234,3,20.4,0,0,0
3571,1203,296,1,15.55,0,0,0
3572,1588,690,4,23.49,0,0,1
3573,1346,949,2,22.69,0,0,0
3574,2579,1321,1,14.3,0,0,1
3575,830,1575,4,22.59,0,0,1
3576,1885,1610,1,14.83,0,0,0
3577,1078,445,4,20.05,0,0,0
3578,2623,1799,3,25.42,0,0,1
3579,2175,689,2,21.4,0,0,0
3580,448,737,1,21.74,0,0,0
3581,477,1205,3,15.93,0,0,0
3582,871,1404,1,21.38,0,0,0
3583,172,1269,2,15.18,0,0,0
3584,447,477,2,22.36,0,0,0
3585,1049,662,3,25.38,1,0,1
3586,407,9,2,17.95,1,0,0
3587,1825,1478,2,18.56,0,0,0
3588,136,1393,4,23.63,0,0,1
3589,1778,190,1,13.72,0,0,0
3590,435,949,3,21.43,0,0,0
3591,2444,413,4,23.48,1,0,0
3592,2152,634,4,24.07,0,0,0
3593,2667,1288,2,26.11,1,0,1
3594,305,77,1,18.62,1,0,1
3595,2744,1674,2,19.33,0,0,0
3596,355,1090,2,17.69,0,0,0
3597,1753,547,1,12.34,0,0,1
3598,445,745,3,18.27,0,0,0
3599,729,965,1,16.25,0,0,0
3600,200,950,4,26.63,0,0,0
3601,2254,1751,3,17.86,0,0,0
3602,1255,513,1,16.72,0,0,1
3603,377,922,4,21.93,1,0,0
3604,2260,968,1,10.26,0,0,0
3605,1270,786,1,12.71,0,0,1
3606,1963,150,3,24.62,0,0,1
3607,1884,1642,3,17.73,1,0,0
3608,918,1641,5,22.65,0,0,1
3609,2477,1333,3,20.29,0,0,0
3610,1311,635,3,19.42,0,0,0
3611,1064,7,1,13.04,0,0,0
3612,476,1331,2,14.18,0,0,0
3613,1443,1380,2,18.29,1,0,0
3614,89,333,3,13.16,1,0,0
3615,2591,774,2,18.02,1,0,0
3616,2128,586,2,18.0,0,0,1
3617,230,19,4,20.93,0,0,1
3618,207,1672,1,18.56,0,0,1
3619,749,1192,2,14.65,0,0,0
3620,2024,1456,3,22.86,1,0,1
3621,2790,860,3,24.28,0,0,0
3622,725,817,1,19.38,0,0,0
3623,2965,1104,3,18.02,0,0,0
3624,884,1754,3,17.92,0,0,0
3625,302,757,1,10.63,0,0,0
3626,2009,1289,2,16.64,1,0,0
3627,1053,1799,2,22.28,0,0,0
3628,1626,1626,1,23.11,0,0,0
3629,680,1373,2,17.57,0,0,0
3630,687,1687,1,20.27,0,0,0
3631,2182,1480,2,22.52,0,0,0
3632,1253,809,4,25.14,1,0,1
3633,2881,290,2,19.0,0,0,0
3634,2595,1418,2,22.19,0,0,0
3635,1332,135,1,5.3,0,0,0
3636,1630,123,4,25.19,0,0,1
3637,2693,644,4,23.32,0,0,0
3638,795,1465,1,19.43,0,0,0
3639,1634,1104,2,19.0,1,0,0
3640,1013,1283,3,19.86,0,0,0
3641,1637,715,3,17.7,0,0,1
3642,2528,857,3,14.95,0,0,0
3643,116,844,2,17.88,1,0,1
3644,1509,551,2,16.7,0,0,1
3645,599,1457,2,18.83,0,0,0
3646,1233,78,2,14.84,0,0,0
3647,963,1049,3,24.15,0,0,1
3648,2151,289,2,22.68,0,0,1
3649,682,697,1,19.27,0,0,0
3650,765,1485,3,17.43,1,0,0
3651,1132,61,1,17.96,1,0,1
3652,223,1475,2,23.1,0,0,0
3653,511,280,4,23.71,0,0,0
3654,62,1174,2,20.29,0,0,0
3655,185,1162,1,15.18,1,0,0
3656,1028,1594,1,17.38,0,0,0
3657,2030,1570,1,14.04,0,0,0
3658,164,457,2,14.43,0,0,0
3659,1194,1287,1,15.1,0,0,0
3660,2898,32,2,25.82,1,0,1
3661,807,1266,2,20.5,0,0,0
3662,2171,1068,2,22.18,0,0,0
3663,2512,1777,1,12.61,0,0,0
3664,1703,1106,2,17.82,0,0,1
3665,1113,1101,2,18.62,1,0,0
3666,474,134,2,20.0,0,0,0
3667,248,494,3,17.24,1,0,0
3668,1303,1386,3,19.23,0,0,0
3669,2717,844,5,35.06,0,1,0
3670,2167,238,2,16.14,1,0,1
3671,1688,1648,1,16.37,0,0,0
3672,602,1362,1,14.48,0,0,1
3673,2965,1104,4,27.78,0,0,0
3674,988,1241,2,17.72,0,0,0
3675,1369,1198,2,12.39,0,0,0
3676,2551,961,2,17.56,0,0,0
3677,2034,280,2,20.84,0,0,1
3678,1452,1559,1,12.67,1,0,0
3679,1267,1377,3,19.19,0,0,0
3680,1511,808,1,19.06,0,0,0
3681,2255,781,2,13.59,0,0,0
3682,2559,1653,2,17.57,0,0,0
3683,1025,547,1,25.19,0,0,0
3684,697,31,4,28.19,0,1,1
3685,160,116,2,17.41,1,0,0
3686,2239,44,1,13.1,0,0,0
3687,2626,438,1,11.58,0,0,0
3688,2558,879,1,14.42,0,0,0
3689,2852,59,2,21.16,1,0,0
3690,342,1633,3,20.54,0,0,0
3691,268,34,2,18.5,0,0,0
3692,2991,1664,2,14.73,1,0,0
3693,2020,1419,1,8.9,0,0,0
3694,1216,308,2,16.17,0,0,1
3695,2947,1578,2,15.54,1,0,0
3696,2906,217,3,21.18,1,0,1
3697,284,921,1,11.88,0,0,0
3698,2904,366,1,12.38,0,0,0
3699,1358,791,3,18.15,0,0,0
3700,1505,1458,3,24.77,0,0,0
3701,2101,1456,4,21.71,1,0,1
3702,2406,791,2,17.96,0,0,0
3703,2073,1268,2,28.38,0,1,1
3704,512,952,1,20.89,0,0,0
3705,2087,1265,5,22.29,0,0,0
3706,2676,1746,3,21.59,1,0,0
3707,2842,1666,3,19.38,0,0,0
3708,1,718,2,22.13,0,0,0
3709,2532,1775,1,15.08,1,0,0
3710,417,187,3,18.25,0,0,1
3711,2876,153,5,30.55,0,1,0
3712,2495,919,5,25.15,0,0,0
3713,1021,902,3,19.66,0,0,0
3714,426,450,4,24.24,0,0,0
3715,122,340,2,21.8,1,0,1
3716,1865,563,2,14.42,0,0,0
3717,2381,1291,2,14.67,0,0,0
3718,1778,190,1,9.89,0,0,0
3719,1389,1256,2,17.84,0,0,0
3720,2487,848,2,17.44,0,0,0
3721,2959,1581,2,14.4,0,0,0
3722,550,1602,1,15.49,0,0,0
3723,2071,1022,2,18.07,0,0,0
3724,1237,1601,1,16.94,0,0,0
3725,1559,1554,1,14.22,0,0,1
3726,872,447,1,13.17,0,0,0
3727,961,1014,2,20.15,0,0,0
3728,1447,327,3,22.28,1,0,0
3729,2815,281,4,24.22,0,0,0
3730,2051,1317,3,22.55,0,0,0
3731,1447,327,4,17.59,0,0,0
3732,2988,1179,4,24.69,1,0,0
3733,884,1754,1,14.03,1,0,0
3734,716,860,1,16.93,0,0,1
3735,2328,1130,2,21.02,0,0,1
3736,106,344,4,23.77,1,0,0
3737,2649,544,3,19.2,0,0,0
3738,1025,547,3,21.4,0,0,1
3739,216,1146,1,15.78,1,0,1
3740,67,785,3,20.17,0,0,0
3741,436,233,1,13.78,0,0,0
3742,1480,370,2,25.57,0,0,0
3743,2948,1703,3,18.03,0,0,0
3744,1589,1617,1,19.21,0,0,0
3745,2022,1359,1,15.41,1,0,0
3746,1192,503,2,18.85,0,0,0
3747,1330,1348,2,12.89,0,0,0
3748,635,926,1,12.97,0,0,0
3749,1245,1375,2,15.62,0,0,1
3750,1651,1789,1,13.67,0,0,0
3751,1017,1140,2,17.62,0,0,0
3752,1782,1335,2,18.65,0,0,0
3753,1225,1744,1,15.14,0,0,0
3754,598,417,2,16.93,0,0,0
3755,2678,1727,1,15.47,0,0,0
3756,152,189,2,21.07,0,0,0
3757,2989,1348,2,20.04,0,0,0
3758,2134,771,4,18.39,1,0,0
3759,2931,142,2,17.52,0,0,0
3760,1991,903,1,17.69,1,0,0
3761,437,348,2,21.03,1,0,0
3762,1052,972,1,15.08,0,0,0
3763,2926,1256,2,17.97,1,0,1
3764,2679,890,1,14.93,0,0,0
3765,1975,1095,2,14.62,0,0,0
3766,191,891,2,17.78,1,0,1
3767,1777,439,1,9.34,0,0,1
3768,1848,972,1,15.86,0,0,0
3769,2429,1513,1,12.05,0,0,1
3770,1950,83,2,17.57,1,0,1
3771,1730,234,2,15.47,1,0,0
3772,829,367,2,20.77,0,0,1
3773,1854,1314,1,13.17,0,0,0
3774,1078,445,4,24.91,0,0,1
3775,1521,683,3,13.8,0,0,0
3776,2460,626,4,24.63,0,0,0
3777,931,50,2,17.41,1,0,0
3778,534,792,2,18.14,0,0,0
3779,2975,707,1,16.36,1,0,0
3780,924,460,4,22.6,0,0,0
3781,1574,1642,3,23.74,0,0,1
3782,1638,853,1,11.83,1,0,1
3783,1084,557,1,12.38,0,0,0
3784,146,903,2,13.68,0,0,0
3785,767,1398,2,17.29,1,0,0
3786,2630,1275,3,20.35,0,0,0
3787,712,163,2,20.4,0,0,0
3788,2957,1240,2,13.3,0,0,1
3789,2009,1289,2,16.72,0,0,0
3790,2943,857,2,17.88,0,0,1
3791,2977,1005,4,21.04,0,0,0
3792,563,1216,3,25.96,1,0,0
3793,2853,1146,2,16.44,0,0,0
3794,783,1650,1,9.42,0,0,1
3795,1590,359,5,24.46,0,0,0
3796,813,702,1,15.44,1,0,1
3797,15,617,1,18.11,0,0,0
3798,1159,1492,2,15.08,0,0,0
3799,2722,1473,1,18.68,0,0,1
3800,1595,1713,5,26.23,0,0,0
